{
"type": "FeatureCollection",
"name": "Bankruptcy_Courts",
"crs": { "type": "name", "properties": { "name": "urn:ogc:def:crs:OGC:1.3:CRS84" } },
"features": [
{ "type": "Feature", "properties": { "COURT_ID": "1", "COURT_NAME": "First Bankruptcy Court", "area_sq_km": 271875.8166891908, "source": "Derived from Courts of Appeals Circuits", "source_data": "US Census Bureau TIGER/Line", "date_created": "2025-10-08T00:00:00", "created_by": "District-Maps Project", "notes": "Bankruptcy courts follow same boundaries as Appeals circuits" }, "geometry": { "type": "MultiPolygon", "coordinates": [ [ [ [ -65.23801, 18.319312 ], [ -65.221416, 18.321554 ], [ -65.222961, 18.310498 ], [ -65.23801, 18.319312 ] ] ], [ [ [ -65.339065, 18.349888 ], [ -65.277283, 18.332433 ], [ -65.244642, 18.304488 ], [ -65.26314, 18.289726 ], [ -65.30233, 18.309526 ], [ -65.28077, 18.288385 ], [ -65.287304, 18.278247 ], [ -65.329837, 18.324606 ], [ -65.339065, 18.349888 ] ] ], [ [ [ -65.255166, 18.342086 ], [ -65.260157, 18.33464 ], [ -65.266694, 18.341634 ], [ -65.255166, 18.342086 ] ] ], [ [ [ -65.577015, 18.119722 ], [ -65.395965, 18.162302 ], [ -65.267713, 18.134003 ], [ -65.346418, 18.11103 ], [ -65.361873, 18.130666 ], [ -65.451826, 18.086564 ], [ -65.532844, 18.080144 ], [ -65.577144, 18.102258 ], [ -65.577015, 18.119722 ] ] ], [ [ [ -65.338979, 18.309253 ], [ -65.327822, 18.308791 ], [ -65.328942, 18.295349 ], [ -65.338979, 18.309253 ] ] ], [ [ [ -65.571572, 18.350662 ], [ -65.564794, 18.347907 ], [ -65.567839, 18.343893 ], [ -65.571572, 18.350662 ] ] ], [ [ [ -65.571144, 18.376109 ], [ -65.568452, 18.378747 ], [ -65.567775, 18.378038 ], [ -65.571144, 18.376109 ] ] ], [ [ [ -65.580154, 18.247653 ], [ -65.575767, 18.249155 ], [ -65.579433, 18.246377 ], [ -65.580154, 18.247653 ] ] ], [ [ [ -65.58561, 18.256473 ], [ -65.597905, 18.247743 ], [ -65.60046, 18.254858 ], [ -65.58561, 18.256473 ] ] ], [ [ [ -65.583866, 18.386585 ], [ -65.592124, 18.385015 ], [ -65.593029, 18.391488 ], [ -65.583866, 18.386585 ] ] ], [ [ [ -67.268899, 18.355583 ], [ -67.157294, 18.417841 ], [ -67.163276, 18.488083 ], [ -67.090469, 18.516023 ], [ -66.709911, 18.471951 ], [ -66.621441, 18.493081 ], [ -66.466359, 18.469023 ], [ -66.39827, 18.492584 ], [ -66.184263, 18.475641 ], [ -66.107757, 18.427517 ], [ -66.081664, 18.443825 ], [ -66.12403, 18.471557 ], [ -66.023155, 18.443889 ], [ -65.979344, 18.459454 ], [ -65.897114, 18.451071 ], [ -65.814779, 18.409387 ], [ -65.789576, 18.421274 ], [ -65.796105, 18.404438 ], [ -65.770432, 18.413106 ], [ -65.743097, 18.380365 ], [ -65.674962, 18.362605 ], [ -65.618436, 18.387502 ], [ -65.636246, 18.288436 ], [ -65.590348, 18.228147 ], [ -65.61099, 18.211576 ], [ -65.627891, 18.235531 ], [ -65.632758, 18.200569 ], [ -65.733354, 18.181802 ], [ -65.801733, 18.058716 ], [ -65.83825, 18.054005 ], [ -65.835938, 18.013217 ], [ -65.916368, 17.976192 ], [ -66.016431, 17.980035 ], [ -66.047483, 17.953194 ], [ -66.080844, 17.966716 ], [ -66.155765, 17.929201 ], [ -66.208133, 17.932383 ], [ -66.175308, 17.948715 ], [ -66.206667, 17.963151 ], [ -66.288297, 17.94264 ], [ -66.320661, 17.978452 ], [ -66.386202, 17.938208 ], [ -66.464695, 17.990886 ], [ -66.579019, 17.961722 ], [ -66.725262, 17.99213 ], [ -66.756566, 17.975739 ], [ -66.767464, 18.006869 ], [ -66.836074, 17.950598 ], [ -66.902501, 17.94906 ], [ -66.925211, 17.973153 ], [ -66.909274, 17.952403 ], [ -66.92413, 17.926674 ], [ -66.95724, 17.931422 ], [ -66.986802, 17.970567 ], [ -67.065203, 17.975573 ], [ -67.102911, 17.946296 ], [ -67.180586, 17.964435 ], [ -67.186055, 17.931152 ], [ -67.215079, 17.982932 ], [ -67.171792, 18.021401 ], [ -67.209816, 18.036242 ], [ -67.184063, 18.069995 ], [ -67.199394, 18.091108 ], [ -67.185266, 18.164908 ], [ -67.153315, 18.206046 ], [ -67.19556, 18.289707 ], [ -67.236441, 18.301441 ], [ -67.268899, 18.355583 ] ] ], [ [ [ -65.59884, 18.212808 ], [ -65.604329, 18.210864 ], [ -65.604838, 18.213663 ], [ -65.59884, 18.212808 ] ] ], [ [ [ -66.137473, 18.472186 ], [ -66.13556, 18.466571 ], [ -66.137294, 18.466622 ], [ -66.137473, 18.472186 ] ] ], [ [ [ -66.521821, 17.898435 ], [ -66.513977, 17.893911 ], [ -66.529902, 17.883959 ], [ -66.521821, 17.898435 ] ] ], [ [ [ -71.362911, 41.461746 ], [ -71.316519, 41.47756 ], [ -71.328031, 41.518848 ], [ -71.271862, 41.623986 ], [ -71.220331, 41.655572 ], [ -71.211822, 41.639103 ], [ -71.19564, 41.67509 ], [ -71.224798, 41.710498 ], [ -71.25956, 41.642595 ], [ -71.285502, 41.68243 ], [ -71.301396, 41.649978 ], [ -71.291217, 41.702666 ], [ -71.339456, 41.724841 ], [ -71.381287, 41.785303 ], [ -71.38105, 41.727324 ], [ -71.357282, 41.718188 ], [ -71.372988, 41.672575 ], [ -71.450198, 41.686459 ], [ -71.443541, 41.663019 ], [ -71.408621, 41.663168 ], [ -71.40377, 41.589321 ], [ -71.446412, 41.583215 ], [ -71.415513, 41.529858 ], [ -71.418404, 41.472652 ], [ -71.480875, 41.360248 ], [ -71.551566, 41.374423 ], [ -71.862772, 41.309791 ], [ -71.829384, 41.342413 ], [ -71.842563, 41.409855 ], [ -71.797683, 41.416709 ], [ -71.80065, 42.023569 ], [ -72.755838, 42.036195 ], [ -72.766739, 42.002995 ], [ -72.816741, 41.997595 ], [ -72.813541, 42.036494 ], [ -73.496879, 42.049675 ], [ -73.508142, 42.086257 ], [ -73.264957, 42.74594 ], [ -72.458519, 42.726853 ], [ -72.491122, 42.772465 ], [ -72.516082, 42.765949 ], [ -72.556214, 42.86695 ], [ -72.52443, 42.915575 ], [ -72.532186, 42.954945 ], [ -72.443762, 43.006245 ], [ -72.467363, 43.052648 ], [ -72.432972, 43.119655 ], [ -72.45714, 43.148493 ], [ -72.438693, 43.252905 ], [ -72.395462, 43.312994 ], [ -72.410353, 43.331675 ], [ -72.390103, 43.356926 ], [ -72.415978, 43.376531 ], [ -72.381723, 43.480091 ], [ -72.398563, 43.513435 ], [ -72.380146, 43.573624 ], [ -72.328514, 43.600805 ], [ -72.299564, 43.706277 ], [ -72.205143, 43.771141 ], [ -72.172714, 43.884254 ], [ -72.091413, 43.965452 ], [ -72.114726, 43.968332 ], [ -72.116985, 43.99448 ], [ -72.031841, 44.078542 ], [ -72.055141, 44.110417 ], [ -72.033412, 44.1311 ], [ -72.066166, 44.189773 ], [ -72.047889, 44.238493 ], [ -72.068432, 44.271296 ], [ -72.032816, 44.320446 ], [ -71.814351, 44.354541 ], [ -71.793924, 44.399271 ], [ -71.702186, 44.413828 ], [ -71.632795, 44.48389 ], [ -71.576765, 44.502618 ], [ -71.594259, 44.52168 ], [ -71.572004, 44.538224 ], [ -71.596137, 44.560898 ], [ -71.535397, 44.587113 ], [ -71.5622, 44.601592 ], [ -71.547226, 44.630355 ], [ -71.587365, 44.659715 ], [ -71.631883, 44.752463 ], [ -71.571315, 44.793339 ], [ -71.549741, 44.861458 ], [ -71.49491, 44.904299 ], [ -71.541324, 44.985071 ], [ -71.464555, 45.013637 ], [ -71.501088, 45.013349 ], [ -71.505091, 45.051465 ], [ -71.428828, 45.123881 ], [ -71.39781, 45.203553 ], [ -71.443883, 45.237061 ], [ -71.384917, 45.233351 ], [ -71.360664, 45.269835 ], [ -71.284396, 45.302434 ], [ -71.231122, 45.249712 ], [ -71.147906, 45.23928 ], [ -71.097772, 45.301906 ], [ -71.00905, 45.319022 ], [ -71.01081, 45.34725 ], [ -70.952377, 45.339097 ], [ -70.917904, 45.311924 ], [ -70.896898, 45.242031 ], [ -70.857042, 45.22916 ], [ -70.808613, 45.311606 ], [ -70.802745, 45.366556 ], [ -70.826033, 45.398408 ], [ -70.798028, 45.426706 ], [ -70.634661, 45.383608 ], [ -70.627459, 45.421633 ], [ -70.681156, 45.452176 ], [ -70.722845, 45.512772 ], [ -70.677166, 45.552166 ], [ -70.68772, 45.569355 ], [ -70.5584, 45.666671 ], [ -70.400404, 45.719834 ], [ -70.383552, 45.734869 ], [ -70.417674, 45.79457 ], [ -70.259117, 45.890755 ], [ -70.263313, 45.923832 ], [ -70.240177, 45.943729 ], [ -70.316936, 45.963456 ], [ -70.284571, 45.995384 ], [ -70.317596, 46.019492 ], [ -70.278334, 46.057019 ], [ -70.308967, 46.062464 ], [ -70.301076, 46.083254 ], [ -70.252413, 46.100625 ], [ -70.236714, 46.144937 ], [ -70.292736, 46.191599 ], [ -70.205719, 46.299865 ], [ -70.191498, 46.349961 ], [ -70.05695, 46.415155 ], [ -69.997086, 46.69523 ], [ -69.22442, 47.459686 ], [ -69.042702, 47.426651 ], [ -69.050252, 47.255876 ], [ -68.900085, 47.177719 ], [ -68.717867, 47.240919 ], [ -68.612411, 47.244803 ], [ -68.578551, 47.287551 ], [ -68.378678, 47.287561 ], [ -68.380334, 47.340242 ], [ -68.355171, 47.35707 ], [ -68.234604, 47.355035 ], [ -68.15515, 47.32542 ], [ -68.137059, 47.296068 ], [ -67.952269, 47.196142 ], [ -67.881302, 47.103913 ], [ -67.790515, 47.067921 ], [ -67.781095, 45.943032 ], [ -67.750422, 45.917898 ], [ -67.803908, 45.882895 ], [ -67.755068, 45.82367 ], [ -67.806598, 45.794723 ], [ -67.781892, 45.731189 ], [ -67.809833, 45.729274 ], [ -67.817892, 45.693705 ], [ -67.73035, 45.663239 ], [ -67.734605, 45.688987 ], [ -67.709466, 45.68138 ], [ -67.64581, 45.613597 ], [ -67.499444, 45.587014 ], [ -67.455406, 45.604665 ], [ -67.429716, 45.583773 ], [ -67.416462, 45.502147 ], [ -67.503771, 45.488522 ], [ -67.418747, 45.37726 ], [ -67.489333, 45.281282 ], [ -67.404629, 45.159926 ], [ -67.345585, 45.126392 ], [ -67.296174, 45.147952 ], [ -67.283619, 45.192022 ], [ -67.157919, 45.161004 ], [ -67.090786, 45.068721 ], [ -67.117688, 45.05673 ], [ -67.106234, 45.033107 ], [ -67.082074, 45.029608 ], [ -67.033474, 44.939923 ], [ -66.984466, 44.912557 ], [ -66.982403, 44.811466 ], [ -66.950569, 44.814539 ], [ -67.019719, 44.769634 ], [ -67.068919, 44.768959 ], [ -67.073439, 44.741957 ], [ -67.104095, 44.739928 ], [ -67.104352, 44.716848 ], [ -67.189427, 44.645533 ], [ -67.234275, 44.637201 ], [ -67.240761, 44.665766 ], [ -67.272848, 44.664075 ], [ -67.246373, 44.626384 ], [ -67.287346, 44.623997 ], [ -67.298449, 44.654377 ], [ -67.326182, 44.656715 ], [ -67.299176, 44.705705 ], [ -67.394777, 44.695003 ], [ -67.368269, 44.624672 ], [ -67.39145, 44.625351 ], [ -67.405492, 44.594236 ], [ -67.42734, 44.64108 ], [ -67.448968, 44.635499 ], [ -67.432569, 44.606909 ], [ -67.458448, 44.596694 ], [ -67.505804, 44.636837 ], [ -67.543368, 44.626554 ], [ -67.575056, 44.560659 ], [ -67.564718, 44.532068 ], [ -67.688055, 44.537254 ], [ -67.713077, 44.493553 ], [ -67.743353, 44.497418 ], [ -67.754843, 44.54691 ], [ -67.774001, 44.547438 ], [ -67.782363, 44.51497 ], [ -67.804518, 44.542675 ], [ -67.847776, 44.563 ], [ -67.865602, 44.526071 ], [ -67.851648, 44.484901 ], [ -67.868692, 44.465038 ], [ -67.891509, 44.48098 ], [ -67.877248, 44.454859 ], [ -67.898615, 44.395595 ], [ -67.916941, 44.461306 ], [ -67.937706, 44.410445 ], [ -67.970419, 44.470805 ], [ -68.027462, 44.482507 ], [ -67.958772, 44.398846 ], [ -67.983729, 44.384409 ], [ -68.023184, 44.408185 ], [ -68.014152, 44.385938 ], [ -68.049334, 44.33073 ], [ -68.076066, 44.347925 ], [ -68.077612, 44.388486 ], [ -68.092983, 44.370949 ], [ -68.11229, 44.401588 ], [ -68.121345, 44.478945 ], [ -68.161751, 44.501157 ], [ -68.154383, 44.478776 ], [ -68.194554, 44.47189 ], [ -68.180528, 44.475045 ], [ -68.211426, 44.52014 ], [ -68.223785, 44.465546 ], [ -68.260863, 44.488102 ], [ -68.294138, 44.471653 ], [ -68.267994, 44.461306 ], [ -68.280572, 44.451573 ], [ -68.354984, 44.458082 ], [ -68.36568, 44.435345 ], [ -68.337872, 44.421936 ], [ -68.318857, 44.444339 ], [ -68.247438, 44.433276 ], [ -68.174496, 44.345181 ], [ -68.188931, 44.307315 ], [ -68.230916, 44.287849 ], [ -68.317193, 44.294314 ], [ -68.28986, 44.250917 ], [ -68.333831, 44.221286 ], [ -68.404544, 44.253869 ], [ -68.430946, 44.298624 ], [ -68.398035, 44.376191 ], [ -68.354271, 44.400544 ], [ -68.392776, 44.435345 ], [ -68.430804, 44.396978 ], [ -68.425338, 44.498275 ], [ -68.473111, 44.486746 ], [ -68.462152, 44.379396 ], [ -68.483317, 44.388157 ], [ -68.479766, 44.45418 ], [ -68.499686, 44.414179 ], [ -68.565161, 44.39907 ], [ -68.545434, 44.355 ], [ -68.566203, 44.313007 ], [ -68.530867, 44.300438 ], [ -68.518984, 44.265216 ], [ -68.555111, 44.261301 ], [ -68.522786, 44.228099 ], [ -68.624572, 44.279183 ], [ -68.62425, 44.302107 ], [ -68.6894, 44.296695 ], [ -68.739313, 44.333174 ], [ -68.827197, 44.31216 ], [ -68.821767, 44.40894 ], [ -68.777817, 44.484965 ], [ -68.805863, 44.524292 ], [ -68.835098, 44.481404 ], [ -68.811092, 44.46614 ], [ -68.875153, 44.429898 ], [ -68.921613, 44.45664 ], [ -68.943733, 44.428367 ], [ -68.998384, 44.425586 ], [ -68.949883, 44.339993 ], [ -69.05923, 44.207913 ], [ -69.054546, 44.171542 ], [ -69.074203, 44.183545 ], [ -69.103438, 44.077947 ], [ -69.043403, 44.092164 ], [ -69.077056, 44.04225 ], [ -69.128052, 44.017309 ], [ -69.109855, 43.998325 ], [ -69.136, 44.000547 ], [ -69.125281, 43.977915 ], [ -69.162559, 43.999003 ], [ -69.212058, 43.931093 ], [ -69.273949, 43.914215 ], [ -69.267515, 43.943667 ], [ -69.283998, 43.958569 ], [ -69.317469, 43.940506 ], [ -69.304301, 43.962068 ], [ -69.325334, 43.970941 ], [ -69.327689, 43.945811 ], [ -69.375225, 43.924588 ], [ -69.330066, 43.971817 ], [ -69.350506, 43.983448 ], [ -69.366702, 43.964755 ], [ -69.36239, 43.993879 ], [ -69.428227, 43.957276 ], [ -69.437734, 43.975751 ], [ -69.50329, 43.837673 ], [ -69.543912, 43.881615 ], [ -69.551703, 43.834628 ], [ -69.572697, 43.844012 ], [ -69.592916, 43.811382 ], [ -69.594705, 43.858878 ], [ -69.621086, 43.826814 ], [ -69.638812, 43.847845 ], [ -69.655611, 43.781039 ], [ -69.690388, 43.825386 ], [ -69.677078, 43.926984 ], [ -69.721559, 43.782 ], [ -69.836799, 43.699735 ], [ -69.855081, 43.704746 ], [ -69.848683, 43.742163 ], [ -69.871116, 43.731644 ], [ -69.873401, 43.778384 ], [ -69.956255, 43.772367 ], [ -70.001273, 43.710388 ], [ -69.994618, 43.743537 ], [ -70.045006, 43.736668 ], [ -69.947206, 43.864473 ], [ -69.992717, 43.84836 ], [ -70.026193, 43.822587 ], [ -69.987725, 43.862927 ], [ -70.019197, 43.858733 ], [ -70.066598, 43.810525 ], [ -70.080548, 43.827601 ], [ -70.176023, 43.76079 ], [ -70.17544, 43.777113 ], [ -70.194269, 43.768601 ], [ -70.21471, 43.697329 ], [ -70.23199, 43.704822 ], [ -70.252961, 43.67501 ], [ -70.207491, 43.623483 ], [ -70.196911, 43.565146 ], [ -70.361214, 43.52919 ], [ -70.382928, 43.469674 ], [ -70.332836, 43.446432 ], [ -70.427672, 43.389254 ], [ -70.416311, 43.361059 ], [ -70.553854, 43.321886 ], [ -70.593907, 43.249295 ], [ -70.575787, 43.221859 ], [ -70.608783, 43.1756 ], [ -70.590391, 43.165168 ], [ -70.618973, 43.163625 ], [ -70.665958, 43.076234 ], [ -70.711535, 43.057975 ], [ -70.810069, 42.909549 ], [ -70.817731, 42.850613 ], [ -70.776083, 42.691264 ], [ -70.68463, 42.651813 ], [ -70.630077, 42.692699 ], [ -70.594014, 42.63503 ], [ -70.654727, 42.582234 ], [ -70.676733, 42.607527 ], [ -70.710349, 42.572568 ], [ -70.875195, 42.544344 ], [ -70.886366, 42.508611 ], [ -70.842091, 42.519495 ], [ -70.853329, 42.493015 ], [ -70.83381, 42.505868 ], [ -70.835991, 42.490496 ], [ -70.934993, 42.457896 ], [ -70.905692, 42.416197 ], [ -70.936393, 42.418097 ], [ -70.943664, 42.458338 ], [ -70.982994, 42.423996 ], [ -70.953022, 42.343973 ], [ -70.972828, 42.371928 ], [ -71.00024, 42.372418 ], [ -70.985317, 42.358316 ], [ -71.007807, 42.347145 ], [ -71.050598, 42.372872 ], [ -71.010177, 42.337557 ], [ -71.047648, 42.328087 ], [ -71.047616, 42.303378 ], [ -71.037264, 42.284144 ], [ -71.036797, 42.301392 ], [ -70.987428, 42.30608 ], [ -71.02231, 42.288188 ], [ -70.985278, 42.264347 ], [ -70.953186, 42.279854 ], [ -70.959495, 42.245328 ], [ -70.918236, 42.271861 ], [ -70.877753, 42.248417 ], [ -70.903238, 42.281335 ], [ -70.878285, 42.278311 ], [ -70.887317, 42.297652 ], [ -70.923444, 42.302398 ], [ -70.889456, 42.310484 ], [ -70.851093, 42.26827 ], [ -70.766338, 42.254742 ], [ -70.712993, 42.204431 ], [ -70.714301, 42.168783 ], [ -70.597892, 42.00455 ], [ -70.639137, 41.993895 ], [ -70.614223, 42.011149 ], [ -70.650874, 42.046247 ], [ -70.670934, 42.007786 ], [ -70.695809, 42.013346 ], [ -70.710034, 41.999544 ], [ -70.646785, 41.949309 ], [ -70.630321, 41.947048 ], [ -70.652507, 41.978871 ], [ -70.623945, 41.943061 ], [ -70.539189, 41.926773 ], [ -70.54103, 41.815754 ], [ -70.494048, 41.773883 ], [ -70.428309, 41.747669 ], [ -70.295561, 41.734412 ], [ -70.273879, 41.72431 ], [ -70.396384, 41.727868 ], [ -70.357309, 41.702532 ], [ -70.251195, 41.707339 ], [ -70.216073, 41.742981 ], [ -70.008462, 41.800786 ], [ -70.000188, 41.886938 ], [ -70.044995, 41.930049 ], [ -70.06901, 41.884924 ], [ -70.095595, 42.032832 ], [ -70.155415, 42.062409 ], [ -70.205889, 42.032691 ], [ -70.166884, 42.034575 ], [ -70.190834, 42.020028 ], [ -70.245385, 42.063733 ], [ -70.189305, 42.082337 ], [ -70.058531, 42.040363 ], [ -69.986085, 41.949597 ], [ -69.938024, 41.809507 ], [ -69.930418, 41.691944 ], [ -69.957775, 41.620364 ], [ -69.983183, 41.608295 ], [ -69.988215, 41.554704 ], [ -70.012655, 41.546777 ], [ -69.970489, 41.645458 ], [ -70.014211, 41.671971 ], [ -70.195193, 41.647913 ], [ -70.265424, 41.609333 ], [ -70.28132, 41.635125 ], [ -70.351634, 41.634687 ], [ -70.437246, 41.605329 ], [ -70.485571, 41.554244 ], [ -70.685408, 41.521335 ], [ -70.640948, 41.577325 ], [ -70.650724, 41.64613 ], [ -70.620533, 41.657266 ], [ -70.662036, 41.68094 ], [ -70.617572, 41.701141 ], [ -70.648805, 41.718029 ], [ -70.674064, 41.691371 ], [ -70.656596, 41.715401 ], [ -70.718739, 41.73574 ], [ -70.715593, 41.675258 ], [ -70.748868, 41.697446 ], [ -70.765463, 41.641575 ], [ -70.821598, 41.654839 ], [ -70.801063, 41.629513 ], [ -70.859654, 41.624124 ], [ -70.853185, 41.582975 ], [ -70.872665, 41.627816 ], [ -70.913202, 41.619266 ], [ -70.902051, 41.591583 ], [ -70.930456, 41.613271 ], [ -70.933777, 41.58043 ], [ -70.950245, 41.584598 ], [ -70.92852, 41.539776 ], [ -70.953299, 41.51501 ], [ -70.972287, 41.530765 ], [ -71.038362, 41.481105 ], [ -71.085663, 41.509292 ], [ -71.193979, 41.456396 ], [ -71.218018, 41.625672 ], [ -71.240709, 41.619225 ], [ -71.240428, 41.476147 ], [ -71.29133, 41.487862 ], [ -71.304394, 41.454502 ], [ -71.323751, 41.460129 ], [ -71.337483, 41.449317 ], [ -71.362911, 41.461746 ] ] ], [ [ [ -67.314153, 44.597468 ], [ -67.282117, 44.619937 ], [ -67.261668, 44.604598 ], [ -67.314153, 44.597468 ] ] ], [ [ [ -67.327235, 44.651274 ], [ -67.334407, 44.648521 ], [ -67.328703, 44.653255 ], [ -67.327235, 44.651274 ] ] ], [ [ [ -67.330129, 44.683851 ], [ -67.336308, 44.677598 ], [ -67.337972, 44.679795 ], [ -67.330129, 44.683851 ] ] ], [ [ [ -67.350331, 44.669316 ], [ -67.366731, 44.664413 ], [ -67.369346, 44.669147 ], [ -67.350331, 44.669316 ] ] ], [ [ [ -67.355283, 44.576178 ], [ -67.35556, 44.583722 ], [ -67.350585, 44.584158 ], [ -67.355283, 44.576178 ] ] ], [ [ [ -67.354372, 44.644632 ], [ -67.352233, 44.642941 ], [ -67.35556, 44.64108 ], [ -67.354372, 44.644632 ] ] ], [ [ [ -67.356749, 44.64683 ], [ -67.361027, 44.652072 ], [ -67.356749, 44.653932 ], [ -67.356749, 44.64683 ] ] ], [ [ [ -67.361424, 44.573057 ], [ -67.36792, 44.570009 ], [ -67.362453, 44.573903 ], [ -67.361424, 44.573057 ] ] ], [ [ [ -67.372673, 44.598617 ], [ -67.366665, 44.599661 ], [ -67.374099, 44.593201 ], [ -67.372673, 44.598617 ] ] ], [ [ [ -67.390262, 44.59574 ], [ -67.38836, 44.603186 ], [ -67.383607, 44.601663 ], [ -67.390262, 44.59574 ] ] ], [ [ [ -67.395883, 44.572452 ], [ -67.394302, 44.576443 ], [ -67.392163, 44.574411 ], [ -67.395883, 44.572452 ] ] ], [ [ [ -67.392638, 44.584907 ], [ -67.396679, 44.588462 ], [ -67.393351, 44.589647 ], [ -67.392638, 44.584907 ] ] ], [ [ [ -67.40765, 44.572839 ], [ -67.406186, 44.567977 ], [ -67.408044, 44.569012 ], [ -67.40765, 44.572839 ] ] ], [ [ [ -67.427801, 44.595258 ], [ -67.429479, 44.597432 ], [ -67.426864, 44.598786 ], [ -67.427801, 44.595258 ] ] ], [ [ [ -67.443858, 44.555399 ], [ -67.431618, 44.557308 ], [ -67.4441, 44.554979 ], [ -67.443858, 44.555399 ] ] ], [ [ [ -67.464856, 44.570979 ], [ -67.453722, 44.572379 ], [ -67.464541, 44.570155 ], [ -67.464856, 44.570979 ] ] ], [ [ [ -67.47131, 44.566453 ], [ -67.474478, 44.568335 ], [ -67.469647, 44.567977 ], [ -67.47131, 44.566453 ] ] ], [ [ [ -67.477217, 18.379473 ], [ -67.481928, 18.39002 ], [ -67.473555, 18.383868 ], [ -67.477217, 18.379473 ] ] ], [ [ [ -67.483335, 44.560963 ], [ -67.478441, 44.565098 ], [ -67.483025, 44.560004 ], [ -67.483335, 44.560963 ] ] ], [ [ [ -67.541611, 44.58934 ], [ -67.481529, 44.580414 ], [ -67.520035, 44.579659 ], [ -67.491751, 44.556123 ], [ -67.533279, 44.564354 ], [ -67.541611, 44.58934 ] ] ], [ [ [ -67.490325, 44.604371 ], [ -67.486522, 44.600147 ], [ -67.491513, 44.601663 ], [ -67.490325, 44.604371 ] ] ], [ [ [ -67.503872, 44.617061 ], [ -67.498881, 44.621967 ], [ -67.497693, 44.62146 ], [ -67.503872, 44.617061 ] ] ], [ [ [ -67.563768, 44.510547 ], [ -67.511364, 44.494613 ], [ -67.54309, 44.473755 ], [ -67.563768, 44.510547 ] ] ], [ [ [ -67.532965, 44.532884 ], [ -67.533817, 44.529159 ], [ -67.536872, 44.532115 ], [ -67.532965, 44.532884 ] ] ], [ [ [ -67.619761, 44.519754 ], [ -67.577315, 44.521732 ], [ -67.590627, 44.49415 ], [ -67.566606, 44.455768 ], [ -67.589199, 44.447291 ], [ -67.614692, 44.487037 ], [ -67.619761, 44.519754 ] ] ], [ [ [ -67.599955, 44.441753 ], [ -67.602747, 44.444237 ], [ -67.595624, 44.444076 ], [ -67.599955, 44.441753 ] ] ], [ [ [ -67.611599, 44.443584 ], [ -67.611939, 44.452712 ], [ -67.605599, 44.445933 ], [ -67.611599, 44.443584 ] ] ], [ [ [ -67.622926, 44.464459 ], [ -67.618434, 44.460185 ], [ -67.62295, 44.46239 ], [ -67.622926, 44.464459 ] ] ], [ [ [ -67.644817, 44.517495 ], [ -67.641727, 44.504614 ], [ -67.648857, 44.511055 ], [ -67.644817, 44.517495 ] ] ], [ [ [ -67.630318, 44.490034 ], [ -67.632933, 44.499189 ], [ -67.629605, 44.498681 ], [ -67.630318, 44.490034 ] ] ], [ [ [ -67.665238, 44.521665 ], [ -67.665, 44.531493 ], [ -67.658583, 44.530816 ], [ -67.665238, 44.521665 ] ] ], [ [ [ -67.658602, 44.513089 ], [ -67.66288, 44.514614 ], [ -67.659315, 44.51597 ], [ -67.658602, 44.513089 ] ] ], [ [ [ -67.664287, 44.495054 ], [ -67.671893, 44.487763 ], [ -67.673794, 44.490476 ], [ -67.664287, 44.495054 ] ] ], [ [ [ -67.670554, 44.481174 ], [ -67.680389, 44.480374 ], [ -67.663899, 44.484792 ], [ -67.670554, 44.481174 ] ] ], [ [ [ -67.67227, 44.46331 ], [ -67.669516, 44.460627 ], [ -67.676884, 44.463002 ], [ -67.67227, 44.46331 ] ] ], [ [ [ -67.676676, 44.470379 ], [ -67.672131, 44.470805 ], [ -67.673794, 44.465546 ], [ -67.676676, 44.470379 ] ] ], [ [ [ -67.698751, 44.487763 ], [ -67.692654, 44.483646 ], [ -67.699939, 44.486915 ], [ -67.698751, 44.487763 ] ] ], [ [ [ -67.706832, 44.456895 ], [ -67.704353, 44.460599 ], [ -67.70493, 44.458082 ], [ -67.706832, 44.456895 ] ] ], [ [ [ -67.734165, 44.469278 ], [ -67.73773, 44.463002 ], [ -67.740846, 44.470064 ], [ -67.734165, 44.469278 ] ] ], [ [ [ -67.743197, 44.463511 ], [ -67.746745, 44.465241 ], [ -67.742959, 44.465207 ], [ -67.743197, 44.463511 ] ] ], [ [ [ -67.753004, 44.505087 ], [ -67.759834, 44.496241 ], [ -67.755012, 44.504808 ], [ -67.753004, 44.505087 ] ] ], [ [ [ -67.762924, 44.532679 ], [ -67.762211, 44.529291 ], [ -67.766489, 44.530985 ], [ -67.762924, 44.532679 ] ] ], [ [ [ -67.761261, 44.537423 ], [ -67.76744, 44.534374 ], [ -67.7634, 44.53844 ], [ -67.761261, 44.537423 ] ] ], [ [ [ -67.792159, 44.480811 ], [ -67.789024, 44.472355 ], [ -67.795955, 44.476177 ], [ -67.792159, 44.480811 ] ] ], [ [ [ -67.81046, 44.512683 ], [ -67.804043, 44.484202 ], [ -67.819492, 44.510649 ], [ -67.81046, 44.512683 ] ] ], [ [ [ -67.802141, 44.516751 ], [ -67.805944, 44.517259 ], [ -67.804043, 44.519123 ], [ -67.802141, 44.516751 ] ] ], [ [ [ -67.825857, 44.442819 ], [ -67.821734, 44.44219 ], [ -67.824143, 44.441131 ], [ -67.825857, 44.442819 ] ] ], [ [ [ -67.822582, 44.484711 ], [ -67.835892, 44.481828 ], [ -67.826147, 44.490646 ], [ -67.822582, 44.484711 ] ] ], [ [ [ -67.825672, 44.540812 ], [ -67.832802, 44.519971 ], [ -67.832802, 44.539964 ], [ -67.825672, 44.540812 ] ] ], [ [ [ -67.825909, 44.549451 ], [ -67.838982, 44.542336 ], [ -67.838031, 44.551314 ], [ -67.825909, 44.549451 ] ] ], [ [ [ -67.838475, 44.450946 ], [ -67.838163, 44.464177 ], [ -67.830634, 44.456655 ], [ -67.838475, 44.450946 ] ] ], [ [ [ -67.924131, 18.114866 ], [ -67.861027, 18.121869 ], [ -67.844271, 18.084819 ], [ -67.897274, 18.05358 ], [ -67.945404, 18.082673 ], [ -67.924131, 18.114866 ] ] ], [ [ [ -67.853956, 44.448072 ], [ -67.849915, 44.452993 ], [ -67.845161, 44.449769 ], [ -67.853956, 44.448072 ] ] ], [ [ [ -67.862987, 44.45452 ], [ -67.868929, 44.420409 ], [ -67.869405, 44.456725 ], [ -67.862987, 44.45452 ] ] ], [ [ [ -67.871328, 44.374657 ], [ -67.865977, 44.366273 ], [ -67.874361, 44.374278 ], [ -67.871328, 44.374657 ] ] ], [ [ [ -68.031502, 44.325098 ], [ -68.032096, 44.336672 ], [ -68.029126, 44.335979 ], [ -68.031502, 44.325098 ] ] ], [ [ [ -68.103282, 44.358245 ], [ -68.097102, 44.361983 ], [ -68.094725, 44.351447 ], [ -68.103282, 44.358245 ] ] ], [ [ [ -68.128, 44.406657 ], [ -68.126099, 44.418541 ], [ -68.11778, 44.409543 ], [ -68.128, 44.406657 ] ] ], [ [ [ -68.124911, 44.445358 ], [ -68.142974, 44.428896 ], [ -68.134655, 44.450109 ], [ -68.124911, 44.445358 ] ] ], [ [ [ -68.129426, 44.404789 ], [ -68.140549, 44.376804 ], [ -68.149154, 44.386957 ], [ -68.129426, 44.404789 ] ] ], [ [ [ -68.162226, 44.465207 ], [ -68.148678, 44.461306 ], [ -68.145589, 44.457404 ], [ -68.162226, 44.465207 ] ] ], [ [ [ -68.165791, 44.400374 ], [ -68.159374, 44.41209 ], [ -68.15462, 44.413448 ], [ -68.165791, 44.400374 ] ] ], [ [ [ -68.166267, 44.463002 ], [ -68.191699, 44.467412 ], [ -68.166029, 44.464529 ], [ -68.166267, 44.463002 ] ] ], [ [ [ -68.178388, 44.407336 ], [ -68.176487, 44.402582 ], [ -68.181694, 44.404234 ], [ -68.178388, 44.407336 ] ] ], [ [ [ -68.184087, 44.388045 ], [ -68.177913, 44.386448 ], [ -68.184246, 44.386719 ], [ -68.184087, 44.388045 ] ] ], [ [ [ -68.190861, 44.401229 ], [ -68.194994, 44.399089 ], [ -68.19669, 44.400204 ], [ -68.190861, 44.401229 ] ] ], [ [ [ -68.198985, 44.236698 ], [ -68.197696, 44.24635 ], [ -68.193068, 44.23901 ], [ -68.198985, 44.236698 ] ] ], [ [ [ -68.201206, 44.490646 ], [ -68.204058, 44.495054 ], [ -68.19978, 44.491663 ], [ -68.201206, 44.490646 ] ] ], [ [ [ -68.202632, 44.400374 ], [ -68.210951, 44.396808 ], [ -68.21404, 44.398846 ], [ -68.202632, 44.400374 ] ] ], [ [ [ -68.212852, 44.476571 ], [ -68.20382, 44.475045 ], [ -68.21309, 44.474875 ], [ -68.212852, 44.476571 ] ] ], [ [ [ -68.239724, 44.264755 ], [ -68.211365, 44.256854 ], [ -68.240962, 44.2528 ], [ -68.239724, 44.264755 ] ] ], [ [ [ -68.248947, 44.17576 ], [ -68.239234, 44.174596 ], [ -68.245478, 44.170228 ], [ -68.248947, 44.17576 ] ] ], [ [ [ -68.242324, 44.157376 ], [ -68.253009, 44.155089 ], [ -68.246127, 44.158399 ], [ -68.242324, 44.157376 ] ] ], [ [ [ -68.244914, 44.242534 ], [ -68.274427, 44.237099 ], [ -68.274719, 44.258675 ], [ -68.250643, 44.257556 ], [ -68.244914, 44.242534 ] ] ], [ [ [ -68.248742, 44.270151 ], [ -68.270133, 44.275768 ], [ -68.245652, 44.274236 ], [ -68.248742, 44.270151 ] ] ], [ [ [ -68.266092, 44.282744 ], [ -68.26942, 44.285637 ], [ -68.265617, 44.284956 ], [ -68.266092, 44.282744 ] ] ], [ [ [ -68.302933, 44.276959 ], [ -68.301269, 44.283255 ], [ -68.291049, 44.275938 ], [ -68.302933, 44.276959 ] ] ], [ [ [ -68.333356, 44.20868 ], [ -68.314341, 44.197605 ], [ -68.343338, 44.190618 ], [ -68.333356, 44.20868 ] ] ], [ [ [ -68.350379, 44.12843 ], [ -68.33047, 44.109232 ], [ -68.368616, 44.098303 ], [ -68.375441, 44.11628 ], [ -68.350379, 44.12843 ] ] ], [ [ [ -68.341674, 44.428556 ], [ -68.34524, 44.436364 ], [ -68.334544, 44.43263 ], [ -68.341674, 44.428556 ] ] ], [ [ [ -68.334782, 44.176812 ], [ -68.354034, 44.180221 ], [ -68.338822, 44.184653 ], [ -68.334782, 44.176812 ] ] ], [ [ [ -68.354162, 44.199491 ], [ -68.370434, 44.180221 ], [ -68.37884, 44.184473 ], [ -68.354162, 44.199491 ] ] ], [ [ [ -68.363388, 44.127483 ], [ -68.361439, 44.126173 ], [ -68.365695, 44.124274 ], [ -68.363388, 44.127483 ] ] ], [ [ [ -68.372573, 44.143222 ], [ -68.368532, 44.139128 ], [ -68.37186, 44.137934 ], [ -68.372573, 44.143222 ] ] ], [ [ [ -68.38208, 44.144074 ], [ -68.380892, 44.139128 ], [ -68.383391, 44.141759 ], [ -68.38208, 44.144074 ] ] ], [ [ [ -68.50401, 44.150726 ], [ -68.461913, 44.190843 ], [ -68.435796, 44.168118 ], [ -68.424441, 44.190753 ], [ -68.383268, 44.155842 ], [ -68.438518, 44.11618 ], [ -68.455761, 44.160275 ], [ -68.50401, 44.150726 ] ] ], [ [ [ -68.394202, 44.409713 ], [ -68.384219, 44.406317 ], [ -68.390636, 44.403261 ], [ -68.394202, 44.409713 ] ] ], [ [ [ -68.407222, 44.111122 ], [ -68.403709, 44.107735 ], [ -68.408525, 44.108492 ], [ -68.407222, 44.111122 ] ] ], [ [ [ -68.425813, 44.372008 ], [ -68.414642, 44.357225 ], [ -68.440549, 44.321187 ], [ -68.456879, 44.344288 ], [ -68.425813, 44.372008 ] ] ], [ [ [ -68.436594, 44.291948 ], [ -68.430091, 44.288189 ], [ -68.432053, 44.285902 ], [ -68.436594, 44.291948 ] ] ], [ [ [ -68.447556, 44.3004 ], [ -68.45618, 44.31183 ], [ -68.450294, 44.313704 ], [ -68.447556, 44.3004 ] ] ], [ [ [ -68.453384, 44.256194 ], [ -68.459522, 44.255929 ], [ -68.461227, 44.260109 ], [ -68.453384, 44.256194 ] ] ], [ [ [ -68.459182, 44.197681 ], [ -68.464793, 44.206976 ], [ -68.453843, 44.201683 ], [ -68.459182, 44.197681 ] ] ], [ [ [ -68.469784, 44.213109 ], [ -68.467882, 44.216176 ], [ -68.46503, 44.209873 ], [ -68.469784, 44.213109 ] ] ], [ [ [ -68.467407, 44.267598 ], [ -68.486568, 44.269097 ], [ -68.493314, 44.282574 ], [ -68.467407, 44.267598 ] ] ], [ [ [ -68.470021, 44.22878 ], [ -68.482022, 44.221021 ], [ -68.482619, 44.227758 ], [ -68.470021, 44.22878 ] ] ], [ [ [ -68.472728, 44.102956 ], [ -68.473011, 44.0982 ], [ -68.477805, 44.101971 ], [ -68.472728, 44.102956 ] ] ], [ [ [ -68.47121, 44.207317 ], [ -68.490271, 44.199911 ], [ -68.48143, 44.216857 ], [ -68.47121, 44.207317 ] ] ], [ [ [ -68.518573, 44.381022 ], [ -68.478816, 44.324928 ], [ -68.491423, 44.311783 ], [ -68.533481, 44.329958 ], [ -68.518573, 44.381022 ] ] ], [ [ [ -68.49093, 44.123439 ], [ -68.503611, 44.096567 ], [ -68.517725, 44.104678 ], [ -68.511266, 44.125082 ], [ -68.49093, 44.123439 ] ] ], [ [ [ -68.503772, 44.145609 ], [ -68.49783, 44.143051 ], [ -68.50095, 44.14156 ], [ -68.503772, 44.145609 ] ] ], [ [ [ -68.528284, 44.225204 ], [ -68.544891, 44.220264 ], [ -68.552972, 44.227588 ], [ -68.528284, 44.225204 ] ] ], [ [ [ -68.559259, 44.04502 ], [ -68.555957, 44.03947 ], [ -68.55919, 44.040617 ], [ -68.559259, 44.04502 ] ] ], [ [ [ -68.564618, 44.211917 ], [ -68.567946, 44.217709 ], [ -68.559627, 44.213109 ], [ -68.564618, 44.211917 ] ] ], [ [ [ -68.695558155612204, 44.235243468319197 ], [ -68.670623, 44.279852 ], [ -68.564143, 44.191641 ], [ -68.600983, 44.191981 ], [ -68.602409, 44.210384 ], [ -68.681899, 44.138212 ], [ -68.731666, 44.202246 ], [ -68.731618, 44.22269 ], [ -68.695558155612204, 44.235243468319197 ] ] ], [ [ [ -68.576502, 44.09519 ], [ -68.573102, 44.101654 ], [ -68.571273, 44.099969 ], [ -68.576502, 44.09519 ] ] ], [ [ [ -68.578166, 44.226736 ], [ -68.591714, 44.229972 ], [ -68.576027, 44.229291 ], [ -68.578166, 44.226736 ] ] ], [ [ [ -68.581731, 44.143477 ], [ -68.585944, 44.148625 ], [ -68.578663, 44.148194 ], [ -68.581731, 44.143477 ] ] ], [ [ [ -68.590554, 44.058659 ], [ -68.588148, 44.072312 ], [ -68.584101, 44.071589 ], [ -68.590554, 44.058659 ] ] ], [ [ [ -68.593377, 44.145183 ], [ -68.598844, 44.144671 ], [ -68.598553, 44.14595 ], [ -68.593377, 44.145183 ] ] ], [ [ [ -68.598634, 44.174602 ], [ -68.606925, 44.176045 ], [ -68.596705, 44.177579 ], [ -68.598634, 44.174602 ] ] ], [ [ [ -68.671099, 44.075898 ], [ -68.601325, 44.08632 ], [ -68.601696, 44.012514 ], [ -68.654699, 44.002086 ], [ -68.640913, 44.050621 ], [ -68.671099, 44.075898 ] ] ], [ [ [ -68.605499, 44.135461 ], [ -68.602409, 44.142113 ], [ -68.601458, 44.138702 ], [ -68.605499, 44.135461 ] ] ], [ [ [ -68.618809, 44.130343 ], [ -68.618979, 44.11955 ], [ -68.629742, 44.123177 ], [ -68.618809, 44.130343 ] ] ], [ [ [ -68.609562, 44.148195 ], [ -68.617383, 44.156438 ], [ -68.613342, 44.157632 ], [ -68.609562, 44.148195 ] ] ], [ [ [ -68.617145, 44.136655 ], [ -68.623563, 44.140578 ], [ -68.617621, 44.142283 ], [ -68.617145, 44.136655 ] ] ], [ [ [ -68.634971, 44.151323 ], [ -68.6238, 44.147912 ], [ -68.633783, 44.145012 ], [ -68.634971, 44.151323 ] ] ], [ [ [ -68.62689, 44.13529 ], [ -68.634496, 44.136143 ], [ -68.634496, 44.137678 ], [ -68.62689, 44.13529 ] ] ], [ [ [ -68.639962, 44.128125 ], [ -68.629742, 44.128808 ], [ -68.639826, 44.123602 ], [ -68.639962, 44.128125 ] ] ], [ [ [ -68.641231, 44.10858 ], [ -68.651267, 44.101422 ], [ -68.658794, 44.110212 ], [ -68.641231, 44.10858 ] ] ], [ [ [ -68.647806, 44.152005 ], [ -68.644003, 44.148594 ], [ -68.649707, 44.148764 ], [ -68.647806, 44.152005 ] ] ], [ [ [ -68.647568, 44.133925 ], [ -68.641151, 44.133584 ], [ -68.647093, 44.130514 ], [ -68.647568, 44.133925 ] ] ], [ [ [ -68.655412, 44.145865 ], [ -68.65256, 44.14109 ], [ -68.655649, 44.14416 ], [ -68.655412, 44.145865 ] ] ], [ [ [ -68.657635, 44.127062 ], [ -68.651371, 44.129661 ], [ -68.65042, 44.128125 ], [ -68.657635, 44.127062 ] ] ], [ [ [ -68.683408, 44.287742 ], [ -68.685997, 44.285882 ], [ -68.687347, 44.287523 ], [ -68.683408, 44.287742 ] ] ], [ [ [ -68.687736, 44.273801 ], [ -68.684429, 44.275304 ], [ -68.684502, 44.272423 ], [ -68.687736, 44.273801 ] ] ], [ [ [ -68.732303, 44.307988 ], [ -68.694779, 44.291606 ], [ -68.689901, 44.276259 ], [ -68.724269, 44.281573 ], [ -68.732303, 44.307988 ] ] ], [ [ [ -68.739313, 44.26896 ], [ -68.753963, 44.262592 ], [ -68.757456, 44.270597 ], [ -68.739313, 44.26896 ] ] ], [ [ [ -68.751497, 43.884119 ], [ -68.731344, 43.890259 ], [ -68.741836, 43.88301 ], [ -68.751497, 43.884119 ] ] ], [ [ [ -68.749037, 44.301311 ], [ -68.748484, 44.298968 ], [ -68.749743, 44.301127 ], [ -68.749037, 44.301311 ] ] ], [ [ [ -68.750067, 44.244727 ], [ -68.764671, 44.241464 ], [ -68.764744, 44.245639 ], [ -68.750067, 44.244727 ] ] ], [ [ [ -68.787324, 44.211406 ], [ -68.776391, 44.203228 ], [ -68.783364, 44.201245 ], [ -68.787324, 44.211406 ] ] ], [ [ [ -68.863619, 44.119338 ], [ -68.865996, 44.100737 ], [ -68.844367, 44.131111 ], [ -68.806101, 44.116779 ], [ -68.774489, 44.064371 ], [ -68.862845, 44.025037 ], [ -68.911847, 44.096399 ], [ -68.899033, 44.123433 ], [ -68.863619, 44.119338 ] ] ], [ [ [ -68.782808, 44.140834 ], [ -68.792221, 44.136835 ], [ -68.781144, 44.144927 ], [ -68.782808, 44.140834 ] ] ], [ [ [ -68.785528, 44.224827 ], [ -68.799446, 44.235933 ], [ -68.781189, 44.226262 ], [ -68.785528, 44.224827 ] ] ], [ [ [ -68.79523, 44.280487 ], [ -68.798094, 44.285336 ], [ -68.785185, 44.284106 ], [ -68.79523, 44.280487 ] ] ], [ [ [ -68.791364, 44.146974 ], [ -68.802535, 44.137422 ], [ -68.800872, 44.144074 ], [ -68.791364, 44.146974 ] ] ], [ [ [ -68.813469, 44.294654 ], [ -68.804396, 44.293546 ], [ -68.800396, 44.288699 ], [ -68.813469, 44.294654 ] ] ], [ [ [ -68.942529, 44.109271 ], [ -68.846121, 44.184431 ], [ -68.80206, 44.150555 ], [ -68.903549, 44.127357 ], [ -68.8881, 44.144927 ], [ -68.942529, 44.109271 ] ] ], [ [ [ -68.807764, 44.144074 ], [ -68.821312, 44.134011 ], [ -68.826541, 44.136399 ], [ -68.807764, 44.144074 ] ] ], [ [ [ -68.809666, 43.856929 ], [ -68.826541, 43.847674 ], [ -68.811157, 43.860213 ], [ -68.809666, 43.856929 ] ] ], [ [ [ -68.818222, 44.243255 ], [ -68.831056, 44.231136 ], [ -68.827624, 44.240352 ], [ -68.818222, 44.243255 ] ] ], [ [ [ -68.823903, 44.257134 ], [ -68.824384, 44.262171 ], [ -68.816321, 44.258407 ], [ -68.823903, 44.257134 ] ] ], [ [ [ -68.822831, 44.293111 ], [ -68.819173, 44.290401 ], [ -68.82559, 44.292442 ], [ -68.822831, 44.293111 ] ] ], [ [ [ -68.830365, 44.216841 ], [ -68.825837, 44.223085 ], [ -68.824877, 44.226055 ], [ -68.830365, 44.216841 ] ] ], [ [ [ -68.852331, 44.228661 ], [ -68.849187, 44.236131 ], [ -68.84817, 44.229291 ], [ -68.852331, 44.228661 ] ] ], [ [ [ -68.863044, 44.259004 ], [ -68.860054, 44.255854 ], [ -68.862086, 44.255209 ], [ -68.863044, 44.259004 ] ] ], [ [ [ -68.943394, 44.280726 ], [ -68.911634, 44.365027 ], [ -68.880085, 44.39309 ], [ -68.86044, 44.364907 ], [ -68.930244, 44.230956 ], [ -68.924465, 44.28351 ], [ -68.943394, 44.280726 ] ] ], [ [ [ -68.877642, 43.838417 ], [ -68.886725, 43.822195 ], [ -68.899108, 43.821925 ], [ -68.877642, 43.838417 ] ] ], [ [ [ -68.902377, 43.869169 ], [ -68.878831, 43.8583 ], [ -68.907704, 43.849347 ], [ -68.902377, 43.869169 ] ] ], [ [ [ -68.884309, 44.030778 ], [ -68.893134, 44.036591 ], [ -68.889051, 44.03943 ], [ -68.884309, 44.030778 ] ] ], [ [ [ -68.899271, 44.066932 ], [ -68.895231, 44.049339 ], [ -68.908541, 44.058051 ], [ -68.899271, 44.066932 ] ] ], [ [ [ -68.906334, 44.044866 ], [ -68.918048, 44.045752 ], [ -68.913532, 44.053781 ], [ -68.906334, 44.044866 ] ] ], [ [ [ -68.94039, 44.244872 ], [ -68.939677, 44.226481 ], [ -68.950848, 44.217113 ], [ -68.94039, 44.244872 ] ] ], [ [ [ -68.965514, 44.258666 ], [ -68.933497, 44.269556 ], [ -68.955285, 44.243618 ], [ -68.965514, 44.258666 ] ] ], [ [ [ -68.952374, 44.205677 ], [ -68.965108, 44.191896 ], [ -68.953462, 44.208254 ], [ -68.952374, 44.205677 ] ] ], [ [ [ -68.979607, 44.175534 ], [ -68.984096, 44.172095 ], [ -68.981271, 44.176897 ], [ -68.979607, 44.175534 ] ] ], [ [ [ -69.011218, 43.89976 ], [ -69.007802, 43.907278 ], [ -69.004801, 43.901301 ], [ -69.011218, 43.89976 ] ] ], [ [ [ -69.037601, 43.916199 ], [ -69.035462, 43.911405 ], [ -69.037601, 43.913459 ], [ -69.037601, 43.916199 ] ] ], [ [ [ -69.036175, 44.074361 ], [ -69.038094, 44.085838 ], [ -69.032036, 44.07934 ], [ -69.036175, 44.074361 ] ] ], [ [ [ -69.049044, 44.011127 ], [ -69.054714, 43.992853 ], [ -69.062082, 44.000034 ], [ -69.049044, 44.011127 ] ] ], [ [ [ -69.047108, 44.065993 ], [ -69.04996, 44.068896 ], [ -69.04283, 44.068213 ], [ -69.047108, 44.065993 ] ] ], [ [ [ -69.071589, 44.004821 ], [ -69.062649, 44.014931 ], [ -69.05614, 44.012172 ], [ -69.071589, 44.004821 ] ] ], [ [ [ -69.066598, 43.996957 ], [ -69.078006, 43.986184 ], [ -69.096302, 43.979293 ], [ -69.066598, 43.996957 ] ] ], [ [ [ -69.071351, 44.042933 ], [ -69.072285, 44.036616 ], [ -69.075392, 44.039003 ], [ -69.071351, 44.042933 ] ] ], [ [ [ -69.077531, 43.984132 ], [ -69.078482, 43.973015 ], [ -69.083126, 43.981522 ], [ -69.077531, 43.984132 ] ] ], [ [ [ -69.127919, 43.894965 ], [ -69.120551, 43.871667 ], [ -69.13038, 43.868447 ], [ -69.127919, 43.894965 ] ] ], [ [ [ -69.212939, 43.921404 ], [ -69.227507, 43.916199 ], [ -69.222516, 43.925444 ], [ -69.212939, 43.921404 ] ] ], [ [ [ -69.28348, 43.873723 ], [ -69.298216, 43.864984 ], [ -69.295602, 43.87595 ], [ -69.28348, 43.873723 ] ] ], [ [ [ -69.299336, 43.932915 ], [ -69.292988, 43.942389 ], [ -69.285857, 43.931435 ], [ -69.299336, 43.932915 ] ] ], [ [ [ -69.313631, 43.772762 ], [ -69.314325, 43.756707 ], [ -69.322559, 43.755883 ], [ -69.313631, 43.772762 ] ] ], [ [ [ -69.305882, 43.877418 ], [ -69.323508, 43.860573 ], [ -69.315245, 43.882835 ], [ -69.305882, 43.877418 ] ] ], [ [ [ -69.309863, 43.906268 ], [ -69.307401, 43.91811 ], [ -69.307237, 43.908693 ], [ -69.309863, 43.906268 ] ] ], [ [ [ -69.307961, 43.891025 ], [ -69.319132, 43.896677 ], [ -69.322935, 43.901644 ], [ -69.307961, 43.891025 ] ] ], [ [ [ -69.351694, 43.927155 ], [ -69.346465, 43.922533 ], [ -69.351875, 43.922543 ], [ -69.351694, 43.927155 ] ] ], [ [ [ -69.383544, 43.89565 ], [ -69.384717, 43.909183 ], [ -69.37166, 43.914487 ], [ -69.383544, 43.89565 ] ] ], [ [ [ -69.391473, 43.957662 ], [ -69.394828, 43.964867 ], [ -69.387346, 43.967199 ], [ -69.391473, 43.957662 ] ] ], [ [ [ -69.432981, 43.952143 ], [ -69.420146, 43.935885 ], [ -69.442519, 43.909055 ], [ -69.432981, 43.952143 ] ] ], [ [ [ -69.42894, 43.916541 ], [ -69.422048, 43.923047 ], [ -69.427277, 43.912261 ], [ -69.42894, 43.916541 ] ] ], [ [ [ -69.588899, 43.77478 ], [ -69.581531, 43.771862 ], [ -69.588186, 43.770489 ], [ -69.588899, 43.77478 ] ] ], [ [ [ -69.598848, 43.79391 ], [ -69.599602, 43.803263 ], [ -69.59389, 43.80412 ], [ -69.598848, 43.79391 ] ] ], [ [ [ -69.605299, 43.780271 ], [ -69.609339, 43.762079 ], [ -69.613956, 43.751084 ], [ -69.618846, 43.757444 ], [ -69.605299, 43.780271 ] ] ], [ [ [ -69.635511, 43.809251 ], [ -69.626732, 43.805159 ], [ -69.634127, 43.803491 ], [ -69.635511, 43.809251 ] ] ], [ [ [ -69.760309, 43.710438 ], [ -69.754086, 43.707123 ], [ -69.757176, 43.703343 ], [ -69.760309, 43.710438 ] ] ], [ [ [ -69.937337, 43.730829 ], [ -69.939009, 43.723825 ], [ -69.941532, 43.730068 ], [ -69.937337, 43.730829 ] ] ], [ [ [ -70.200523098827901, 41.2771211400174 ], [ -70.199115, 41.29619 ], [ -70.062565, 41.308726 ], [ -70.024421, 41.360622 ], [ -70.049053, 41.391702 ], [ -70.02038, 41.369006 ], [ -69.960181, 41.264546 ], [ -70.001603, 41.239916 ], [ -70.100495, 41.240553 ], [ -70.170356, 41.257428 ], [ -70.237144, 41.285117 ], [ -70.200523098827901, 41.2771211400174 ] ] ], [ [ [ -69.99034, 43.831902 ], [ -69.99034, 43.842531 ], [ -69.986537, 43.84356 ], [ -69.99034, 43.831902 ] ] ], [ [ [ -69.999847, 43.829502 ], [ -70.009354, 43.811324 ], [ -70.018861, 43.814582 ], [ -69.999847, 43.829502 ] ] ], [ [ [ -70.027418, 43.717775 ], [ -70.028844, 43.726363 ], [ -70.021001, 43.724646 ], [ -70.027418, 43.717775 ] ] ], [ [ [ -70.029808, 43.811123 ], [ -70.039064, 43.785076 ], [ -70.046562, 43.781998 ], [ -70.029808, 43.811123 ] ] ], [ [ [ -70.049047, 43.722756 ], [ -70.040253, 43.726707 ], [ -70.04667, 43.72018 ], [ -70.049047, 43.722756 ] ] ], [ [ [ -70.046165, 43.757259 ], [ -70.061325, 43.7421 ], [ -70.044769, 43.764825 ], [ -70.046165, 43.757259 ] ] ], [ [ [ -70.053325, 43.765168 ], [ -70.060218, 43.767228 ], [ -70.054989, 43.770661 ], [ -70.053325, 43.765168 ] ] ], [ [ [ -70.074478, 43.779928 ], [ -70.063545, 43.789023 ], [ -70.06307, 43.78765 ], [ -70.074478, 43.779928 ] ] ], [ [ [ -70.069963, 43.796743 ], [ -70.073528, 43.801375 ], [ -70.066635, 43.804291 ], [ -70.069963, 43.796743 ] ] ], [ [ [ -70.071304, 43.713772 ], [ -70.079285, 43.706989 ], [ -70.078757, 43.715198 ], [ -70.071304, 43.713772 ] ] ], [ [ [ -70.083748, 43.720523 ], [ -70.081609, 43.716057 ], [ -70.088264, 43.712965 ], [ -70.083748, 43.720523 ] ] ], [ [ [ -70.089452, 43.726363 ], [ -70.090403, 43.731344 ], [ -70.086362, 43.732375 ], [ -70.089452, 43.726363 ] ] ], [ [ [ -70.101227, 43.675468 ], [ -70.087257, 43.691029 ], [ -70.096039, 43.672276 ], [ -70.101227, 43.675468 ] ] ], [ [ [ -70.095727, 43.709278 ], [ -70.093704, 43.6918 ], [ -70.118291, 43.683343 ], [ -70.095727, 43.709278 ] ] ], [ [ [ -70.10202, 43.77681 ], [ -70.096039, 43.78838 ], [ -70.089653, 43.785187 ], [ -70.10202, 43.77681 ] ] ], [ [ [ -70.10341, 43.756111 ], [ -70.107334, 43.725414 ], [ -70.128147, 43.708562 ], [ -70.138137, 43.727555 ], [ -70.10341, 43.756111 ] ] ], [ [ [ -70.122252, 43.700078 ], [ -70.115835, 43.7097 ], [ -70.111794, 43.710044 ], [ -70.122252, 43.700078 ] ] ], [ [ [ -70.145545, 43.775809 ], [ -70.123441, 43.757615 ], [ -70.160281, 43.749718 ], [ -70.145545, 43.775809 ] ] ], [ [ [ -70.131442, 43.79164 ], [ -70.124917, 43.790768 ], [ -70.131902, 43.790825 ], [ -70.131442, 43.79164 ] ] ], [ [ [ -70.140553, 43.707639 ], [ -70.151724, 43.681689 ], [ -70.173353, 43.680314 ], [ -70.140553, 43.707639 ] ] ], [ [ [ -70.1467, 43.708891 ], [ -70.153183, 43.712642 ], [ -70.145188, 43.714719 ], [ -70.1467, 43.708891 ] ] ], [ [ [ -70.182133075897497, 43.673760784063802 ], [ -70.179592, 43.655384 ], [ -70.199736, 43.649366 ], [ -70.200686, 43.662951 ], [ -70.182133075897497, 43.673760784063802 ] ] ], [ [ [ -70.178345, 43.740618 ], [ -70.188565, 43.73684 ], [ -70.176681, 43.745426 ], [ -70.178345, 43.740618 ] ] ], [ [ [ -70.182385, 43.69183 ], [ -70.193081, 43.673438 ], [ -70.21313, 43.662973 ], [ -70.201893, 43.685483 ], [ -70.182385, 43.69183 ] ] ], [ [ [ -70.197121, 43.711247 ], [ -70.190466, 43.722241 ], [ -70.186663, 43.723272 ], [ -70.197121, 43.711247 ] ] ], [ [ [ -70.205934, 43.633633 ], [ -70.192605, 43.646958 ], [ -70.190704, 43.645582 ], [ -70.205934, 43.633633 ] ] ], [ [ [ -70.227842, 43.538261 ], [ -70.238002, 43.547295 ], [ -70.224401, 43.547199 ], [ -70.227842, 43.538261 ] ] ], [ [ [ -70.26295, 41.311452 ], [ -70.244322, 41.288138 ], [ -70.277262, 41.310506 ], [ -70.26295, 41.311452 ] ] ], [ [ [ -70.289719, 41.336323 ], [ -70.307001, 41.332391 ], [ -70.309245, 41.334579 ], [ -70.289719, 41.336323 ] ] ], [ [ [ -70.783859848774, 41.348028823275101 ], [ -70.700964, 41.43401 ], [ -70.603555, 41.482384 ], [ -70.596516, 41.454122 ], [ -70.56328, 41.469127 ], [ -70.547567, 41.415831 ], [ -70.498959, 41.384339 ], [ -70.450431, 41.420703 ], [ -70.452244, 41.349828 ], [ -70.709826, 41.341723 ], [ -70.775665, 41.300982 ], [ -70.838777, 41.347209 ], [ -70.783859848774, 41.348028823275101 ] ] ], [ [ [ -70.575088, 42.63978 ], [ -70.575648, 42.634452 ], [ -70.580285, 42.636025 ], [ -70.575088, 42.63978 ] ] ], [ [ [ -70.588037, 42.626413 ], [ -70.588245, 42.630605 ], [ -70.586819, 42.628157 ], [ -70.588037, 42.626413 ] ] ], [ [ [ -70.590001, 42.658981 ], [ -70.589252, 42.662745 ], [ -70.587568, 42.661908 ], [ -70.590001, 42.658981 ] ] ], [ [ [ -70.607834, 42.977764 ], [ -70.61243, 42.991814 ], [ -70.601349, 42.981083 ], [ -70.607834, 42.977764 ] ] ], [ [ [ -70.610621, 42.976407 ], [ -70.617025, 42.977182 ], [ -70.614566, 42.978599 ], [ -70.610621, 42.976407 ] ] ], [ [ [ -70.62248, 42.968207 ], [ -70.626131, 42.967704 ], [ -70.626957, 42.969377 ], [ -70.62248, 42.968207 ] ] ], [ [ [ -70.626852, 42.978155 ], [ -70.627759, 42.975383 ], [ -70.627963, 42.975779 ], [ -70.626852, 42.978155 ] ] ], [ [ [ -70.787014, 41.476687 ], [ -70.707235, 41.519947 ], [ -70.675188, 41.513949 ], [ -70.799996, 41.446167 ], [ -70.787014, 41.476687 ] ] ], [ [ [ -70.720476, 42.568882 ], [ -70.723736, 42.567019 ], [ -70.721223, 42.569933 ], [ -70.720476, 42.568882 ] ] ], [ [ [ -70.783055, 42.553461 ], [ -70.780991, 42.552408 ], [ -70.783239, 42.552342 ], [ -70.783055, 42.553461 ] ] ], [ [ [ -70.787031, 42.537295 ], [ -70.786491, 42.530827 ], [ -70.789403, 42.531931 ], [ -70.787031, 42.537295 ] ] ], [ [ [ -70.801634, 42.551474 ], [ -70.796669, 42.546459 ], [ -70.80334, 42.548299 ], [ -70.801634, 42.551474 ] ] ], [ [ [ -70.819665, 41.260064 ], [ -70.804236, 41.249458 ], [ -70.832333, 41.258362 ], [ -70.819665, 41.260064 ] ] ], [ [ [ -70.808288, 41.449491 ], [ -70.830868, 41.441295 ], [ -70.841564, 41.449134 ], [ -70.820595, 41.458507 ], [ -70.808288, 41.449491 ] ] ], [ [ [ -70.812062, 42.511992 ], [ -70.81407, 42.510401 ], [ -70.817433, 42.514027 ], [ -70.812062, 42.511992 ] ] ], [ [ [ -70.838452, 41.59646 ], [ -70.81844, 41.59084 ], [ -70.823145, 41.582865 ], [ -70.838452, 41.59646 ] ] ], [ [ [ -70.833, 42.484187 ], [ -70.835355, 42.482255 ], [ -70.834286, 42.485337 ], [ -70.833, 42.484187 ] ] ], [ [ [ -70.901011, 41.434453 ], [ -70.848563, 41.432844 ], [ -70.9055, 41.425253 ], [ -70.901011, 41.434453 ] ] ], [ [ [ -70.880207, 42.342307 ], [ -70.87605, 42.341229 ], [ -70.883465, 42.340035 ], [ -70.880207, 42.342307 ] ] ], [ [ [ -70.887529, 42.338202 ], [ -70.886251, 42.339946 ], [ -70.884777, 42.339328 ], [ -70.887529, 42.338202 ] ] ], [ [ [ -70.891952, 42.327231 ], [ -70.888954, 42.328902 ], [ -70.888775, 42.328461 ], [ -70.891952, 42.327231 ] ] ], [ [ [ -70.893967, 42.334497 ], [ -70.898586, 42.330501 ], [ -70.894065, 42.33498 ], [ -70.893967, 42.334497 ] ] ], [ [ [ -70.898407, 42.340266 ], [ -70.894605, 42.342379 ], [ -70.895156, 42.338879 ], [ -70.898407, 42.340266 ] ] ], [ [ [ -70.927475, 41.431811 ], [ -70.908999, 41.421604 ], [ -70.95095, 41.411882 ], [ -70.927475, 41.431811 ] ] ], [ [ [ -70.921186, 41.445393 ], [ -70.923518, 41.454366 ], [ -70.915354, 41.452477 ], [ -70.921186, 41.445393 ] ] ], [ [ [ -70.929717, 42.333973 ], [ -70.93211, 42.328915 ], [ -70.931758, 42.333116 ], [ -70.929717, 42.333973 ] ] ], [ [ [ -70.93076, 42.319027 ], [ -70.925969, 42.321909 ], [ -70.925308, 42.317223 ], [ -70.93076, 42.319027 ] ] ], [ [ [ -70.935272, 42.302101 ], [ -70.937332, 42.284916 ], [ -70.95108, 42.289726 ], [ -70.935272, 42.302101 ] ] ], [ [ [ -70.939854, 42.324245 ], [ -70.937248, 42.3275 ], [ -70.934947, 42.326807 ], [ -70.939854, 42.324245 ] ] ], [ [ [ -70.95434, 42.308587 ], [ -70.951492, 42.313564 ], [ -70.948515, 42.311937 ], [ -70.95434, 42.308587 ] ] ], [ [ [ -70.952805, 42.330627 ], [ -70.965732, 42.313469 ], [ -70.977219, 42.310249 ], [ -70.952805, 42.330627 ] ] ], [ [ [ -70.991621, 42.326294 ], [ -70.983078, 42.327156 ], [ -70.985667, 42.318733 ], [ -70.991621, 42.326294 ] ] ], [ [ [ -71.011487, 42.309299 ], [ -71.016643, 42.313731 ], [ -71.000305, 42.321282 ], [ -71.011487, 42.309299 ] ] ], [ [ [ -71.278171, 41.647309 ], [ -71.285346, 41.636853 ], [ -71.286471, 41.647571 ], [ -71.278171, 41.647309 ] ] ], [ [ [ -71.300812, 41.58061 ], [ -71.298, 41.583134 ], [ -71.297156, 41.579768 ], [ -71.300812, 41.58061 ] ] ], [ [ [ -71.343836, 41.654861 ], [ -71.304046, 41.618777 ], [ -71.326103, 41.578583 ], [ -71.325558, 41.624137 ], [ -71.353257, 41.640846 ], [ -71.343836, 41.654861 ] ] ], [ [ [ -71.326348, 41.45471 ], [ -71.324296, 41.453924 ], [ -71.32689, 41.45196 ], [ -71.326348, 41.45471 ] ] ], [ [ [ -71.328827, 41.492334 ], [ -71.325365, 41.487601 ], [ -71.327822, 41.482985 ], [ -71.328827, 41.492334 ] ] ], [ [ [ -71.341267, 41.500494 ], [ -71.338665, 41.494926 ], [ -71.343126, 41.494926 ], [ -71.341267, 41.500494 ] ] ], [ [ [ -71.345913, 41.529577 ], [ -71.343126, 41.535837 ], [ -71.342568, 41.52902 ], [ -71.345913, 41.529577 ] ] ], [ [ [ -71.354663, 41.659757 ], [ -71.362537, 41.651143 ], [ -71.367036, 41.660703 ], [ -71.354663, 41.659757 ] ] ], [ [ [ -71.397507, 41.486979 ], [ -71.378914, 41.504948 ], [ -71.392137, 41.524468 ], [ -71.370194, 41.573963 ], [ -71.354315, 41.478891 ], [ -71.38624, 41.487687 ], [ -71.399568, 41.448596 ], [ -71.397507, 41.486979 ] ] ], [ [ [ -71.36338, 41.606688 ], [ -71.369426, 41.598172 ], [ -71.373363, 41.597436 ], [ -71.36338, 41.606688 ] ] ], [ [ [ -71.396276, 41.503695 ], [ -71.403626, 41.504566 ], [ -71.397391, 41.5062 ], [ -71.396276, 41.503695 ] ] ], [ [ [ -71.611567, 41.153905 ], [ -71.577691, 41.231232 ], [ -71.562546, 41.224217 ], [ -71.547051, 41.153684 ], [ -71.611567, 41.153905 ] ] ] ] } },
{ "type": "Feature", "properties": { "COURT_ID": "10", "COURT_NAME": "Tenth Bankruptcy Court", "area_sq_km": 2377043.1492463746, "source": "Derived from Courts of Appeals Circuits", "source_data": "US Census Bureau TIGER/Line", "date_created": "2025-10-08T00:00:00", "created_by": "District-Maps Project", "notes": "Bankruptcy courts follow same boundaries as Appeals circuits" }, "geometry": { "type": "Polygon", "coordinates": [ [ [ -109.050044, 31.332502 ], [ -109.045223, 36.999084 ], [ -114.0506, 37.000396 ], [ -114.041477, 41.993873 ], [ -111.046714, 42.001702 ], [ -111.054556, 45.000955 ], [ -104.057879, 44.997605 ], [ -104.053249, 41.001406 ], [ -102.051614, 41.002377 ], [ -102.051744, 40.003078 ], [ -95.30829, 39.999998 ], [ -95.204428, 39.938949 ], [ -95.199347, 39.902709 ], [ -95.149657, 39.905948 ], [ -95.137092, 39.878351 ], [ -95.081534, 39.861718 ], [ -95.032053, 39.868337 ], [ -95.013152, 39.899953 ], [ -94.95154, 39.900533 ], [ -94.927359, 39.883966 ], [ -94.939767, 39.85193 ], [ -94.877044, 39.823754 ], [ -94.884084, 39.794234 ], [ -94.935782, 39.778906 ], [ -94.912293, 39.759338 ], [ -94.867143, 39.771694 ], [ -94.870143, 39.734594 ], [ -94.960086, 39.743065 ], [ -94.971317, 39.68641 ], [ -95.049518, 39.637876 ], [ -95.054804, 39.582488 ], [ -95.103228, 39.577783 ], [ -95.113557, 39.553941 ], [ -94.942039, 39.389499 ], [ -94.885026, 39.389801 ], [ -94.905329, 39.311952 ], [ -94.831471, 39.256273 ], [ -94.831679, 39.215938 ], [ -94.741938, 39.170203 ], [ -94.680336, 39.184303 ], [ -94.655787, 39.15568 ], [ -94.588413, 39.149869 ], [ -94.60829, 39.117944 ], [ -94.617919, 36.499414 ], [ -94.430662, 35.392478 ], [ -94.491503, 33.625115 ], [ -94.569523, 33.627832 ], [ -94.543332, 33.655686 ], [ -94.59083, 33.645563 ], [ -94.560339, 33.666591 ], [ -94.587072, 33.68582 ], [ -94.59797, 33.663381 ], [ -94.622379, 33.682428 ], [ -94.637996, 33.664578 ], [ -94.669311, 33.664362 ], [ -94.645535, 33.673531 ], [ -94.644322, 33.701666 ], [ -94.716188, 33.687902 ], [ -94.701729, 33.703413 ], [ -94.732309, 33.715987 ], [ -94.716594, 33.695164 ], [ -94.735856, 33.691625 ], [ -94.753801, 33.707729 ], [ -94.735178, 33.726616 ], [ -94.752129, 33.713835 ], [ -94.752512, 33.734468 ], [ -94.788251, 33.735316 ], [ -94.76444, 33.760178 ], [ -94.802252, 33.732788 ], [ -94.821783, 33.768752 ], [ -94.822473, 33.732716 ], [ -94.8693, 33.745871 ], [ -94.868144, 33.768874 ], [ -94.921955, 33.791599 ], [ -94.914764, 33.824487 ], [ -94.947874, 33.808356 ], [ -94.968895, 33.860916 ], [ -95.046568, 33.862565 ], [ -95.06569, 33.915966 ], [ -95.089607, 33.880857 ], [ -95.082387, 33.921758 ], [ -95.122038, 33.904795 ], [ -95.1247, 33.934675 ], [ -95.217633, 33.962646 ], [ -95.250171, 33.938497 ], [ -95.252694, 33.894234 ], [ -95.282981, 33.907402 ], [ -95.289302, 33.873103 ], [ -95.440928, 33.866429 ], [ -95.461673, 33.886998 ], [ -95.502304, 33.874742 ], [ -95.510739, 33.897877 ], [ -95.545197, 33.880294 ], [ -95.554478, 33.928072 ], [ -95.593827, 33.943031 ], [ -95.629055, 33.90587 ], [ -95.756367, 33.892625 ], [ -95.751746, 33.855557 ], [ -95.770556, 33.845269 ], [ -95.805149, 33.861304 ], [ -95.837516, 33.83564 ], [ -95.929561, 33.885 ], [ -95.984253, 33.852664 ], [ -96.003406, 33.872344 ], [ -96.019599, 33.840566 ], [ -96.023907, 33.857067 ], [ -96.048834, 33.836468 ], [ -96.14807, 33.837799 ], [ -96.178964, 33.810553 ], [ -96.156355, 33.813349 ], [ -96.178059, 33.760518 ], [ -96.229023, 33.748021 ], [ -96.293708, 33.769409 ], [ -96.316925, 33.698997 ], [ -96.348306, 33.686379 ], [ -96.422643, 33.776041 ], [ -96.500268, 33.772583 ], [ -96.526655, 33.820891 ], [ -96.62929, 33.845488 ], [ -96.587934, 33.894784 ], [ -96.667187, 33.91694 ], [ -96.699574, 33.839049 ], [ -96.761588, 33.824406 ], [ -96.794276, 33.868886 ], [ -96.832157, 33.874835 ], [ -96.850593, 33.847211 ], [ -96.875281, 33.860505 ], [ -96.9163, 33.957798 ], [ -96.973807, 33.935697 ], [ -96.981337, 33.956378 ], [ -96.983835, 33.890949 ], [ -97.021438, 33.846379 ], [ -97.089464, 33.849847 ], [ -97.048146, 33.817456 ], [ -97.092112, 33.804097 ], [ -97.086195, 33.743933 ], [ -97.126102, 33.716941 ], [ -97.192817, 33.761169 ], [ -97.203514, 33.821825 ], [ -97.166629, 33.847311 ], [ -97.210921, 33.916064 ], [ -97.244946, 33.903092 ], [ -97.256625, 33.863286 ], [ -97.310143, 33.888532 ], [ -97.328729, 33.855434 ], [ -97.332457, 33.884253 ], [ -97.365507, 33.823763 ], [ -97.426493, 33.819398 ], [ -97.462857, 33.841772 ], [ -97.460376, 33.903948 ], [ -97.50096, 33.919643 ], [ -97.581078, 33.899679 ], [ -97.590422, 33.954104 ], [ -97.671772, 33.99137 ], [ -97.834333, 33.857671 ], [ -97.871447, 33.849001 ], [ -97.967777, 33.88243 ], [ -97.98454, 33.900703 ], [ -97.957155, 33.914454 ], [ -97.974173, 33.942832 ], [ -97.94573, 33.989839 ], [ -98.088203, 34.005481 ], [ -98.106261, 34.034154 ], [ -98.083839, 34.041719 ], [ -98.120208, 34.072127 ], [ -98.089755, 34.128211 ], [ -98.109462, 34.154111 ], [ -98.16912, 34.114171 ], [ -98.365621, 34.156993 ], [ -98.411587, 34.088057 ], [ -98.486328, 34.062598 ], [ -98.599789, 34.160571 ], [ -98.757037, 34.124633 ], [ -98.812954, 34.158444 ], [ -98.868116, 34.149635 ], [ -98.987294, 34.221223 ], [ -99.043471, 34.198208 ], [ -99.189511, 34.214312 ], [ -99.206905, 34.338277 ], [ -99.274858, 34.384922 ], [ -99.261321, 34.403499 ], [ -99.319606, 34.408869 ], [ -99.36961, 34.458699 ], [ -99.394956, 34.442099 ], [ -99.40296, 34.373481 ], [ -99.569696, 34.418418 ], [ -99.600026, 34.374688 ], [ -99.69497, 34.378333 ], [ -99.923211, 34.574552 ], [ -100.000381, 34.560509 ], [ -100.000406, 36.499702 ], [ -103.041924, 36.500439 ], [ -103.064423, 32.000518 ], [ -106.618486, 32.000495 ], [ -106.639529, 31.980348 ], [ -106.611846, 31.920003 ], [ -106.645479, 31.89867 ], [ -106.635926, 31.866235 ], [ -106.528242, 31.783148 ], [ -108.208394, 31.783599 ], [ -108.208573, 31.333395 ], [ -109.050044, 31.332502 ] ] ] } },
{ "type": "Feature", "properties": { "COURT_ID": "11", "COURT_NAME": "Eleventh Bankruptcy Court", "area_sq_km": 602801.4389325144, "source": "Derived from Courts of Appeals Circuits", "source_data": "US Census Bureau TIGER/Line", "date_created": "2025-10-08T00:00:00", "created_by": "District-Maps Project", "notes": "Bankruptcy courts follow same boundaries as Appeals circuits" }, "geometry": { "type": "MultiPolygon", "coordinates": [ [ [ [ -81.429193, 30.700722 ], [ -81.435829, 30.526071 ], [ -81.455926, 30.513383 ], [ -81.413197, 30.482909 ], [ -81.391922, 30.304416 ], [ -81.253877, 29.776852 ], [ -80.966176, 29.14796 ], [ -80.57424, 28.585339 ], [ -80.525094, 28.459454 ], [ -80.578105, 28.423075 ], [ -80.604276, 28.354846 ], [ -80.571995, 28.111594 ], [ -80.380509, 27.732029 ], [ -80.29658, 27.470981 ], [ -80.093909, 27.018587 ], [ -80.031362, 26.796339 ], [ -80.038863, 26.569347 ], [ -80.15293, 25.671584 ], [ -80.177309, 25.686598 ], [ -80.154256, 25.723214 ], [ -80.202632, 25.748207 ], [ -80.249122, 25.713383 ], [ -80.272002, 25.639191 ], [ -80.305395, 25.615908 ], [ -80.302674, 25.569497 ], [ -80.340542, 25.49223 ], [ -80.327924, 25.396835 ], [ -80.305424, 25.387744 ], [ -80.398119, 25.276786 ], [ -80.416658, 25.198744 ], [ -80.352841, 25.207561 ], [ -80.332163, 25.263031 ], [ -80.365913, 25.285383 ], [ -80.30662, 25.300614 ], [ -80.266973, 25.352063 ], [ -80.253015, 25.338346 ], [ -80.385352, 25.12132 ], [ -80.565779, 24.957096 ], [ -80.657695, 24.897354 ], [ -80.433296, 25.107847 ], [ -80.461342, 25.132487 ], [ -80.442684, 25.191647 ], [ -80.519344, 25.222613 ], [ -80.565515, 25.192939 ], [ -80.579561, 25.212094 ], [ -80.609179, 25.183689 ], [ -80.605038, 25.203516 ], [ -80.652231, 25.192793 ], [ -80.663964, 25.176699 ], [ -80.637255, 25.17826 ], [ -80.63411, 25.176462 ], [ -80.673709, 25.138297 ], [ -80.653263, 25.164549 ], [ -80.672326, 25.174709 ], [ -80.70416, 25.140808 ], [ -80.732304, 25.167616 ], [ -80.747417, 25.157975 ], [ -80.722741, 25.145407 ], [ -80.768882, 25.162269 ], [ -80.769493, 25.144967 ], [ -80.778056, 25.13821 ], [ -80.78315, 25.165874 ], [ -80.800526, 25.142985 ], [ -80.808543, 25.184426 ], [ -80.826359, 25.160645 ], [ -80.87546, 25.174321 ], [ -80.900577, 25.139669 ], [ -80.945543, 25.128436 ], [ -81.08393, 25.116194 ], [ -81.140985, 25.157189 ], [ -81.170907, 25.245857 ], [ -81.12186, 25.37568 ], [ -81.150508, 25.387255 ], [ -81.16797, 25.469489 ], [ -81.209707, 25.506491 ], [ -81.241708, 25.606524 ], [ -81.271489, 25.61434 ], [ -81.290328, 25.687506 ], [ -81.381881, 25.74919 ], [ -81.389012, 25.781297 ], [ -81.470229, 25.803327 ], [ -81.604965, 25.892077 ], [ -81.642345, 25.905431 ], [ -81.6848, 25.847205 ], [ -81.755514, 25.957306 ], [ -81.738163, 25.971837 ], [ -81.801748, 26.091405 ], [ -81.833142, 26.294518 ], [ -81.882513, 26.402651 ], [ -82.012715, 26.486878 ], [ -81.998117, 26.532724 ], [ -82.038724, 26.525647 ], [ -82.05808, 26.548404 ], [ -82.056892, 26.493748 ], [ -82.105672, 26.48393 ], [ -82.142554, 26.643911 ], [ -82.183575, 26.695016 ], [ -82.125795, 26.699536 ], [ -82.098961, 26.645954 ], [ -82.082086, 26.653601 ], [ -82.051105, 26.864955 ], [ -82.097114, 26.914514 ], [ -82.060932, 26.949969 ], [ -82.117841, 26.965136 ], [ -82.141428, 26.92393 ], [ -82.1831, 26.935773 ], [ -82.146259, 26.782893 ], [ -82.249888, 26.762946 ], [ -82.264268, 26.720162 ], [ -82.282533, 26.815992 ], [ -82.445718, 27.060634 ], [ -82.522032, 27.228375 ], [ -82.568892, 27.275577 ], [ -82.56006, 27.2951 ], [ -82.690071, 27.434415 ], [ -82.745748, 27.538834 ], [ -82.708044, 27.523106 ], [ -82.706821, 27.498415 ], [ -82.641346, 27.525508 ], [ -82.514265, 27.705588 ], [ -82.385854, 27.819651 ], [ -82.402615, 27.882602 ], [ -82.46053, 27.908439 ], [ -82.461894, 27.938602 ], [ -82.491717, 27.914706 ], [ -82.47244, 27.822559 ], [ -82.533889, 27.832925 ], [ -82.554572, 27.847961 ], [ -82.529918, 27.877501 ], [ -82.54421, 27.956169 ], [ -82.640472, 28.016799 ], [ -82.663556, 27.99987 ], [ -82.665352, 28.028103 ], [ -82.686743, 28.030201 ], [ -82.688654, 27.972986 ], [ -82.725855, 27.93622 ], [ -82.629653, 27.906965 ], [ -82.587625, 27.81901 ], [ -82.62242, 27.789194 ], [ -82.63982, 27.703907 ], [ -82.713363, 27.703679 ], [ -82.723693, 27.662357 ], [ -82.698203, 27.637786 ], [ -82.734653, 27.611854 ], [ -82.740323, 27.718206 ], [ -82.849126, 27.8632 ], [ -82.818497, 28.048696 ], [ -82.80487, 27.965983 ], [ -82.786064, 28.047945 ], [ -82.822304, 28.054069 ], [ -82.834105, 28.063764 ], [ -82.836244, 28.091864 ], [ -82.821206, 28.060187 ], [ -82.783479, 28.052647 ], [ -82.799145, 28.185282 ], [ -82.725366, 28.290135 ], [ -82.706808, 28.4021 ], [ -82.664493, 28.449568 ], [ -82.678187, 28.499332 ], [ -82.644269, 28.584178 ], [ -82.677711, 28.654831 ], [ -82.655132, 28.680482 ], [ -82.720838, 28.713698 ], [ -82.690071, 28.736559 ], [ -82.691497, 28.792188 ], [ -82.738695, 28.824796 ], [ -82.727888, 28.871251 ], [ -82.689775, 28.885495 ], [ -82.696013, 28.930821 ], [ -82.757165, 28.985952 ], [ -82.763751, 29.054518 ], [ -82.815566, 29.073008 ], [ -82.813902, 29.162502 ], [ -82.994776, 29.175162 ], [ -83.016405, 29.13863 ], [ -83.056542, 29.129909 ], [ -83.087839, 29.21642 ], [ -83.077265, 29.255331 ], [ -83.169115, 29.289756 ], [ -83.156174, 29.324861 ], [ -83.218075, 29.420492 ], [ -83.293718, 29.437019 ], [ -83.31438, 29.47508 ], [ -83.400252, 29.517242 ], [ -83.408577, 29.667261 ], [ -83.483691, 29.688209 ], [ -83.584222, 29.758503 ], [ -83.586836, 29.818941 ], [ -83.680791, 29.921574 ], [ -83.925364, 30.034568 ], [ -84.006757, 30.097555 ], [ -84.167881, 30.071422 ], [ -84.205589, 30.114323 ], [ -84.203413, 30.08461 ], [ -84.262263, 30.103724 ], [ -84.273055, 30.063755 ], [ -84.361599, 30.01566 ], [ -84.341754, 29.970258 ], [ -84.437597, 29.98813 ], [ -84.438904, 29.960232 ], [ -84.338625, 29.94649 ], [ -84.349066, 29.896812 ], [ -84.423336, 29.903279 ], [ -84.451705, 29.929085 ], [ -84.521814, 29.914078 ], [ -84.888031, 29.722406 ], [ -84.902142, 29.73532 ], [ -84.870649, 29.797113 ], [ -84.993264, 29.714961 ], [ -85.101682, 29.718748 ], [ -85.351514, 29.666669 ], [ -85.3753, 29.691854 ], [ -85.398407, 29.742964 ], [ -85.416682, 29.820246 ], [ -85.411765, 29.85979 ], [ -85.391232, 29.87432 ], [ -85.409696, 29.802353 ], [ -85.360782, 29.67866 ], [ -85.309769, 29.693175 ], [ -85.302789, 29.808864 ], [ -85.405052, 29.938487 ], [ -85.502321, 29.967845 ], [ -85.595611, 30.050583 ], [ -85.922554, 30.23767 ], [ -86.26361, 30.35511 ], [ -86.738613, 30.393353 ], [ -87.20601, 30.321469 ], [ -87.3012, 30.33029 ], [ -87.80056, 30.229365 ], [ -88.027678, 30.223645 ], [ -87.936041, 30.261469 ], [ -87.893201, 30.239237 ], [ -87.78775, 30.254244 ], [ -87.747171, 30.287768 ], [ -87.837368, 30.376334 ], [ -87.906343, 30.40938 ], [ -87.936969, 30.483105 ], [ -87.901711, 30.550879 ], [ -87.919346, 30.63606 ], [ -88.011412, 30.685126 ], [ -88.061877, 30.643586 ], [ -88.053998, 30.612491 ], [ -88.103768, 30.500903 ], [ -88.107274, 30.377246 ], [ -88.138267, 30.313257 ], [ -88.146318, 30.330989 ], [ -88.195664, 30.321242 ], [ -88.187104, 30.362699 ], [ -88.288105, 30.387328 ], [ -88.311517, 30.370206 ], [ -88.338018, 30.404753 ], [ -88.395023, 30.369425 ], [ -88.473227, 31.893856 ], [ -88.097888, 34.892202 ], [ -88.154617, 34.922392 ], [ -88.202959, 35.008028 ], [ -85.466713, 34.982972 ], [ -83.102867, 34.997257 ], [ -83.127035, 34.953778 ], [ -83.112801, 34.934723 ], [ -83.243126, 34.877392 ], [ -83.268318, 34.821125 ], [ -83.306663, 34.81485 ], [ -83.318939, 34.758331 ], [ -83.353416, 34.728424 ], [ -83.342617, 34.682991 ], [ -83.231339, 34.611187 ], [ -83.159954, 34.603464 ], [ -83.158677, 34.578999 ], [ -83.03336, 34.48309 ], [ -82.901551, 34.486764 ], [ -82.858837, 34.45522 ], [ -82.834806, 34.366302 ], [ -82.746656, 34.266407 ], [ -82.717459, 34.150546 ], [ -82.641641, 34.09209 ], [ -82.556835, 33.945353 ], [ -82.32448, 33.820033 ], [ -82.247472, 33.752591 ], [ -82.189141, 33.623722 ], [ -82.046335, 33.56383 ], [ -81.985938, 33.486536 ], [ -81.926336, 33.462937 ], [ -81.913126, 33.438333 ], [ -81.931742, 33.424506 ], [ -81.909629, 33.412603 ], [ -81.944893, 33.407962 ], [ -81.924837, 33.37414 ], [ -81.946337, 33.37064 ], [ -81.939737, 33.344941 ], [ -81.90893, 33.346268 ], [ -81.913737, 33.320042 ], [ -81.901954, 33.335876 ], [ -81.881237, 33.302543 ], [ -81.847636, 33.307143 ], [ -81.863336, 33.289244 ], [ -81.828336, 33.263045 ], [ -81.852937, 33.248744 ], [ -81.80649, 33.212126 ], [ -81.767935, 33.216347 ], [ -81.754135, 33.15055 ], [ -81.611657, 33.094259 ], [ -81.492253, 33.009342 ], [ -81.502427, 32.935353 ], [ -81.464069, 32.897814 ], [ -81.479445, 32.881082 ], [ -81.45339, 32.87388 ], [ -81.460722, 32.846038 ], [ -81.417984, 32.818196 ], [ -81.43194, 32.768911 ], [ -81.404932, 32.745559 ], [ -81.427505, 32.702242 ], [ -81.393033, 32.651543 ], [ -81.418116, 32.628349 ], [ -81.36695, 32.577019 ], [ -81.281324, 32.556464 ], [ -81.186952, 32.463566 ], [ -81.205507, 32.423612 ], [ -81.159832, 32.339964 ], [ -81.128616, 32.338623 ], [ -81.119867, 32.286203 ], [ -81.156587, 32.24391 ], [ -81.114016, 32.195448 ], [ -81.129746, 32.165933 ], [ -81.115367, 32.114705 ], [ -81.038125, 32.083734 ], [ -81.004305, 32.102367 ], [ -80.875954, 32.016758 ], [ -80.843456, 32.023647 ], [ -80.881896, 31.956683 ], [ -80.928006, 31.938532 ], [ -80.942742, 31.963741 ], [ -80.984336, 31.940145 ], [ -80.930145, 31.90807 ], [ -80.99269, 31.857641 ], [ -81.065255, 31.877095 ], [ -81.075812, 31.829031 ], [ -81.035913, 31.810364 ], [ -81.095095, 31.749144 ], [ -81.130634, 31.722692 ], [ -81.203572, 31.719448 ], [ -81.131137, 31.695774 ], [ -81.128845, 31.631439 ], [ -81.160364, 31.570436 ], [ -81.178758, 31.558152 ], [ -81.195581, 31.58043 ], [ -81.298259, 31.533505 ], [ -81.258809, 31.52906 ], [ -81.278733, 31.497538 ], [ -81.20419, 31.536074 ], [ -81.178725, 31.518202 ], [ -81.29427, 31.368596 ], [ -81.269552, 31.258741 ], [ -81.290468, 31.217691 ], [ -81.409523, 31.120611 ], [ -81.420474, 31.016703 ], [ -81.493651, 30.977528 ], [ -81.426929, 30.956615 ], [ -81.408484, 30.977718 ], [ -81.403409, 30.957914 ], [ -81.460061, 30.769912 ], [ -81.429193, 30.700722 ] ] ], [ [ [ -80.17706, 25.521704 ], [ -80.17395, 25.525375 ], [ -80.17268, 25.522087 ], [ -80.17706, 25.521704 ] ] ], [ [ [ -80.255864, 25.376244 ], [ -80.20922, 25.41437 ], [ -80.175744, 25.517714 ], [ -80.203829, 25.414497 ], [ -80.250282, 25.344791 ], [ -80.255864, 25.376244 ] ] ], [ [ [ -80.294912, 25.385445 ], [ -80.295002, 25.376714 ], [ -80.303641, 25.37851 ], [ -80.294912, 25.385445 ] ] ], [ [ [ -80.296776, 25.325538 ], [ -80.293668, 25.326819 ], [ -80.293713, 25.324611 ], [ -80.296776, 25.325538 ] ] ], [ [ [ -80.301963, 25.403001 ], [ -80.301833, 25.406823 ], [ -80.299741, 25.405385 ], [ -80.301963, 25.403001 ] ] ], [ [ [ -80.448638, 25.053666 ], [ -80.455781, 25.048353 ], [ -80.460984, 25.049575 ], [ -80.448638, 25.053666 ] ] ], [ [ [ -80.483802, 25.085139 ], [ -80.474295, 25.095364 ], [ -80.477742, 25.103543 ], [ -80.483802, 25.085139 ] ] ], [ [ [ -80.477416, 25.107891 ], [ -80.480673, 25.116026 ], [ -80.475008, 25.109784 ], [ -80.477416, 25.107891 ] ] ], [ [ [ -80.496994, 25.099668 ], [ -80.487249, 25.105049 ], [ -80.491527, 25.099561 ], [ -80.496994, 25.099668 ] ] ], [ [ [ -80.493276, 25.078446 ], [ -80.502891, 25.076204 ], [ -80.49285, 25.079996 ], [ -80.493276, 25.078446 ] ] ], [ [ [ -80.505356, 25.137824 ], [ -80.509163, 25.13139 ], [ -80.509938, 25.139974 ], [ -80.505356, 25.137824 ] ] ], [ [ [ -80.505434, 25.148743 ], [ -80.514404, 25.150354 ], [ -80.509337, 25.155186 ], [ -80.505434, 25.148743 ] ] ], [ [ [ -80.517832, 25.083 ], [ -80.511144, 25.083179 ], [ -80.510588, 25.081913 ], [ -80.517832, 25.083 ] ] ], [ [ [ -80.545464, 25.183296 ], [ -80.535636, 25.195097 ], [ -80.531294, 25.185605 ], [ -80.545464, 25.183296 ] ] ], [ [ [ -80.553221, 25.161413 ], [ -80.550058, 25.161854 ], [ -80.555867, 25.158177 ], [ -80.553221, 25.161413 ] ] ], [ [ [ -80.555844, 25.072206 ], [ -80.552658, 25.062944 ], [ -80.559907, 25.063267 ], [ -80.555844, 25.072206 ] ] ], [ [ [ -80.565018, 25.149679 ], [ -80.561944, 25.13957 ], [ -80.570128, 25.149464 ], [ -80.565018, 25.149679 ] ] ], [ [ [ -80.567157, 25.108256 ], [ -80.560739, 25.107395 ], [ -80.573099, 25.103951 ], [ -80.567157, 25.108256 ] ] ], [ [ [ -80.564955, 25.127871 ], [ -80.570833, 25.129247 ], [ -80.569652, 25.131498 ], [ -80.564955, 25.127871 ] ] ], [ [ [ -80.574561, 25.159899 ], [ -80.575119, 25.148388 ], [ -80.57905, 25.159949 ], [ -80.574561, 25.159899 ] ] ], [ [ [ -80.582693, 25.061169 ], [ -80.589322, 25.058228 ], [ -80.586356, 25.062545 ], [ -80.582693, 25.061169 ] ] ], [ [ [ -80.594371, 25.170224 ], [ -80.587645, 25.161638 ], [ -80.607696, 25.174917 ], [ -80.594371, 25.170224 ] ] ], [ [ [ -80.619408, 25.071509 ], [ -80.607919, 25.056915 ], [ -80.613385, 25.056161 ], [ -80.619408, 25.071509 ] ] ], [ [ [ -80.621467, 25.183668 ], [ -80.614448, 25.175779 ], [ -80.624794, 25.182807 ], [ -80.621467, 25.183668 ] ] ], [ [ [ -80.615531, 25.007777 ], [ -80.615982, 25.003532 ], [ -80.620159, 25.001352 ], [ -80.615531, 25.007777 ] ] ], [ [ [ -80.627171, 25.000401 ], [ -80.623225, 25.001586 ], [ -80.623887, 24.998781 ], [ -80.627171, 25.000401 ] ] ], [ [ [ -80.623203, 24.95862 ], [ -80.625146, 24.961366 ], [ -80.623882, 24.963673 ], [ -80.623203, 24.95862 ] ] ], [ [ [ -80.633242, 25.024247 ], [ -80.636835, 25.02813 ], [ -80.631628, 25.025463 ], [ -80.633242, 25.024247 ] ] ], [ [ [ -80.658672, 25.107111 ], [ -80.645948, 25.139622 ], [ -80.632135, 25.118588 ], [ -80.642976, 25.07273 ], [ -80.658672, 25.107111 ] ] ], [ [ [ -80.641298, 25.0516 ], [ -80.648224, 25.049147 ], [ -80.647629, 25.052054 ], [ -80.641298, 25.0516 ] ] ], [ [ [ -80.648532, 25.032356 ], [ -80.64586, 25.036275 ], [ -80.646338, 25.033159 ], [ -80.648532, 25.032356 ] ] ], [ [ [ -80.651177, 24.988858 ], [ -80.65077, 24.982162 ], [ -80.654128, 24.98164 ], [ -80.651177, 24.988858 ] ] ], [ [ [ -80.661826, 24.995273 ], [ -80.657594, 24.987781 ], [ -80.664962, 24.988104 ], [ -80.661826, 24.995273 ] ] ], [ [ [ -80.660828, 24.924028 ], [ -80.670837, 24.92021 ], [ -80.665154, 24.928158 ], [ -80.660828, 24.924028 ] ] ], [ [ [ -80.664029, 25.033643 ], [ -80.669088, 25.035768 ], [ -80.66464, 25.037154 ], [ -80.664029, 25.033643 ] ] ], [ [ [ -80.666745, 24.987242 ], [ -80.671843, 24.988712 ], [ -80.670085, 24.990165 ], [ -80.666745, 24.987242 ] ] ], [ [ [ -80.6745, 25.104106 ], [ -80.678855, 25.098804 ], [ -80.680244, 25.100754 ], [ -80.6745, 25.104106 ] ] ], [ [ [ -80.676237, 25.03099 ], [ -80.678061, 25.035262 ], [ -80.67379, 25.03355 ], [ -80.676237, 25.03099 ] ] ], [ [ [ -80.684074, 25.122946 ], [ -80.675904, 25.114509 ], [ -80.685861, 25.112891 ], [ -80.684074, 25.122946 ] ] ], [ [ [ -80.687065, 25.027197 ], [ -80.682053, 25.03072 ], [ -80.682111, 25.025314 ], [ -80.687065, 25.027197 ] ] ], [ [ [ -80.73748, 24.848739 ], [ -80.718511, 24.863004 ], [ -80.690651, 24.884221 ], [ -80.703332, 24.868351 ], [ -80.73748, 24.848739 ] ] ], [ [ [ -80.692643, 25.060086 ], [ -80.700645, 25.055092 ], [ -80.695635, 25.062084 ], [ -80.692643, 25.060086 ] ] ], [ [ [ -80.696965, 24.908076 ], [ -80.704353, 24.898529 ], [ -80.700491, 24.90807 ], [ -80.696965, 24.908076 ] ] ], [ [ [ -80.694413, 25.119941 ], [ -80.702838, 25.121328 ], [ -80.694541, 25.122252 ], [ -80.694413, 25.119941 ] ] ], [ [ [ -80.699136, 25.107342 ], [ -80.701538, 25.095759 ], [ -80.700892, 25.108069 ], [ -80.699136, 25.107342 ] ] ], [ [ [ -80.714958, 25.140795 ], [ -80.701689, 25.133347 ], [ -80.699647, 25.125719 ], [ -80.714958, 25.140795 ] ] ], [ [ [ -80.714637, 25.146559 ], [ -80.710953, 25.145806 ], [ -80.711309, 25.144408 ], [ -80.714637, 25.146559 ] ] ], [ [ [ -80.724637, 25.093824 ], [ -80.725196, 25.099155 ], [ -80.723231, 25.098128 ], [ -80.724637, 25.093824 ] ] ], [ [ [ -80.726251, 24.996229 ], [ -80.730093, 25.002447 ], [ -80.723687, 25.005051 ], [ -80.726251, 24.996229 ] ] ], [ [ [ -80.736778, 25.064829 ], [ -80.728203, 25.070893 ], [ -80.727989, 25.062618 ], [ -80.736778, 25.064829 ] ] ], [ [ [ -80.740108, 25.008277 ], [ -80.735532, 25.005445 ], [ -80.736917, 25.002469 ], [ -80.740108, 25.008277 ] ] ], [ [ [ -80.754511, 25.03908 ], [ -80.749596, 25.027061 ], [ -80.758285, 25.0293 ], [ -80.754511, 25.03908 ] ] ], [ [ [ -80.762529, 25.145268 ], [ -80.759271, 25.143857 ], [ -80.762767, 25.143655 ], [ -80.762529, 25.145268 ] ] ], [ [ [ -80.784277, 25.127302 ], [ -80.786703, 25.124423 ], [ -80.792239, 25.131713 ], [ -80.784277, 25.127302 ] ] ], [ [ [ -80.783693, 24.937186 ], [ -80.788172, 24.940462 ], [ -80.782672, 24.939327 ], [ -80.783693, 24.937186 ] ] ], [ [ [ -80.787135, 25.023011 ], [ -80.789648, 25.026551 ], [ -80.785232, 25.024756 ], [ -80.787135, 25.023011 ] ] ], [ [ [ -80.787672, 25.089118 ], [ -80.791594, 25.094558 ], [ -80.78567, 25.092476 ], [ -80.787672, 25.089118 ] ] ], [ [ [ -80.849276, 24.803514 ], [ -80.790477, 24.84295 ], [ -80.810211, 24.824176 ], [ -80.794531, 24.81205 ], [ -80.849276, 24.803514 ] ] ], [ [ [ -80.792444, 25.071177 ], [ -80.789755, 25.066734 ], [ -80.7923, 25.067924 ], [ -80.792444, 25.071177 ] ] ], [ [ [ -80.827196, 24.988895 ], [ -80.832497, 24.992512 ], [ -80.831711, 24.994608 ], [ -80.827196, 24.988895 ] ] ], [ [ [ -80.832298, 25.121699 ], [ -80.833488, 25.11768 ], [ -80.833471, 25.121408 ], [ -80.832298, 25.121699 ] ] ], [ [ [ -80.851471, 25.107736 ], [ -80.850375, 25.110719 ], [ -80.849757, 25.108473 ], [ -80.851471, 25.107736 ] ] ], [ [ [ -80.860895, 25.031059 ], [ -80.865385, 25.032385 ], [ -80.862189, 25.033801 ], [ -80.860895, 25.031059 ] ] ], [ [ [ -80.881348, 25.118399 ], [ -80.876076, 25.110876 ], [ -80.8825, 25.108339 ], [ -80.881348, 25.118399 ] ] ], [ [ [ -80.885359, 25.058095 ], [ -80.884814, 25.061199 ], [ -80.883582, 25.059878 ], [ -80.885359, 25.058095 ] ] ], [ [ [ -80.909391, 25.133438 ], [ -80.900573, 25.134901 ], [ -80.908605, 25.132541 ], [ -80.909391, 25.133438 ] ] ], [ [ [ -80.904055, 25.04966 ], [ -80.901776, 25.052214 ], [ -80.901583, 25.050331 ], [ -80.904055, 25.04966 ] ] ], [ [ [ -80.916736, 24.770563 ], [ -80.907616, 24.76862 ], [ -80.922944, 24.765688 ], [ -80.916736, 24.770563 ] ] ], [ [ [ -80.91202, 25.110325 ], [ -80.911067, 25.101951 ], [ -80.914995, 25.108624 ], [ -80.91202, 25.110325 ] ] ], [ [ [ -80.927345, 25.078445 ], [ -80.929533, 25.08089 ], [ -80.925168, 25.080554 ], [ -80.927345, 25.078445 ] ] ], [ [ [ -80.930997, 24.770131 ], [ -80.928353, 24.764257 ], [ -80.931531, 24.763398 ], [ -80.930997, 24.770131 ] ] ], [ [ [ -81.124761, 24.707129 ], [ -81.041593, 24.743278 ], [ -81.021072, 24.733422 ], [ -80.931416, 24.774344 ], [ -81.015933, 24.719881 ], [ -81.067135, 24.714931 ], [ -81.0773, 24.689974 ], [ -81.110081, 24.689493 ], [ -81.124761, 24.707129 ] ] ], [ [ [ -80.939187, 25.106341 ], [ -80.943413, 25.108626 ], [ -80.932481, 25.109231 ], [ -80.939187, 25.106341 ] ] ], [ [ [ -81.230055, 24.776859 ], [ -81.227978, 24.781785 ], [ -81.226135, 24.775721 ], [ -81.230055, 24.776859 ] ] ], [ [ [ -81.27769, 24.660031 ], [ -81.242992, 24.672462 ], [ -81.281778, 24.65375 ], [ -81.27769, 24.660031 ] ] ], [ [ [ -81.271882, 31.304105 ], [ -81.277159, 31.311215 ], [ -81.270664, 31.310521 ], [ -81.271882, 31.304105 ] ] ], [ [ [ -81.286384, 24.774171 ], [ -81.293946, 24.77257 ], [ -81.293233, 24.780834 ], [ -81.286384, 24.774171 ] ] ], [ [ [ -81.812536, 24.545469 ], [ -81.799495, 24.594168 ], [ -81.794012, 24.575749 ], [ -81.752834, 24.580234 ], [ -81.721995, 24.606654 ], [ -81.765336, 24.632626 ], [ -81.754281, 24.654043 ], [ -81.571151, 24.756354 ], [ -81.515804, 24.756165 ], [ -81.498101, 24.792574 ], [ -81.44351, 24.813364 ], [ -81.451517, 24.76687 ], [ -81.405467, 24.792709 ], [ -81.371822, 24.779089 ], [ -81.359415, 24.72858 ], [ -81.296895, 24.655382 ], [ -81.394795, 24.621135 ], [ -81.412537, 24.646732 ], [ -81.505944, 24.65451 ], [ -81.519025, 24.618812 ], [ -81.685243, 24.558676 ], [ -81.812536, 24.545469 ] ] ], [ [ [ -81.330376, 24.749722 ], [ -81.303679, 24.732466 ], [ -81.297401, 24.716732 ], [ -81.329348, 24.726638 ], [ -81.330376, 24.749722 ] ] ], [ [ [ -81.306097, 24.757079 ], [ -81.298959, 24.743645 ], [ -81.314255, 24.752541 ], [ -81.306097, 24.757079 ] ] ], [ [ [ -81.319265, 24.761026 ], [ -81.327592, 24.762307 ], [ -81.325126, 24.767115 ], [ -81.319265, 24.761026 ] ] ], [ [ [ -81.342183, 24.739158 ], [ -81.330893, 24.741641 ], [ -81.332913, 24.731603 ], [ -81.342183, 24.739158 ] ] ], [ [ [ -81.341238, 25.712577 ], [ -81.355624, 25.692516 ], [ -81.355986, 25.703526 ], [ -81.341238, 25.712577 ] ] ], [ [ [ -81.444312, 24.632921 ], [ -81.441716, 24.636031 ], [ -81.440873, 24.632971 ], [ -81.444312, 24.632921 ] ] ], [ [ [ -81.480986, 24.618613 ], [ -81.468893, 24.60847 ], [ -81.482815, 24.618093 ], [ -81.480986, 24.618613 ] ] ], [ [ [ -81.812306, 24.567331 ], [ -81.809222, 24.568361 ], [ -81.81204, 24.566092 ], [ -81.812306, 24.567331 ] ] ], [ [ [ -81.814591, 24.560424 ], [ -81.812797, 24.563589 ], [ -81.812259, 24.560775 ], [ -81.814591, 24.560424 ] ] ], [ [ [ -81.888228, 24.557772 ], [ -81.89309, 24.562733 ], [ -81.883857, 24.561216 ], [ -81.888228, 24.557772 ] ] ], [ [ [ -81.922562, 24.547902 ], [ -81.919631, 24.542325 ], [ -81.924892, 24.539964 ], [ -81.922562, 24.547902 ] ] ], [ [ [ -81.925584, 24.532863 ], [ -81.925995, 24.526514 ], [ -81.928329, 24.526587 ], [ -81.925584, 24.532863 ] ] ], [ [ [ -81.919472, 24.60548 ], [ -81.924232, 24.601097 ], [ -81.92308, 24.606625 ], [ -81.919472, 24.60548 ] ] ], [ [ [ -81.965055, 24.524211 ], [ -81.962379, 24.522129 ], [ -81.964274, 24.521304 ], [ -81.965055, 24.524211 ] ] ], [ [ [ -81.978544, 24.523246 ], [ -81.970856, 24.526957 ], [ -81.968177, 24.523495 ], [ -81.978544, 24.523246 ] ] ], [ [ [ -81.999817, 24.533531 ], [ -82.006453, 24.527437 ], [ -82.009314, 24.536455 ], [ -81.999817, 24.533531 ] ] ], [ [ [ -82.21994, 26.607071 ], [ -82.159739, 26.481976 ], [ -82.013913, 26.452058 ], [ -82.082915, 26.422059 ], [ -82.172917, 26.467658 ], [ -82.21994, 26.607071 ] ] ], [ [ [ -82.114385, 24.592934 ], [ -82.101336, 24.565497 ], [ -82.116087, 24.549544 ], [ -82.130253, 24.548207 ], [ -82.110364, 24.568616 ], [ -82.145407, 24.5899 ], [ -82.114385, 24.592934 ] ] ], [ [ [ -82.146016, 24.548943 ], [ -82.145184, 24.552511 ], [ -82.144114, 24.551321 ], [ -82.146016, 24.548943 ] ] ], [ [ [ -82.16452, 24.563393 ], [ -82.162653, 24.561158 ], [ -82.159034, 24.547935 ], [ -82.165664, 24.556589 ], [ -82.16452, 24.563393 ] ] ], [ [ [ -82.24561, 26.703085 ], [ -82.218752, 26.625133 ], [ -82.223127, 26.612544 ], [ -82.262485, 26.677602 ], [ -82.24561, 26.703085 ] ] ], [ [ [ -82.417027, 27.845825 ], [ -82.420554, 27.846539 ], [ -82.405218, 27.849009 ], [ -82.417027, 27.845825 ] ] ], [ [ [ -82.424278, 27.868217 ], [ -82.435448, 27.884199 ], [ -82.424622, 27.884199 ], [ -82.424278, 27.868217 ] ] ], [ [ [ -82.441689, 27.823534 ], [ -82.431221, 27.838608 ], [ -82.43222, 27.822289 ], [ -82.441689, 27.823534 ] ] ], [ [ [ -82.573608, 27.631266 ], [ -82.572698, 27.636943 ], [ -82.569178, 27.630531 ], [ -82.573608, 27.631266 ] ] ], [ [ [ -82.695062, 27.661584 ], [ -82.693907, 27.668738 ], [ -82.685555, 27.664742 ], [ -82.695062, 27.661584 ] ] ], [ [ [ -82.730476, 28.797396 ], [ -82.747481, 28.783381 ], [ -82.757334, 28.800728 ], [ -82.730476, 28.797396 ] ] ], [ [ [ -82.764176, 27.58859 ], [ -82.760636, 27.585564 ], [ -82.756101, 27.576085 ], [ -82.764176, 27.58859 ] ] ], [ [ [ -82.801029, 28.173999 ], [ -82.798433, 28.173887 ], [ -82.800115, 28.173231 ], [ -82.801029, 28.173999 ] ] ], [ [ [ -82.804278, 28.176409 ], [ -82.801881, 28.177413 ], [ -82.801632, 28.176547 ], [ -82.804278, 28.176409 ] ] ], [ [ [ -82.806071, 28.173048 ], [ -82.804164, 28.174098 ], [ -82.804101, 28.173094 ], [ -82.806071, 28.173048 ] ] ], [ [ [ -82.833786, 28.13026 ], [ -82.832405, 28.106716 ], [ -82.842743, 28.111225 ], [ -82.843374, 28.119538 ], [ -82.833786, 28.13026 ] ] ], [ [ [ -82.840446, 28.212004 ], [ -82.843063, 28.190478 ], [ -82.842651, 28.163849 ], [ -82.840446, 28.212004 ] ] ], [ [ [ -82.863299, 24.628879 ], [ -82.873656, 24.626469 ], [ -82.8752, 24.629252 ], [ -82.863299, 24.628879 ] ] ], [ [ [ -82.91672, 24.636246 ], [ -82.923621, 24.628905 ], [ -82.926114, 24.628051 ], [ -82.91672, 24.636246 ] ] ], [ [ [ -83.034469, 29.121813 ], [ -83.027814, 29.127004 ], [ -83.024011, 29.119322 ], [ -83.034469, 29.121813 ] ] ], [ [ [ -83.030666, 29.098971 ], [ -83.025912, 29.096271 ], [ -83.035325, 29.096307 ], [ -83.030666, 29.098971 ] ] ], [ [ [ -83.065367, 29.095648 ], [ -83.069854, 29.102777 ], [ -83.059928, 29.09966 ], [ -83.065367, 29.095648 ] ] ], [ [ [ -83.082604, 29.128917 ], [ -83.093922, 29.128523 ], [ -83.088422, 29.134894 ], [ -83.082604, 29.128917 ] ] ], [ [ [ -83.830048, 29.973025 ], [ -83.829032, 29.969825 ], [ -83.830815, 29.971061 ], [ -83.830048, 29.973025 ] ] ], [ [ [ -84.674683, 29.786234 ], [ -84.624532, 29.7901 ], [ -84.57248, 29.828459 ], [ -84.623741, 29.788498 ], [ -84.667907, 29.777897 ], [ -84.674683, 29.786234 ] ] ], [ [ [ -85.097168, 29.626242 ], [ -85.015745, 29.598174 ], [ -84.867645, 29.670954 ], [ -84.802933, 29.683692 ], [ -84.693408, 29.768864 ], [ -84.776954, 29.692191 ], [ -84.956452, 29.613997 ], [ -85.045074, 29.586991 ], [ -85.097168, 29.626242 ] ] ], [ [ [ -85.222456, 29.677804 ], [ -85.114268, 29.688658 ], [ -85.074308, 29.673981 ], [ -85.120454, 29.630015 ], [ -85.222456, 29.677804 ] ] ], [ [ [ -88.053375, 30.506987 ], [ -88.026222, 30.516609 ], [ -88.02433, 30.490774 ], [ -88.053375, 30.506987 ] ] ], [ [ [ -88.201468, 30.251179 ], [ -88.141143, 30.255024 ], [ -88.117738, 30.279124 ], [ -88.074854, 30.249119 ], [ -88.199799, 30.24779 ], [ -88.304773, 30.228031 ], [ -88.327302, 30.229882 ], [ -88.201468, 30.251179 ] ] ], [ [ [ -88.225723, 30.321556 ], [ -88.220241, 30.320527 ], [ -88.226195, 30.320726 ], [ -88.225723, 30.321556 ] ] ], [ [ [ -88.262404, 30.334219 ], [ -88.25947, 30.366778 ], [ -88.256207, 30.325115 ], [ -88.262404, 30.334219 ] ] ] ] } },
{ "type": "Feature", "properties": { "COURT_ID": "2", "COURT_NAME": "Second Bankruptcy Court", "area_sq_km": 308535.37531931954, "source": "Derived from Courts of Appeals Circuits", "source_data": "US Census Bureau TIGER/Line", "date_created": "2025-10-08T00:00:00", "created_by": "District-Maps Project", "notes": "Bankruptcy courts follow same boundaries as Appeals circuits" }, "geometry": { "type": "MultiPolygon", "coordinates": [ [ [ [ -79.761951, 42.26986 ], [ -79.453533, 42.411157 ], [ -79.354483, 42.494071 ], [ -79.148723, 42.553672 ], [ -79.046754, 42.691346 ], [ -78.853455, 42.783958 ], [ -78.871805, 42.822679 ], [ -78.857922, 42.838781 ], [ -78.918859, 42.946857 ], [ -79.019964, 42.994756 ], [ -78.999435, 43.056057 ], [ -79.074467, 43.077855 ], [ -79.042366, 43.143655 ], [ -79.070469, 43.262454 ], [ -78.634346, 43.357624 ], [ -78.370221, 43.376505 ], [ -77.976438, 43.369159 ], [ -77.760231, 43.341161 ], [ -77.551022, 43.235763 ], [ -77.341092, 43.280661 ], [ -76.950964, 43.270522 ], [ -76.694026, 43.346461 ], [ -76.630774, 43.413356 ], [ -76.417581, 43.521285 ], [ -76.297103, 43.51287 ], [ -76.228701, 43.532987 ], [ -76.199138, 43.600454 ], [ -76.205436, 43.718751 ], [ -76.234986, 43.822625 ], [ -76.299064, 43.838503 ], [ -76.297392, 43.855925 ], [ -76.233163, 43.886267 ], [ -76.237363, 43.863596 ], [ -76.203012, 43.850752 ], [ -76.127285, 43.897889 ], [ -76.134358, 43.945664 ], [ -76.059062, 43.9857 ], [ -76.0797, 44.00329 ], [ -76.13628, 43.964671 ], [ -76.199811, 43.968345 ], [ -76.199447, 43.991672 ], [ -76.118753, 44.034472 ], [ -76.168284, 44.032723 ], [ -76.140145, 44.070194 ], [ -76.20428, 44.054271 ], [ -76.20164, 44.079039 ], [ -76.272841, 44.051777 ], [ -76.282217, 44.012306 ], [ -76.201164, 44.024177 ], [ -76.281393, 43.960945 ], [ -76.265882, 43.995483 ], [ -76.300956, 44.009864 ], [ -76.294902, 44.058274 ], [ -76.359687, 44.071024 ], [ -76.344247, 44.087917 ], [ -76.370706, 44.100499 ], [ -76.312647, 44.199044 ], [ -76.206777, 44.214543 ], [ -76.164265, 44.239603 ], [ -76.161833, 44.280777 ], [ -75.912985, 44.368084 ], [ -75.82083, 44.432244 ], [ -75.76623, 44.515851 ], [ -75.413792, 44.772534 ], [ -74.992756, 44.977449 ], [ -74.826578, 45.01585 ], [ -74.731301, 44.990422 ], [ -74.670297, 45.006194 ], [ -74.146814, 44.9915 ], [ -73.059685, 45.015869 ], [ -71.464555, 45.013637 ], [ -71.536188, 44.994592 ], [ -71.49491, 44.904299 ], [ -71.549741, 44.861458 ], [ -71.571315, 44.793339 ], [ -71.631883, 44.752463 ], [ -71.587365, 44.659715 ], [ -71.547226, 44.630355 ], [ -71.5622, 44.601592 ], [ -71.535397, 44.587113 ], [ -71.596137, 44.560898 ], [ -71.572004, 44.538224 ], [ -71.594259, 44.52168 ], [ -71.576765, 44.502618 ], [ -71.632795, 44.48389 ], [ -71.702186, 44.413828 ], [ -71.793924, 44.399271 ], [ -71.814351, 44.354541 ], [ -72.032816, 44.320446 ], [ -72.068432, 44.271296 ], [ -72.047889, 44.238493 ], [ -72.066166, 44.189773 ], [ -72.033412, 44.1311 ], [ -72.055141, 44.110417 ], [ -72.031841, 44.078542 ], [ -72.116985, 43.99448 ], [ -72.114726, 43.968332 ], [ -72.091413, 43.965452 ], [ -72.172714, 43.884254 ], [ -72.205143, 43.771141 ], [ -72.299564, 43.706277 ], [ -72.328514, 43.600805 ], [ -72.380146, 43.573624 ], [ -72.398563, 43.513435 ], [ -72.381723, 43.480091 ], [ -72.415978, 43.376531 ], [ -72.390103, 43.356926 ], [ -72.410353, 43.331675 ], [ -72.395462, 43.312994 ], [ -72.438693, 43.252905 ], [ -72.45714, 43.148493 ], [ -72.432972, 43.119655 ], [ -72.467363, 43.052648 ], [ -72.443762, 43.006245 ], [ -72.532186, 42.954945 ], [ -72.52443, 42.915575 ], [ -72.556214, 42.86695 ], [ -72.516082, 42.765949 ], [ -72.491122, 42.772465 ], [ -72.458519, 42.726853 ], [ -73.264957, 42.74594 ], [ -73.508142, 42.086257 ], [ -73.496879, 42.049675 ], [ -72.813541, 42.036494 ], [ -72.816741, 41.997595 ], [ -72.766739, 42.002995 ], [ -72.755838, 42.036195 ], [ -71.80065, 42.023569 ], [ -71.789356, 41.59691 ], [ -71.797683, 41.416709 ], [ -71.843472, 41.40583 ], [ -71.829384, 41.342413 ], [ -71.860513, 41.320248 ], [ -71.945652, 41.337799 ], [ -72.005143, 41.306687 ], [ -72.074104, 41.318993 ], [ -72.11182, 41.299098 ], [ -72.191022, 41.323197 ], [ -72.205788, 41.285883 ], [ -72.223828, 41.301981 ], [ -72.31776, 41.277782 ], [ -72.350504, 41.31175 ], [ -72.34261, 41.268846 ], [ -72.451925, 41.278885 ], [ -72.543941, 41.248704 ], [ -72.617237, 41.271998 ], [ -72.694744, 41.24497 ], [ -72.762057, 41.267686 ], [ -72.894578, 41.242509 ], [ -72.913087, 41.296737 ], [ -73.01455, 41.204735 ], [ -73.082045, 41.192964 ], [ -73.10302, 41.151412 ], [ -73.177774, 41.166697 ], [ -73.262388, 41.118193 ], [ -73.368249, 41.107194 ], [ -73.43325, 41.055808 ], [ -73.466731, 41.061128 ], [ -73.477366, 41.036397 ], [ -73.500582, 41.046716 ], [ -73.570068, 41.001597 ], [ -73.639885, 41.003118 ], [ -73.661895, 40.988606 ], [ -73.686473, 40.945198 ], [ -73.79254, 40.883981 ], [ -73.799843, 40.848667 ], [ -73.804417, 40.861616 ], [ -73.817976, 40.863639 ], [ -73.793879, 40.789013 ], [ -73.775558, 40.795613 ], [ -73.756221, 40.766364 ], [ -73.753009, 40.838392 ], [ -73.713404, 40.803467 ], [ -73.703957, 40.817433 ], [ -73.730675, 40.8654 ], [ -73.648602, 40.828821 ], [ -73.654372, 40.878199 ], [ -73.633134, 40.90269 ], [ -73.521423, 40.918304 ], [ -73.50837, 40.90147 ], [ -73.533089, 40.8853 ], [ -73.523582, 40.909554 ], [ -73.547825, 40.903626 ], [ -73.541883, 40.876854 ], [ -73.506231, 40.872361 ], [ -73.494822, 40.894823 ], [ -73.464637, 40.868227 ], [ -73.496518, 40.923141 ], [ -73.485365, 40.946397 ], [ -73.357556, 40.893045 ], [ -73.351658, 40.922698 ], [ -73.40354, 40.931329 ], [ -73.402068, 40.954393 ], [ -73.228384, 40.905961 ], [ -73.147077, 40.928721 ], [ -73.158129, 40.967517 ], [ -73.118434, 40.977294 ], [ -72.913834, 40.962466 ], [ -72.635562, 40.981957 ], [ -72.397, 41.096307 ], [ -72.354123, 41.139952 ], [ -72.278789, 41.158722 ], [ -72.233927, 41.158914 ], [ -72.294106, 41.114121 ], [ -72.312841, 41.140327 ], [ -72.339163, 41.115045 ], [ -72.277427, 41.078723 ], [ -72.275875, 41.03657 ], [ -72.190563, 41.032579 ], [ -72.16037, 41.053827 ], [ -72.10216, 40.991509 ], [ -71.963513, 41.042533 ], [ -71.955203, 41.07307 ], [ -71.856483, 41.071037 ], [ -72.39585, 40.86666 ], [ -73.20844, 40.630884 ], [ -73.341766, 40.6327 ], [ -73.571791, 40.578257 ], [ -73.774928, 40.590759 ], [ -73.940542, 40.54404 ], [ -73.879222, 40.574656 ], [ -74.002001, 40.570602 ], [ -73.997084, 40.591414 ], [ -74.041712, 40.626379 ], [ -73.999994, 40.663822 ], [ -74.018868, 40.671303 ], [ -73.996357, 40.703378 ], [ -74.019215, 40.706554 ], [ -74.014029, 40.757551 ], [ -73.929821, 40.888682 ], [ -73.893628, 40.997165 ], [ -74.696398, 41.357339 ], [ -74.738455, 41.430641 ], [ -74.893913, 41.43893 ], [ -74.912517, 41.475605 ], [ -74.983341, 41.480894 ], [ -75.074613, 41.605711 ], [ -75.044224, 41.617978 ], [ -75.06883, 41.708161 ], [ -75.049862, 41.713309 ], [ -75.053431, 41.752538 ], [ -75.10464, 41.774203 ], [ -75.072172, 41.813732 ], [ -75.170565, 41.871608 ], [ -75.260527, 41.8638 ], [ -75.279094, 41.938917 ], [ -75.359579, 41.999445 ], [ -79.761374, 41.999067 ], [ -79.761951, 42.26986 ] ] ], [ [ [ -72.036846, 41.249794 ], [ -72.023055, 41.274847 ], [ -72.006941, 41.262306 ], [ -71.922614, 41.29234 ], [ -72.036846, 41.249794 ] ] ], [ [ [ -72.127893, 41.120438 ], [ -72.077929, 41.099873 ], [ -72.095123, 41.054208 ], [ -72.103152, 41.086484 ], [ -72.141921, 41.094371 ], [ -72.127893, 41.120438 ] ] ], [ [ [ -72.172972, 41.187296 ], [ -72.197319, 41.165468 ], [ -72.211999, 41.173544 ], [ -72.189141, 41.188311 ], [ -72.172972, 41.187296 ] ] ], [ [ [ -72.223899, 41.293464 ], [ -72.225226, 41.295258 ], [ -72.223756, 41.294857 ], [ -72.223899, 41.293464 ] ] ], [ [ [ -72.75886, 41.253843 ], [ -72.740099, 41.255105 ], [ -72.760341, 41.241235 ], [ -72.75886, 41.253843 ] ] ], [ [ [ -72.761187, 41.258996 ], [ -72.764251, 41.259212 ], [ -72.762344, 41.260356 ], [ -72.761187, 41.258996 ] ] ], [ [ [ -73.215269, 41.142644 ], [ -73.217168, 41.143906 ], [ -73.214987, 41.144473 ], [ -73.215269, 41.142644 ] ] ], [ [ [ -73.353754, 41.087508 ], [ -73.360141, 41.08202 ], [ -73.369775, 41.088802 ], [ -73.353754, 41.087508 ] ] ], [ [ [ -73.388181, 41.073275 ], [ -73.386178, 41.058391 ], [ -73.395238, 41.064431 ], [ -73.388181, 41.073275 ] ] ], [ [ [ -73.404774, 41.06213 ], [ -73.409542, 41.052998 ], [ -73.422165, 41.047562 ], [ -73.404774, 41.06213 ] ] ], [ [ [ -73.609727, 40.990786 ], [ -73.612528, 40.987474 ], [ -73.613369, 40.988883 ], [ -73.609727, 40.990786 ] ] ], [ [ [ -73.62948, 40.983646 ], [ -73.630081, 40.980144 ], [ -73.630573, 40.980707 ], [ -73.62948, 40.983646 ] ] ], [ [ [ -73.644289, 40.998289 ], [ -73.640819, 40.989236 ], [ -73.645767, 40.996001 ], [ -73.644289, 40.998289 ] ] ], [ [ [ -73.772649, 40.859464 ], [ -73.767863, 40.845692 ], [ -73.769792, 40.844967 ], [ -73.772649, 40.859464 ] ] ], [ [ [ -73.76707, 40.886032 ], [ -73.774013, 40.882641 ], [ -73.771462, 40.887452 ], [ -73.76707, 40.886032 ] ] ], [ [ [ -73.790579, 40.85854 ], [ -73.782169, 40.846718 ], [ -73.784163, 40.837105 ], [ -73.790579, 40.85854 ] ] ], [ [ [ -73.786706, 40.858769 ], [ -73.784562, 40.860301 ], [ -73.784077, 40.859397 ], [ -73.786706, 40.858769 ] ] ], [ [ [ -74.0195, 40.693382 ], [ -74.013429, 40.687953 ], [ -74.026302, 40.684844 ], [ -74.0195, 40.693382 ] ] ], [ [ [ -74.039944, 40.70082 ], [ -74.038997, 40.697619 ], [ -74.042196, 40.699966 ], [ -74.039944, 40.70082 ] ] ], [ [ [ -74.043577, 40.690305 ], [ -74.04741, 40.690232 ], [ -74.047083, 40.691062 ], [ -74.043577, 40.690305 ] ] ], [ [ [ -74.246688, 40.496103 ], [ -74.247808, 40.543396 ], [ -74.212243, 40.557213 ], [ -74.187715, 40.642636 ], [ -74.1544, 40.63718 ], [ -74.086485, 40.648601 ], [ -74.071494, 40.642838 ], [ -74.053556, 40.5995 ], [ -74.135401, 40.530407 ], [ -74.132199, 40.546225 ], [ -74.246688, 40.496103 ] ] ], [ [ [ -74.157242, 40.643011 ], [ -74.161255, 40.64179 ], [ -74.160925, 40.644952 ], [ -74.157242, 40.643011 ] ] ], [ [ [ -76.141999, 43.942805 ], [ -76.147437, 43.942825 ], [ -76.14299, 43.944029 ], [ -76.141999, 43.942805 ] ] ], [ [ [ -76.169664, 44.024887 ], [ -76.18345, 44.014632 ], [ -76.187253, 44.013777 ], [ -76.169664, 44.024887 ] ] ], [ [ [ -76.210928, 43.895798 ], [ -76.217856, 43.895616 ], [ -76.211542, 43.897516 ], [ -76.210928, 43.895798 ] ] ], [ [ [ -76.221419, 43.889193 ], [ -76.226009, 43.886158 ], [ -76.226382, 43.887673 ], [ -76.221419, 43.889193 ] ] ], [ [ [ -76.356267, 43.87972 ], [ -76.302894, 43.917231 ], [ -76.32708, 43.88187 ], [ -76.356267, 43.87972 ] ] ], [ [ [ -76.329628, 44.044296 ], [ -76.321297, 44.031208 ], [ -76.336609, 44.03356 ], [ -76.329628, 44.044296 ] ] ], [ [ [ -76.342769, 44.054103 ], [ -76.360929, 44.033594 ], [ -76.381711, 44.039633 ], [ -76.367935, 44.052695 ], [ -76.342769, 44.054103 ] ] ], [ [ [ -76.367346, 43.875744 ], [ -76.367849, 43.879004 ], [ -76.364403, 43.87886 ], [ -76.367346, 43.875744 ] ] ], [ [ [ -76.426579, 43.908342 ], [ -76.378732, 43.919111 ], [ -76.444626, 43.887505 ], [ -76.426579, 43.908342 ] ] ], [ [ [ -76.394285, 43.883949 ], [ -76.398833, 43.884789 ], [ -76.392347, 43.887859 ], [ -76.394285, 43.883949 ] ] ] ] } },
{ "type": "Feature", "properties": { "COURT_ID": "3", "COURT_NAME": "Third Bankruptcy Court", "area_sq_km": 248992.52333714202, "source": "Derived from Courts of Appeals Circuits", "source_data": "US Census Bureau TIGER/Line", "date_created": "2025-10-08T00:00:00", "created_by": "District-Maps Project", "notes": "Bankruptcy courts follow same boundaries as Appeals circuits" }, "geometry": { "type": "MultiPolygon", "coordinates": [ [ [ [ -64.900605, 17.674678 ], [ -64.89403, 17.747359 ], [ -64.872356, 17.771036 ], [ -64.749024, 17.783442 ], [ -64.708587, 17.746825 ], [ -64.565594, 17.755207 ], [ -64.71776, 17.699069 ], [ -64.771149, 17.709016 ], [ -64.766769, 17.69005 ], [ -64.900605, 17.674678 ] ] ], [ [ [ -64.627452, 17.787175 ], [ -64.614228, 17.788464 ], [ -64.612141, 17.787219 ], [ -64.627452, 17.787175 ] ] ], [ [ [ -64.648959, 18.326011 ], [ -64.651818, 18.326131 ], [ -64.649555, 18.328639 ], [ -64.648959, 18.326011 ] ] ], [ [ [ -64.782837, 18.311251 ], [ -64.786244, 18.353118 ], [ -64.746609, 18.355678 ], [ -64.748836, 18.372905 ], [ -64.691256, 18.361112 ], [ -64.660879, 18.342928 ], [ -64.71543, 18.346102 ], [ -64.697382, 18.32203 ], [ -64.703118, 18.298203 ], [ -64.746638, 18.324442 ], [ -64.782837, 18.311251 ] ] ], [ [ [ -64.664135, 17.767837 ], [ -64.667258, 17.765325 ], [ -64.664851, 17.768579 ], [ -64.664135, 17.767837 ] ] ], [ [ [ -64.687783, 18.314829 ], [ -64.68932, 18.31758 ], [ -64.686481, 18.315605 ], [ -64.687783, 18.314829 ] ] ], [ [ [ -64.701943, 17.748913 ], [ -64.703624, 17.750623 ], [ -64.70163, 17.750302 ], [ -64.701943, 17.748913 ] ] ], [ [ [ -64.755521, 18.370965 ], [ -64.758574, 18.369182 ], [ -64.759072, 18.369777 ], [ -64.755521, 18.370965 ] ] ], [ [ [ -64.755786, 18.357293 ], [ -64.757002, 18.355795 ], [ -64.757407, 18.357274 ], [ -64.755786, 18.357293 ] ] ], [ [ [ -64.760462, 17.685051 ], [ -64.762737, 17.682821 ], [ -64.762891, 17.684497 ], [ -64.760462, 17.685051 ] ] ], [ [ [ -64.789791, 18.3542 ], [ -64.788987, 18.356427 ], [ -64.788089, 18.355021 ], [ -64.789791, 18.3542 ] ] ], [ [ [ -64.792181, 18.35387 ], [ -64.794231, 18.352774 ], [ -64.793475, 18.354314 ], [ -64.792181, 18.35387 ] ] ], [ [ [ -64.794781, 18.368778 ], [ -64.793665, 18.37056 ], [ -64.793061, 18.369606 ], [ -64.794781, 18.368778 ] ] ], [ [ [ -64.796329, 18.354968 ], [ -64.797151, 18.356794 ], [ -64.795832, 18.356137 ], [ -64.796329, 18.354968 ] ] ], [ [ [ -64.812212, 18.362395 ], [ -64.798349, 18.363564 ], [ -64.812973, 18.361568 ], [ -64.812212, 18.362395 ] ] ], [ [ [ -64.800005, 18.369657 ], [ -64.805567, 18.366117 ], [ -64.806502, 18.367046 ], [ -64.800005, 18.369657 ] ] ], [ [ [ -64.806883, 18.331274 ], [ -64.807905, 18.32878 ], [ -64.808384, 18.33153 ], [ -64.806883, 18.331274 ] ] ], [ [ [ -64.814627, 18.294972 ], [ -64.817646, 18.296485 ], [ -64.814219, 18.295874 ], [ -64.814627, 18.294972 ] ] ], [ [ [ -64.816577, 18.358075 ], [ -64.824536, 18.360667 ], [ -64.815296, 18.359173 ], [ -64.816577, 18.358075 ] ] ], [ [ [ -64.828975, 18.301224 ], [ -64.821738, 18.298049 ], [ -64.829162, 18.297974 ], [ -64.828975, 18.301224 ] ] ], [ [ [ -64.832283, 18.314479 ], [ -64.823033, 18.311305 ], [ -64.832084, 18.304956 ], [ -64.832283, 18.314479 ] ] ], [ [ [ -64.836509, 18.359043 ], [ -64.826426, 18.359387 ], [ -64.839345, 18.357611 ], [ -64.836509, 18.359043 ] ] ], [ [ [ -65.034109, 18.353628 ], [ -64.95206, 18.376213 ], [ -64.927294, 18.358823 ], [ -64.93726, 18.381498 ], [ -64.831837, 18.324768 ], [ -64.882426, 18.316542 ], [ -64.870403, 18.306818 ], [ -64.877998, 18.302809 ], [ -64.927415, 18.340283 ], [ -64.964352, 18.324813 ], [ -65.034109, 18.353628 ] ] ], [ [ [ -64.874978, 18.360268 ], [ -64.851343, 18.36112 ], [ -64.848138, 18.357634 ], [ -64.874978, 18.360268 ] ] ], [ [ [ -64.868285, 18.30904 ], [ -64.865497, 18.305586 ], [ -64.869205, 18.308494 ], [ -64.868285, 18.30904 ] ] ], [ [ [ -64.865444, 18.312964 ], [ -64.864085, 18.314288 ], [ -64.863736, 18.313667 ], [ -64.865444, 18.312964 ] ] ], [ [ [ -64.86741, 18.315974 ], [ -64.868558, 18.314615 ], [ -64.868796, 18.315699 ], [ -64.86741, 18.315974 ] ] ], [ [ [ -64.885915, 18.276539 ], [ -64.889415, 18.275147 ], [ -64.8892, 18.276182 ], [ -64.885915, 18.276539 ] ] ], [ [ [ -64.896004, 18.278039 ], [ -64.890986, 18.276914 ], [ -64.895915, 18.274664 ], [ -64.896004, 18.278039 ] ] ], [ [ [ -64.917001, 18.404266 ], [ -64.899338, 18.392655 ], [ -64.907655, 18.387575 ], [ -64.917001, 18.404266 ] ] ], [ [ [ -64.906712, 18.412322 ], [ -64.904553, 18.406322 ], [ -64.910262, 18.411315 ], [ -64.906712, 18.412322 ] ] ], [ [ [ -64.908637, 18.308852 ], [ -64.907439, 18.310564 ], [ -64.907224, 18.309799 ], [ -64.908637, 18.308852 ] ] ], [ [ [ -64.908046, 18.413857 ], [ -64.909706, 18.415361 ], [ -64.908037, 18.415746 ], [ -64.908046, 18.413857 ] ] ], [ [ [ -64.937673, 18.335706 ], [ -64.930513, 18.326533 ], [ -64.932853, 18.323094 ], [ -64.937673, 18.335706 ] ] ], [ [ [ -64.957602, 18.306344 ], [ -64.945904, 18.329254 ], [ -64.940263, 18.318139 ], [ -64.957602, 18.306344 ] ] ], [ [ [ -64.973228, 18.38669 ], [ -64.966565, 18.376421 ], [ -64.975841, 18.385732 ], [ -64.973228, 18.38669 ] ] ], [ [ [ -64.972718, 18.400181 ], [ -64.970941, 18.391604 ], [ -64.974643, 18.401056 ], [ -64.972718, 18.400181 ] ] ], [ [ [ -64.990414, 18.316884 ], [ -64.988396, 18.316859 ], [ -64.989759, 18.315613 ], [ -64.990414, 18.316884 ] ] ], [ [ [ -65.002856, 18.304621 ], [ -64.998217, 18.305337 ], [ -65.002022, 18.30378 ], [ -65.002856, 18.304621 ] ] ], [ [ [ -65.046648, 18.361021 ], [ -65.046032, 18.356665 ], [ -65.048149, 18.360299 ], [ -65.046648, 18.361021 ] ] ], [ [ [ -65.055479, 18.363768 ], [ -65.050792, 18.359081 ], [ -65.055991, 18.363133 ], [ -65.055479, 18.363768 ] ] ], [ [ [ -65.056586, 18.35021 ], [ -65.058813, 18.350896 ], [ -65.057751, 18.351651 ], [ -65.056586, 18.35021 ] ] ], [ [ [ -65.059934, 18.381778 ], [ -65.061483, 18.378177 ], [ -65.064232, 18.379982 ], [ -65.059934, 18.381778 ] ] ], [ [ [ -65.084694, 18.335141 ], [ -65.07556, 18.346723 ], [ -65.074969, 18.346571 ], [ -65.084694, 18.335141 ] ] ], [ [ [ -75.69367, 38.46008 ], [ -75.788596, 39.722199 ], [ -80.519342, 39.721403 ], [ -80.519408, 41.977164 ], [ -80.188085, 42.094257 ], [ -80.104284, 42.170078 ], [ -80.066169, 42.171882 ], [ -80.078258, 42.151587 ], [ -80.06108, 42.144857 ], [ -79.761951, 42.26986 ], [ -79.761374, 41.999067 ], [ -75.359579, 41.999445 ], [ -75.279094, 41.938917 ], [ -75.260527, 41.8638 ], [ -75.170565, 41.871608 ], [ -75.072172, 41.813732 ], [ -75.10464, 41.774203 ], [ -75.053431, 41.752538 ], [ -75.049862, 41.713309 ], [ -75.06883, 41.708161 ], [ -75.044224, 41.617978 ], [ -75.074613, 41.605711 ], [ -74.983341, 41.480894 ], [ -74.912517, 41.475605 ], [ -74.893913, 41.43893 ], [ -74.738455, 41.430641 ], [ -74.696398, 41.357339 ], [ -73.893628, 40.997165 ], [ -74.023193, 40.719891 ], [ -74.070112, 40.690652 ], [ -74.070198, 40.660827 ], [ -74.143864, 40.643631 ], [ -74.102481, 40.701926 ], [ -74.12057, 40.717133 ], [ -74.149263, 40.659983 ], [ -74.202679, 40.633836 ], [ -74.214469, 40.565019 ], [ -74.25226, 40.55274 ], [ -74.27269, 40.488405 ], [ -74.205915, 40.439285 ], [ -74.13532, 40.455446 ], [ -74.006383, 40.411108 ], [ -73.991682, 40.442908 ], [ -74.019451, 40.474682 ], [ -73.986059, 40.454427 ], [ -73.977442, 40.299373 ], [ -74.0991, 39.756825 ], [ -74.240647, 39.555753 ], [ -74.289496, 39.509315 ], [ -74.326382, 39.506332 ], [ -74.311918, 39.479895 ], [ -74.333966, 39.435112 ], [ -74.412692, 39.360816 ], [ -74.552597, 39.300143 ], [ -74.619305, 39.24038 ], [ -74.714341, 39.119804 ], [ -74.705876, 39.102937 ], [ -74.798486, 39.026228 ], [ -74.79367, 38.994144 ], [ -74.864458, 38.94041 ], [ -74.967274, 38.933413 ], [ -74.94947, 39.015637 ], [ -74.892547, 39.113183 ], [ -74.899852, 39.17331 ], [ -75.028885, 39.19456 ], [ -75.029795, 39.225466 ], [ -75.107427, 39.218354 ], [ -75.136914, 39.182088 ], [ -75.251699, 39.300341 ], [ -75.288306, 39.291602 ], [ -75.333743, 39.345335 ], [ -75.364389, 39.341574 ], [ -75.427826, 39.387792 ], [ -75.465212, 39.43893 ], [ -75.536431, 39.460559 ], [ -75.511531, 39.577177 ], [ -75.570798, 39.626768 ], [ -75.518343, 39.663913 ], [ -75.450688, 39.775064 ], [ -75.405414, 39.796396 ], [ -75.468502, 39.786474 ], [ -75.613153, 39.62096 ], [ -75.563034, 39.56224 ], [ -75.589439, 39.460812 ], [ -75.406178, 39.258113 ], [ -75.402035, 39.066885 ], [ -75.318354, 38.988191 ], [ -75.312282, 38.924594 ], [ -75.190552, 38.806861 ], [ -75.134022, 38.782242 ], [ -75.092014, 38.803902 ], [ -75.048939, 38.451263 ], [ -75.69367, 38.46008 ] ] ], [ [ [ -74.042196, 40.699966 ], [ -74.041658, 40.696435 ], [ -74.044064, 40.698278 ], [ -74.042196, 40.699966 ] ] ], [ [ [ -75.561438, 39.515523 ], [ -75.567522, 39.510205 ], [ -75.561325, 39.519471 ], [ -75.561438, 39.515523 ] ] ], [ [ [ -75.579709, 39.597892 ], [ -75.565823, 39.590608 ], [ -75.567689, 39.58573 ], [ -75.579709, 39.597892 ] ] ] ] } },
{ "type": "Feature", "properties": { "COURT_ID": "4", "COURT_NAME": "Fourth Bankruptcy Court", "area_sq_km": 626074.25545582816, "source": "Derived from Courts of Appeals Circuits", "source_data": "US Census Bureau TIGER/Line", "date_created": "2025-10-08T00:00:00", "created_by": "District-Maps Project", "notes": "Bankruptcy courts follow same boundaries as Appeals circuits" }, "geometry": { "type": "MultiPolygon", "coordinates": [ [ [ [ -83.341373, 34.681358 ], [ -83.306663, 34.81485 ], [ -83.268318, 34.821125 ], [ -83.243126, 34.877392 ], [ -83.112801, 34.934723 ], [ -83.127035, 34.953778 ], [ -83.102867, 34.997257 ], [ -84.321869, 34.988408 ], [ -84.29024, 35.225572 ], [ -84.223718, 35.269078 ], [ -84.188417, 35.239979 ], [ -84.052612, 35.269982 ], [ -84.02141, 35.301383 ], [ -84.038327, 35.347813 ], [ -84.007586, 35.371661 ], [ -84.023007, 35.411684 ], [ -83.911773, 35.476028 ], [ -83.880074, 35.518745 ], [ -83.82559, 35.523829 ], [ -83.771736, 35.562118 ], [ -83.608889, 35.579451 ], [ -83.498335, 35.562981 ], [ -83.35156, 35.659858 ], [ -83.297154, 35.65775 ], [ -83.251247, 35.719916 ], [ -83.185685, 35.72989 ], [ -83.159208, 35.764892 ], [ -83.07403, 35.790016 ], [ -82.98397, 35.77801 ], [ -82.897273, 35.877882 ], [ -82.92001, 35.928422 ], [ -82.874159, 35.952698 ], [ -82.804997, 35.927168 ], [ -82.776001, 36.000103 ], [ -82.637165, 36.065805 ], [ -82.590963, 36.033606 ], [ -82.610889, 35.967409 ], [ -82.557874, 35.953901 ], [ -82.460658, 36.007809 ], [ -82.409458, 36.083409 ], [ -82.355157, 36.115609 ], [ -82.247521, 36.130865 ], [ -82.213852, 36.159112 ], [ -82.147948, 36.149516 ], [ -82.127146, 36.104417 ], [ -82.033141, 36.120422 ], [ -81.908137, 36.302013 ], [ -81.793597, 36.362209 ], [ -81.707438, 36.335171 ], [ -81.741995, 36.41096 ], [ -81.695311, 36.467912 ], [ -81.707963, 36.536209 ], [ -81.6469, 36.611918 ], [ -81.922644, 36.616213 ], [ -81.934144, 36.594213 ], [ -83.674614, 36.603082 ], [ -83.529612, 36.666184 ], [ -83.423707, 36.667385 ], [ -83.136395, 36.743088 ], [ -83.133231, 36.784585 ], [ -83.07259, 36.854589 ], [ -83.009222, 36.847295 ], [ -82.878569, 36.889585 ], [ -82.857965, 36.929529 ], [ -82.867535, 36.977518 ], [ -82.722472, 37.045101 ], [ -82.722097, 37.120168 ], [ -82.498858, 37.227044 ], [ -82.350948, 37.267077 ], [ -81.965401, 37.541171 ], [ -82.042825, 37.548361 ], [ -82.046653, 37.528193 ], [ -82.07503, 37.555824 ], [ -82.133247, 37.552832 ], [ -82.127321, 37.586667 ], [ -82.18143, 37.621842 ], [ -82.175264, 37.647971 ], [ -82.213443, 37.62522 ], [ -82.24041, 37.661567 ], [ -82.303953, 37.67576 ], [ -82.296634, 37.702403 ], [ -82.334035, 37.743227 ], [ -82.312363, 37.764774 ], [ -82.401652, 37.810091 ], [ -82.419929, 37.88487 ], [ -82.502198, 37.933052 ], [ -82.464257, 37.983412 ], [ -82.519193, 38.001131 ], [ -82.551259, 38.070799 ], [ -82.644739, 38.165487 ], [ -82.611343, 38.171548 ], [ -82.61226, 38.236087 ], [ -82.574656, 38.263873 ], [ -82.596281, 38.417681 ], [ -82.540199, 38.403666 ], [ -82.330335, 38.4445 ], [ -82.291271, 38.578983 ], [ -82.177267, 38.603784 ], [ -82.182467, 38.708782 ], [ -82.221566, 38.787187 ], [ -82.144867, 38.84048 ], [ -82.143167, 38.898079 ], [ -82.037749, 39.023865 ], [ -82.00599, 39.029387 ], [ -81.979371, 38.993193 ], [ -81.933186, 38.987659 ], [ -81.89847, 38.929603 ], [ -81.928, 38.893492 ], [ -81.898541, 38.874582 ], [ -81.855971, 38.892734 ], [ -81.827354, 38.945898 ], [ -81.762659, 38.924121 ], [ -81.78182, 38.964935 ], [ -81.764253, 39.015279 ], [ -81.813855, 39.079278 ], [ -81.747253, 39.095378 ], [ -81.755754, 39.180976 ], [ -81.692395, 39.226443 ], [ -81.683627, 39.270939 ], [ -81.570247, 39.267675 ], [ -81.557547, 39.338774 ], [ -81.456143, 39.409274 ], [ -81.412706, 39.394618 ], [ -81.375961, 39.341697 ], [ -81.217315, 39.38759 ], [ -80.970436, 39.590127 ], [ -80.88036, 39.620706 ], [ -80.863698, 39.691724 ], [ -80.829764, 39.711839 ], [ -80.869092, 39.766364 ], [ -80.790761, 39.86728 ], [ -80.806018, 39.91713 ], [ -80.756432, 39.91393 ], [ -80.738604, 40.075672 ], [ -80.599895, 40.317669 ], [ -80.609695, 40.374968 ], [ -80.633596, 40.390467 ], [ -80.595494, 40.475266 ], [ -80.667781, 40.578096 ], [ -80.627171, 40.619936 ], [ -80.518991, 40.638801 ], [ -80.519342, 39.721403 ], [ -75.788596, 39.722199 ], [ -75.69367, 38.46008 ], [ -75.048939, 38.451263 ], [ -75.193796, 38.096013 ], [ -75.358644, 37.864997 ], [ -75.384794, 37.851469 ], [ -75.394569, 37.872178 ], [ -75.36249, 37.867154 ], [ -75.346158, 37.891348 ], [ -75.406438, 37.899443 ], [ -75.526823, 37.788705 ], [ -75.589354, 37.691199 ], [ -75.614527, 37.609296 ], [ -75.602168, 37.567107 ], [ -75.69106, 37.473605 ], [ -75.662063, 37.443418 ], [ -75.743587, 37.328502 ], [ -75.797601, 37.296108 ], [ -75.820642, 37.192987 ], [ -75.921015, 37.11179 ], [ -75.927789, 37.130268 ], [ -75.970073, 37.11719 ], [ -76.025753, 37.257407 ], [ -76.014899, 37.328218 ], [ -75.968313, 37.395471 ], [ -75.981623, 37.427378 ], [ -75.941182, 37.563839 ], [ -75.905447, 37.626145 ], [ -75.877282, 37.611649 ], [ -75.890495, 37.649547 ], [ -75.845908, 37.669758 ], [ -75.837685, 37.712985 ], [ -75.795045, 37.726741 ], [ -75.831984, 37.728119 ], [ -75.78732, 37.757095 ], [ -75.812306, 37.794709 ], [ -75.784599, 37.806826 ], [ -75.733367, 37.785934 ], [ -75.70938, 37.845836 ], [ -75.67264, 37.846957 ], [ -75.688445, 37.899021 ], [ -75.742009, 37.896812 ], [ -75.756897, 37.901553 ], [ -75.714947, 37.937365 ], [ -75.646733, 37.935397 ], [ -75.636869, 37.95564 ], [ -75.716102, 37.98898 ], [ -75.736514, 37.963227 ], [ -75.746763, 37.987669 ], [ -75.746525, 37.969777 ], [ -75.818661, 37.967248 ], [ -75.820949, 37.938896 ], [ -75.892686, 37.916848 ], [ -75.889915, 37.953685 ], [ -75.861205, 37.955348 ], [ -75.86382, 37.976054 ], [ -75.898429, 37.974828 ], [ -75.87075, 38.034984 ], [ -75.843498, 38.027465 ], [ -75.773739, 38.077062 ], [ -75.812913, 38.058932 ], [ -75.878823, 38.076085 ], [ -75.788475, 38.145788 ], [ -75.925735, 38.151022 ], [ -75.94178, 38.111913 ], [ -75.959616, 38.137141 ], [ -75.942375, 38.187066 ], [ -75.826385, 38.216877 ], [ -75.820325, 38.230788 ], [ -75.861324, 38.232655 ], [ -75.80131, 38.253655 ], [ -75.876655, 38.254775 ], [ -75.891429, 38.22756 ], [ -75.920335, 38.264376 ], [ -75.856333, 38.349527 ], [ -75.865365, 38.381208 ], [ -75.863582, 38.359499 ], [ -75.935718, 38.311399 ], [ -75.954908, 38.263998 ], [ -75.940697, 38.246902 ], [ -75.97026, 38.233806 ], [ -75.961948, 38.251388 ], [ -76.017364, 38.309106 ], [ -75.965309, 38.322495 ], [ -75.957347, 38.34757 ], [ -76.011419, 38.37683 ], [ -76.017242, 38.332936 ], [ -76.062758, 38.304592 ], [ -76.026962, 38.28141 ], [ -76.05848, 38.250202 ], [ -76.032044, 38.216684 ], [ -76.07488, 38.254869 ], [ -76.09972, 38.253647 ], [ -76.107592, 38.262525 ], [ -76.077019, 38.269239 ], [ -76.105778, 38.301607 ], [ -76.149185, 38.271911 ], [ -76.132041, 38.307762 ], [ -76.197166, 38.3169 ], [ -76.182667, 38.336758 ], [ -76.159494, 38.327436 ], [ -76.218683, 38.365062 ], [ -76.225331, 38.395087 ], [ -76.22034, 38.310187 ], [ -76.160474, 38.290983 ], [ -76.179577, 38.266813 ], [ -76.125717, 38.239017 ], [ -76.165489, 38.242797 ], [ -76.226376, 38.309988 ], [ -76.333549, 38.482086 ], [ -76.220221, 38.531874 ], [ -76.277969, 38.533473 ], [ -76.305007, 38.572494 ], [ -76.266212, 38.586052 ], [ -76.286102, 38.625656 ], [ -76.212427, 38.606738 ], [ -76.170166, 38.628673 ], [ -76.161276, 38.595117 ], [ -76.026512, 38.56682 ], [ -76.083079, 38.623478 ], [ -76.110769, 38.612707 ], [ -76.147158, 38.63684 ], [ -76.177201, 38.692985 ], [ -76.212808, 38.681892 ], [ -76.238725, 38.712845 ], [ -76.238165, 38.736938 ], [ -76.205485, 38.739163 ], [ -76.224618, 38.760387 ], [ -76.271867, 38.710237 ], [ -76.313391, 38.74908 ], [ -76.323156, 38.679674 ], [ -76.344231, 38.678783 ], [ -76.334619, 38.772911 ], [ -76.255016, 38.862268 ], [ -76.265071, 38.845354 ], [ -76.211545, 38.805502 ], [ -76.216418, 38.7867 ], [ -76.17518, 38.754363 ], [ -76.156523, 38.768912 ], [ -76.200256, 38.803001 ], [ -76.21, 38.946314 ], [ -76.253377, 38.964889 ], [ -76.249674, 38.920907 ], [ -76.270728, 38.942062 ], [ -76.295911, 38.928663 ], [ -76.293308, 38.903241 ], [ -76.305072, 38.924313 ], [ -76.33395, 38.918118 ], [ -76.33103, 38.86432 ], [ -76.368195, 38.836125 ], [ -76.376202, 38.850461 ], [ -76.361727, 38.939175 ], [ -76.311766, 39.035257 ], [ -76.256586, 38.975422 ], [ -76.20236, 38.973079 ], [ -76.163988, 38.999541 ], [ -76.184207, 39.046264 ], [ -76.134341, 39.104325 ], [ -76.207764, 39.096333 ], [ -76.201492, 39.013508 ], [ -76.215965, 39.009975 ], [ -76.242687, 39.028926 ], [ -76.233457, 39.091385 ], [ -76.274637, 39.16549 ], [ -76.219338, 39.261997 ], [ -76.168882, 39.290315 ], [ -76.186701, 39.31445 ], [ -76.170422, 39.332094 ], [ -76.140717, 39.32774 ], [ -76.110527, 39.372257 ], [ -76.02299, 39.361896 ], [ -75.986106, 39.379475 ], [ -76.040962, 39.394237 ], [ -75.966616, 39.462833 ], [ -76.012312, 39.453115 ], [ -75.944917, 39.592965 ], [ -76.006657, 39.538873 ], [ -76.096072, 39.536912 ], [ -76.12812, 39.486683 ], [ -76.071975, 39.475047 ], [ -76.060464, 39.448341 ], [ -76.100311, 39.443196 ], [ -76.226976, 39.349908 ], [ -76.253377, 39.366706 ], [ -76.224618, 39.425665 ], [ -76.241493, 39.461273 ], [ -76.28689, 39.369002 ], [ -76.256586, 39.338862 ], [ -76.281747, 39.29966 ], [ -76.294383, 39.348944 ], [ -76.322495, 39.35735 ], [ -76.307093, 39.385446 ], [ -76.357124, 39.394079 ], [ -76.330614, 39.335424 ], [ -76.351776, 39.326453 ], [ -76.329184, 39.315036 ], [ -76.40882, 39.311743 ], [ -76.38282, 39.277549 ], [ -76.401927, 39.248362 ], [ -76.450838, 39.249079 ], [ -76.398124, 39.237041 ], [ -76.442482, 39.195408 ], [ -76.446848, 39.218261 ], [ -76.495705, 39.201876 ], [ -76.517201, 39.241551 ], [ -76.586485, 39.261337 ], [ -76.50092, 39.155441 ], [ -76.478299, 39.167067 ], [ -76.431043, 39.132123 ], [ -76.438928, 39.052788 ], [ -76.394498, 39.012684 ], [ -76.480242, 38.977731 ], [ -76.45028, 38.941113 ], [ -76.460256, 38.907145 ], [ -76.50912, 38.919875 ], [ -76.48938, 38.887414 ], [ -76.537642, 38.848552 ], [ -76.489878, 38.838715 ], [ -76.560011, 38.762626 ], [ -76.526198, 38.724287 ], [ -76.506023, 38.50461 ], [ -76.381482, 38.385252 ], [ -76.421377, 38.318931 ], [ -76.476321, 38.313544 ], [ -76.441857, 38.291628 ], [ -76.375023, 38.299419 ], [ -76.39932, 38.259284 ], [ -76.320136, 38.138339 ], [ -76.341318, 38.119334 ], [ -76.322158, 38.037902 ], [ -76.421214, 38.106039 ], [ -76.438886, 38.160834 ], [ -76.469666, 38.153358 ], [ -76.473266, 38.103035 ], [ -76.502115, 38.138882 ], [ -76.529868, 38.134083 ], [ -76.59433, 38.215814 ], [ -76.732064, 38.246003 ], [ -76.752286, 38.222121 ], [ -76.778625, 38.22847 ], [ -76.841605, 38.336758 ], [ -76.827106, 38.347384 ], [ -76.856103, 38.358567 ], [ -76.869294, 38.338715 ], [ -76.842139, 38.254491 ], [ -76.923943, 38.289725 ], [ -76.930264, 38.323091 ], [ -76.978251, 38.342283 ], [ -77.016371, 38.445572 ], [ -77.18668, 38.365636 ], [ -77.246945, 38.380217 ], [ -77.263599, 38.512344 ], [ -77.183207, 38.600381 ], [ -77.106142, 38.634247 ], [ -77.201969, 38.617675 ], [ -77.215701, 38.63707 ], [ -77.194337, 38.652743 ], [ -77.235931, 38.660074 ], [ -77.257044, 38.56045 ], [ -77.324262, 38.458705 ], [ -77.317288, 38.383576 ], [ -77.279633, 38.339444 ], [ -77.17408, 38.342651 ], [ -77.041524, 38.400186 ], [ -77.011827, 38.374554 ], [ -77.014907, 38.332763 ], [ -77.056483, 38.317112 ], [ -76.96215, 38.256486 ], [ -76.962311, 38.214075 ], [ -76.838795, 38.163476 ], [ -76.760241, 38.166581 ], [ -76.732763, 38.131793 ], [ -76.700649, 38.160156 ], [ -76.639712, 38.121977 ], [ -76.643448, 38.14825 ], [ -76.612062, 38.148657 ], [ -76.600937, 38.110084 ], [ -76.521387, 38.046398 ], [ -76.555098, 38.024588 ], [ -76.476725, 38.014263 ], [ -76.472845, 37.9842 ], [ -76.236963, 37.890501 ], [ -76.266057, 37.8174 ], [ -76.312189, 37.814119 ], [ -76.315279, 37.782004 ], [ -76.285546, 37.784087 ], [ -76.315992, 37.763593 ], [ -76.307198, 37.731267 ], [ -76.322053, 37.737 ], [ -76.302444, 37.690935 ], [ -76.334412, 37.68454 ], [ -76.339892, 37.655966 ], [ -76.331798, 37.629783 ], [ -76.305891, 37.641077 ], [ -76.280077, 37.615145 ], [ -76.361887, 37.609017 ], [ -76.45548, 37.651074 ], [ -76.468701, 37.695731 ], [ -76.510187, 37.642324 ], [ -76.58429, 37.770859 ], [ -76.726143, 37.836227 ], [ -76.77923, 37.911507 ], [ -76.895693, 37.989099 ], [ -76.928539, 38.068613 ], [ -76.927423, 37.981793 ], [ -76.877391, 37.970458 ], [ -76.889632, 37.952843 ], [ -76.79456, 37.895191 ], [ -76.723863, 37.788503 ], [ -76.616657, 37.741887 ], [ -76.549253, 37.621409 ], [ -76.433388, 37.612885 ], [ -76.425087, 37.584405 ], [ -76.298032, 37.559867 ], [ -76.360474, 37.51924 ], [ -76.323286, 37.485336 ], [ -76.288167, 37.514118 ], [ -76.273016, 37.484766 ], [ -76.29258, 37.494979 ], [ -76.30898, 37.488567 ], [ -76.256097, 37.452631 ], [ -76.247751, 37.378816 ], [ -76.276214, 37.310829 ], [ -76.412893, 37.41808 ], [ -76.409857, 37.368676 ], [ -76.454844, 37.388154 ], [ -76.46958, 37.370589 ], [ -76.403676, 37.338663 ], [ -76.438563, 37.313806 ], [ -76.394711, 37.312861 ], [ -76.354554, 37.272331 ], [ -76.509035, 37.239479 ], [ -76.471799, 37.216016 ], [ -76.38663, 37.227841 ], [ -76.412299, 37.16148 ], [ -76.370683, 37.150255 ], [ -76.348662, 37.1687 ], [ -76.299282, 37.130125 ], [ -76.271355, 37.087572 ], [ -76.304272, 37.001378 ], [ -76.340666, 37.015246 ], [ -76.425253, 36.966415 ], [ -76.560255, 37.111268 ], [ -76.557117, 37.076228 ], [ -76.625497, 37.127253 ], [ -76.604369, 37.160062 ], [ -76.649869, 37.220914 ], [ -76.758242, 37.215539 ], [ -76.734995, 37.203161 ], [ -76.75047, 37.190098 ], [ -76.798885, 37.234749 ], [ -76.869522, 37.242157 ], [ -76.872209, 37.26275 ], [ -76.947078, 37.228031 ], [ -76.898354, 37.199165 ], [ -76.801023, 37.206043 ], [ -76.73728, 37.146164 ], [ -76.686581, 37.197271 ], [ -76.663774, 37.173875 ], [ -76.662558, 37.045748 ], [ -76.586491, 37.02874 ], [ -76.5802, 36.997045 ], [ -76.489188, 36.959674 ], [ -76.491565, 36.881101 ], [ -76.441605, 36.906116 ], [ -76.39067, 36.895739 ], [ -76.385867, 36.923247 ], [ -76.354533, 36.922759 ], [ -76.341078, 36.86105 ], [ -76.370521, 36.834268 ], [ -76.301625, 36.850295 ], [ -76.327889, 36.876065 ], [ -76.314137, 36.902486 ], [ -76.287485, 36.901442 ], [ -76.326021, 36.903722 ], [ -76.325665, 36.963187 ], [ -76.277199, 36.967855 ], [ -76.093452, 36.907998 ], [ -76.033454, 36.931946 ], [ -75.996252, 36.922047 ], [ -75.772511, 36.22944 ], [ -75.536857, 35.788884 ], [ -75.62291, 35.892321 ], [ -75.615399, 35.926433 ], [ -75.644539, 35.964417 ], [ -75.72983, 36.007285 ], [ -75.706418, 36.039196 ], [ -75.737089, 36.040784 ], [ -75.767264, 36.204978 ], [ -75.811852, 36.247699 ], [ -75.806838, 36.284912 ], [ -75.850809, 36.319678 ], [ -75.82205, 36.328008 ], [ -75.843322, 36.419961 ], [ -75.888326, 36.441583 ], [ -75.899909, 36.482124 ], [ -75.989099, 36.49514 ], [ -76.002627, 36.537114 ], [ -76.030673, 36.538832 ], [ -76.03195, 36.482496 ], [ -75.948242, 36.395863 ], [ -75.924514, 36.42545 ], [ -75.923332, 36.361863 ], [ -75.883381, 36.284739 ], [ -75.856791, 36.280658 ], [ -75.872325, 36.25475 ], [ -75.830108, 36.196514 ], [ -75.845173, 36.191847 ], [ -75.796505, 36.072842 ], [ -75.866739, 36.127479 ], [ -75.862871, 36.159607 ], [ -75.923292, 36.245948 ], [ -75.96891, 36.264221 ], [ -75.947873, 36.224387 ], [ -75.959952, 36.198875 ], [ -75.924635, 36.16455 ], [ -76.016985, 36.186367 ], [ -76.131018, 36.290991 ], [ -76.214784, 36.300609 ], [ -76.080107, 36.19944 ], [ -76.064225, 36.143775 ], [ -76.187542, 36.125442 ], [ -76.277147, 36.19088 ], [ -76.191716, 36.107197 ], [ -76.233722, 36.097855 ], [ -76.373572, 36.138208 ], [ -76.454694, 36.192799 ], [ -76.381964, 36.122946 ], [ -76.304005, 36.094527 ], [ -76.411198, 36.080698 ], [ -76.460321, 36.024137 ], [ -76.514114, 36.006516 ], [ -76.580426, 36.010554 ], [ -76.606809, 36.054185 ], [ -76.652234, 36.035285 ], [ -76.691898, 36.06629 ], [ -76.718906, 36.200978 ], [ -76.672171, 36.271978 ], [ -76.699979, 36.285391 ], [ -76.753457, 36.176684 ], [ -76.727312, 36.063216 ], [ -76.681915, 35.989595 ], [ -76.728298, 35.933578 ], [ -76.553806, 35.940155 ], [ -76.399552, 35.982094 ], [ -76.367227, 35.934382 ], [ -76.170524, 35.994523 ], [ -76.062522, 35.990749 ], [ -76.011421, 35.954201 ], [ -76.065374, 35.833861 ], [ -76.038041, 35.645765 ], [ -76.012847, 35.660829 ], [ -75.982899, 35.772561 ], [ -75.986053, 35.888993 ], [ -75.921578, 35.935921 ], [ -75.947294, 35.959835 ], [ -75.870947, 35.978555 ], [ -75.809351, 35.959308 ], [ -75.728022, 35.824513 ], [ -75.742367, 35.774875 ], [ -75.717173, 35.693651 ], [ -75.738135, 35.682024 ], [ -75.767324, 35.705618 ], [ -75.78083, 35.688421 ], [ -75.736071, 35.625499 ], [ -75.785101, 35.595547 ], [ -75.777973, 35.579761 ], [ -75.833395, 35.571533 ], [ -75.815835, 35.594668 ], [ -75.852809, 35.584678 ], [ -75.889622, 35.640637 ], [ -75.88237, 35.576117 ], [ -75.978383, 35.512962 ], [ -75.963054, 35.493903 ], [ -75.988841, 35.484905 ], [ -76.022659, 35.412194 ], [ -76.058711, 35.43465 ], [ -76.083438, 35.390985 ], [ -76.070841, 35.370638 ], [ -76.136916, 35.358039 ], [ -76.151921, 35.331372 ], [ -76.221054, 35.340398 ], [ -76.249814, 35.367731 ], [ -76.278811, 35.342918 ], [ -76.344886, 35.392535 ], [ -76.341558, 35.342337 ], [ -76.376022, 35.335551 ], [ -76.389332, 35.360365 ], [ -76.411911, 35.346408 ], [ -76.419992, 35.374902 ], [ -76.361523, 35.373739 ], [ -76.395987, 35.40106 ], [ -76.395511, 35.431665 ], [ -76.438294, 35.388273 ], [ -76.480838, 35.404548 ], [ -76.472274, 35.371375 ], [ -76.532177, 35.401254 ], [ -76.533075, 35.43231 ], [ -76.565452, 35.44948 ], [ -76.545725, 35.460903 ], [ -76.587081, 35.508899 ], [ -76.485354, 35.506578 ], [ -76.465389, 35.558414 ], [ -76.519893, 35.53069 ], [ -76.599203, 35.53985 ], [ -76.637945, 35.512962 ], [ -76.597382, 35.481932 ], [ -76.577559, 35.387576 ], [ -76.662901, 35.425467 ], [ -76.759235, 35.418906 ], [ -76.817155, 35.451997 ], [ -76.906047, 35.459354 ], [ -77.053171, 35.535208 ], [ -76.96618, 35.433989 ], [ -76.925023, 35.448802 ], [ -76.658861, 35.341561 ], [ -76.484166, 35.313638 ], [ -76.498157, 35.279554 ], [ -76.469733, 35.280886 ], [ -76.503416, 35.240681 ], [ -76.49605, 35.216995 ], [ -76.565452, 35.229227 ], [ -76.521006, 35.20612 ], [ -76.526711, 35.184755 ], [ -76.586368, 35.202042 ], [ -76.634142, 35.174264 ], [ -76.539545, 35.15464 ], [ -76.569493, 35.09846 ], [ -76.803607, 34.963781 ], [ -76.987572, 35.065589 ], [ -77.059589, 35.146866 ], [ -76.970459, 34.997277 ], [ -76.889172, 34.948197 ], [ -76.760825, 34.915851 ], [ -76.657434, 34.982478 ], [ -76.578525, 34.976246 ], [ -76.51157, 35.005075 ], [ -76.484166, 34.988125 ], [ -76.497476, 35.00818 ], [ -76.463469, 35.076411 ], [ -76.422607, 35.026672 ], [ -76.440433, 35.014604 ], [ -76.422845, 34.95073 ], [ -76.38743, 34.95112 ], [ -76.381488, 34.979168 ], [ -76.319454, 34.965924 ], [ -76.364138, 35.036597 ], [ -76.243872, 34.996888 ], [ -76.262411, 34.975273 ], [ -76.305668, 34.991436 ], [ -76.279524, 34.941378 ], [ -76.297604, 34.923658 ], [ -76.340845, 34.93339 ], [ -76.314087, 34.906322 ], [ -76.331373, 34.884878 ], [ -76.38648, 34.855411 ], [ -76.402404, 34.886611 ], [ -76.412149, 34.832198 ], [ -76.449465, 34.814833 ], [ -76.485354, 34.754905 ], [ -76.514114, 34.754319 ], [ -76.498427, 34.732054 ], [ -76.515777, 34.719552 ], [ -76.575673, 34.721701 ], [ -76.575673, 34.768378 ], [ -76.604432, 34.789852 ], [ -76.619365, 34.704193 ], [ -76.84193, 34.729352 ], [ -77.083332, 34.673234 ], [ -77.125864, 34.685242 ], [ -77.307042, 34.545138 ], [ -77.556944, 34.417218 ], [ -77.689056, 34.320327 ], [ -77.829369, 34.163252 ], [ -77.879484, 34.080578 ], [ -77.960486, 33.843151 ], [ -78.008329, 33.864174 ], [ -77.987638, 33.8957 ], [ -78.003422, 33.907472 ], [ -78.020671, 33.888269 ], [ -78.239228, 33.917452 ], [ -78.380229, 33.90334 ], [ -78.667929, 33.819431 ], [ -78.795794, 33.75506 ], [ -79.084588, 33.483669 ], [ -79.172108, 33.329123 ], [ -79.191519, 33.173269 ], [ -79.328159, 33.090406 ], [ -79.362292, 33.009087 ], [ -79.483271, 33.009785 ], [ -79.525221, 33.037286 ], [ -79.571108, 33.013811 ], [ -79.617611, 32.952726 ], [ -79.607532, 32.92623 ], [ -79.574086, 32.932509 ], [ -79.581058, 32.906417 ], [ -79.698115, 32.851325 ], [ -79.726389, 32.805996 ], [ -79.848797, 32.75363 ], [ -79.878039, 32.785709 ], [ -79.923198, 32.781813 ], [ -79.928546, 32.754233 ], [ -79.87093, 32.742434 ], [ -79.885582, 32.684868 ], [ -80.000801, 32.605892 ], [ -80.121368, 32.590523 ], [ -80.332438, 32.478104 ], [ -80.36041, 32.499813 ], [ -80.413487, 32.470672 ], [ -80.430918, 32.500906 ], [ -80.472068, 32.496964 ], [ -80.479409, 32.445754 ], [ -80.428302, 32.399321 ], [ -80.463642, 32.340108 ], [ -80.453296, 32.321913 ], [ -80.63297, 32.256925 ], [ -80.644794, 32.291497 ], [ -80.708145, 32.323734 ], [ -80.75345, 32.306822 ], [ -80.761257, 32.280044 ], [ -80.669166, 32.216783 ], [ -80.739939, 32.146131 ], [ -80.812503, 32.109746 ], [ -80.842424, 32.117837 ], [ -80.907519, 32.050935 ], [ -80.889512, 32.037593 ], [ -81.004305, 32.102367 ], [ -81.038125, 32.083734 ], [ -81.117234, 32.117605 ], [ -81.114016, 32.195448 ], [ -81.156587, 32.24391 ], [ -81.119867, 32.286203 ], [ -81.128616, 32.338623 ], [ -81.159832, 32.339964 ], [ -81.205507, 32.423612 ], [ -81.186952, 32.463566 ], [ -81.281324, 32.556464 ], [ -81.36695, 32.577019 ], [ -81.418116, 32.628349 ], [ -81.393033, 32.651543 ], [ -81.427505, 32.702242 ], [ -81.404932, 32.745559 ], [ -81.43194, 32.768911 ], [ -81.417984, 32.818196 ], [ -81.460722, 32.846038 ], [ -81.45339, 32.87388 ], [ -81.479445, 32.881082 ], [ -81.464069, 32.897814 ], [ -81.502427, 32.935353 ], [ -81.492253, 33.009342 ], [ -81.611657, 33.094259 ], [ -81.754135, 33.15055 ], [ -81.767935, 33.216347 ], [ -81.80649, 33.212126 ], [ -81.852937, 33.248744 ], [ -81.828336, 33.263045 ], [ -81.863336, 33.289244 ], [ -81.847636, 33.307143 ], [ -81.881237, 33.302543 ], [ -81.901954, 33.335876 ], [ -81.90613, 33.32162 ], [ -81.913737, 33.320042 ], [ -81.90893, 33.346268 ], [ -81.939737, 33.344941 ], [ -81.946337, 33.37064 ], [ -81.924837, 33.37414 ], [ -81.944893, 33.407962 ], [ -81.909629, 33.412603 ], [ -81.931742, 33.424506 ], [ -81.913126, 33.438333 ], [ -81.926336, 33.462937 ], [ -81.985938, 33.486536 ], [ -82.046335, 33.56383 ], [ -82.189141, 33.623722 ], [ -82.247472, 33.752591 ], [ -82.32448, 33.820033 ], [ -82.556835, 33.945353 ], [ -82.641641, 34.09209 ], [ -82.717459, 34.150546 ], [ -82.746656, 34.266407 ], [ -82.834806, 34.366302 ], [ -82.858837, 34.45522 ], [ -82.901551, 34.486764 ], [ -83.03336, 34.48309 ], [ -83.158677, 34.578999 ], [ -83.159954, 34.603464 ], [ -83.231339, 34.611187 ], [ -83.341373, 34.681358 ] ], [ [ -77.116816261811707, 38.929493243339202 ], [ -77.040599, 38.871212 ], [ -77.039006, 38.791645 ], [ -76.909395, 38.892812 ], [ -77.040999, 38.99511 ], [ -77.116816261811707, 38.929493243339202 ] ] ], [ [ [ -75.734381, 35.197995 ], [ -75.595463, 35.269255 ], [ -75.521782, 35.271777 ], [ -75.468709, 35.573991 ], [ -75.523446, 35.773568 ], [ -75.460621, 35.576975 ], [ -75.527818, 35.227657 ], [ -75.602238, 35.232636 ], [ -75.734381, 35.197995 ] ] ], [ [ [ -75.673072360813606, 35.927715297885797 ], [ -75.62767, 35.883149 ], [ -75.620454, 35.809253 ], [ -75.675054, 35.830204 ], [ -75.663356, 35.869835 ], [ -75.727251, 35.93362 ], [ -75.673072360813606, 35.927715297885797 ] ] ], [ [ [ -75.733129, 37.802838 ], [ -75.740497, 37.801242 ], [ -75.741512, 37.809976 ], [ -75.733129, 37.802838 ] ] ], [ [ [ -76.01528, 35.070655 ], [ -75.982242, 35.120439 ], [ -75.77361, 35.187281 ], [ -76.01528, 35.070655 ] ] ], [ [ [ -75.850781, 37.705495 ], [ -75.854108, 37.700136 ], [ -75.856485, 37.702863 ], [ -75.850781, 37.705495 ] ] ], [ [ [ -75.86314, 37.690826 ], [ -75.857792, 37.683397 ], [ -75.866824, 37.680669 ], [ -75.86314, 37.690826 ] ] ], [ [ [ -75.896415, 37.802087 ], [ -75.894157, 37.805655 ], [ -75.891778, 37.796176 ], [ -75.896415, 37.802087 ] ] ], [ [ [ -75.900575, 37.893769 ], [ -75.90105, 37.899115 ], [ -75.898673, 37.895551 ], [ -75.900575, 37.893769 ] ] ], [ [ [ -75.962048, 37.107498 ], [ -75.949709, 37.08556 ], [ -75.981032, 37.097145 ], [ -75.962048, 37.107498 ] ] ], [ [ [ -75.997904, 37.84874 ], [ -75.973542, 37.833536 ], [ -75.988278, 37.807439 ], [ -75.999053, 37.818596 ], [ -75.997904, 37.84874 ] ] ], [ [ [ -75.997685, 37.945693 ], [ -76.02843, 37.920501 ], [ -76.050153, 37.986905 ], [ -76.041, 38.031956 ], [ -76.013128, 38.039762 ], [ -75.980089, 38.004891 ], [ -75.997685, 37.945693 ] ] ], [ [ [ -76.004203, 37.870508 ], [ -76.002301, 37.86197 ], [ -76.008102, 37.872812 ], [ -76.004203, 37.870508 ] ] ], [ [ [ -76.056066, 38.0914 ], [ -76.047982, 38.108702 ], [ -76.014721, 38.131597 ], [ -76.006279, 38.078561 ], [ -76.056066, 38.0914 ] ] ], [ [ [ -76.084743, 38.156629 ], [ -76.063804, 38.205047 ], [ -76.022377, 38.173767 ], [ -76.038024, 38.147174 ], [ -76.063709, 38.170925 ], [ -76.084743, 38.156629 ] ] ], [ [ [ -76.330328, 34.845212 ], [ -76.075916, 35.069929 ], [ -76.037792, 35.061914 ], [ -76.096451, 35.023773 ], [ -76.242577, 34.907764 ], [ -76.322627, 34.848099 ], [ -76.330328, 34.845212 ] ] ], [ [ [ -76.064483, 38.125484 ], [ -76.064613, 38.130115 ], [ -76.061103, 38.12688 ], [ -76.064483, 38.125484 ] ] ], [ [ [ -76.085472, 38.146823 ], [ -76.085647, 38.13858 ], [ -76.089744, 38.146797 ], [ -76.085472, 38.146823 ] ] ], [ [ [ -76.084465, 38.122734 ], [ -76.089828, 38.115116 ], [ -76.086532, 38.124359 ], [ -76.084465, 38.122734 ] ] ], [ [ [ -76.090066, 39.536603 ], [ -76.089995, 39.533911 ], [ -76.092042, 39.534921 ], [ -76.090066, 39.536603 ] ] ], [ [ [ -76.24309, 38.912092 ], [ -76.248861, 38.905727 ], [ -76.249088, 38.913347 ], [ -76.24309, 38.912092 ] ] ], [ [ [ -76.265548, 38.34093 ], [ -76.251832, 38.327529 ], [ -76.254493, 38.324932 ], [ -76.265548, 38.34093 ] ] ], [ [ [ -76.269945, 39.283405 ], [ -76.257988, 39.287788 ], [ -76.272255, 39.274555 ], [ -76.269945, 39.283405 ] ] ], [ [ [ -76.282502, 35.315072 ], [ -76.268341, 35.324931 ], [ -76.262399, 35.31386 ], [ -76.282502, 35.315072 ] ] ], [ [ [ -76.302676, 36.981808 ], [ -76.302589, 36.987156 ], [ -76.299862, 36.98692 ], [ -76.302676, 36.981808 ] ] ], [ [ [ -76.318638, 36.999203 ], [ -76.319206, 37.003301 ], [ -76.317073, 36.999067 ], [ -76.318638, 36.999203 ] ] ], [ [ [ -76.321427, 39.312851 ], [ -76.3248, 39.312843 ], [ -76.325704, 39.313973 ], [ -76.321427, 39.312851 ] ] ], [ [ [ -76.551822, 34.620192 ], [ -76.532237, 34.61049 ], [ -76.438116, 34.761292 ], [ -76.33753, 34.838813 ], [ -76.53547, 34.591552 ], [ -76.551822, 34.620192 ] ] ], [ [ [ -76.356853, 39.260953 ], [ -76.371477, 39.237951 ], [ -76.385474, 39.247556 ], [ -76.356853, 39.260953 ] ] ], [ [ [ -76.375241, 38.782578 ], [ -76.363261, 38.746611 ], [ -76.381249, 38.743797 ], [ -76.390694, 38.766281 ], [ -76.375241, 38.782578 ] ] ], [ [ [ -76.393434, 39.231862 ], [ -76.394417, 39.233973 ], [ -76.390334, 39.234736 ], [ -76.393434, 39.231862 ] ] ], [ [ [ -76.419291, 37.592608 ], [ -76.417808, 37.598323 ], [ -76.417277, 37.592031 ], [ -76.419291, 37.592608 ] ] ], [ [ [ -76.545428, 34.712384 ], [ -76.525939, 34.699097 ], [ -76.547567, 34.710625 ], [ -76.545428, 34.712384 ] ] ], [ [ [ -76.58726, 34.711797 ], [ -76.525939, 34.691866 ], [ -76.525701, 34.685222 ], [ -76.58726, 34.711797 ] ] ], [ [ [ -76.665486, 34.689743 ], [ -76.541459, 34.650465 ], [ -76.528815, 34.631536 ], [ -76.665486, 34.689743 ] ] ], [ [ [ -77.094682, 34.653984 ], [ -76.822206, 34.704724 ], [ -76.698898, 34.712305 ], [ -76.675701, 34.695658 ], [ -77.094682, 34.653984 ] ] ], [ [ [ -76.742337, 38.209048 ], [ -76.747543, 38.212146 ], [ -76.747285, 38.215622 ], [ -76.742337, 38.209048 ] ] ], [ [ [ -76.793118, 38.235175 ], [ -76.794069, 38.239189 ], [ -76.78979, 38.238442 ], [ -76.793118, 38.235175 ] ] ], [ [ [ -76.809993, 38.250389 ], [ -76.810871, 38.25293 ], [ -76.808924, 38.250856 ], [ -76.809993, 38.250389 ] ] ], [ [ [ -77.167222, 34.628172 ], [ -77.110369, 34.645146 ], [ -77.172451, 34.623322 ], [ -77.167222, 34.628172 ] ] ], [ [ [ -77.230255, 34.598439 ], [ -77.179487, 34.620427 ], [ -77.226927, 34.596717 ], [ -77.230255, 34.598439 ] ] ], [ [ [ -79.505488, 33.020536 ], [ -79.501976, 33.017272 ], [ -79.508071, 33.019588 ], [ -79.505488, 33.020536 ] ] ], [ [ [ -79.54707, 32.98939 ], [ -79.553606, 32.990386 ], [ -79.545219, 32.990715 ], [ -79.54707, 32.98939 ] ] ], [ [ [ -80.177151, 32.548264 ], [ -80.185915, 32.550867 ], [ -80.186317, 32.55302 ], [ -80.177151, 32.548264 ] ] ] ] } },
{ "type": "Feature", "properties": { "COURT_ID": "5", "COURT_NAME": "Fifth Bankruptcy Court", "area_sq_km": 1292465.7814850868, "source": "Derived from Courts of Appeals Circuits", "source_data": "US Census Bureau TIGER/Line", "date_created": "2025-10-08T00:00:00", "created_by": "District-Maps Project", "notes": "Bankruptcy courts follow same boundaries as Appeals circuits" }, "geometry": { "type": "MultiPolygon", "coordinates": [ [ [ [ -106.614773615005006, 31.917816473573499 ], [ -106.619569, 31.971578 ], [ -106.639529, 31.980348 ], [ -106.618486, 32.000495 ], [ -103.064423, 32.000518 ], [ -103.041924, 36.500439 ], [ -100.000406, 36.499702 ], [ -100.000381, 34.560509 ], [ -99.923211, 34.574552 ], [ -99.69497, 34.378333 ], [ -99.600026, 34.374688 ], [ -99.569696, 34.418418 ], [ -99.40296, 34.373481 ], [ -99.394956, 34.442099 ], [ -99.36961, 34.458699 ], [ -99.319606, 34.408869 ], [ -99.261321, 34.403499 ], [ -99.274858, 34.384922 ], [ -99.206905, 34.338277 ], [ -99.189511, 34.214312 ], [ -99.043471, 34.198208 ], [ -98.987294, 34.221223 ], [ -98.868116, 34.149635 ], [ -98.812954, 34.158444 ], [ -98.757037, 34.124633 ], [ -98.599789, 34.160571 ], [ -98.486328, 34.062598 ], [ -98.411587, 34.088057 ], [ -98.365621, 34.156993 ], [ -98.16912, 34.114171 ], [ -98.109462, 34.154111 ], [ -98.089755, 34.128211 ], [ -98.120208, 34.072127 ], [ -98.083839, 34.041719 ], [ -98.106261, 34.034154 ], [ -98.088203, 34.005481 ], [ -97.94573, 33.989839 ], [ -97.974173, 33.942832 ], [ -97.957155, 33.914454 ], [ -97.98454, 33.900703 ], [ -97.967777, 33.88243 ], [ -97.871447, 33.849001 ], [ -97.834333, 33.857671 ], [ -97.671772, 33.99137 ], [ -97.590422, 33.954104 ], [ -97.581078, 33.899679 ], [ -97.50096, 33.919643 ], [ -97.460376, 33.903948 ], [ -97.462857, 33.841772 ], [ -97.426493, 33.819398 ], [ -97.365507, 33.823763 ], [ -97.332457, 33.884253 ], [ -97.328729, 33.855434 ], [ -97.310143, 33.888532 ], [ -97.256625, 33.863286 ], [ -97.244946, 33.903092 ], [ -97.210921, 33.916064 ], [ -97.166629, 33.847311 ], [ -97.203514, 33.821825 ], [ -97.192817, 33.761169 ], [ -97.126102, 33.716941 ], [ -97.086195, 33.743933 ], [ -97.092112, 33.804097 ], [ -97.048146, 33.817456 ], [ -97.089464, 33.849847 ], [ -97.021438, 33.846379 ], [ -96.983835, 33.890949 ], [ -96.981337, 33.956378 ], [ -96.973807, 33.935697 ], [ -96.9163, 33.957798 ], [ -96.875281, 33.860505 ], [ -96.850593, 33.847211 ], [ -96.832157, 33.874835 ], [ -96.794276, 33.868886 ], [ -96.761588, 33.824406 ], [ -96.699574, 33.839049 ], [ -96.667187, 33.91694 ], [ -96.587934, 33.894784 ], [ -96.62929, 33.845488 ], [ -96.526655, 33.820891 ], [ -96.500268, 33.772583 ], [ -96.422643, 33.776041 ], [ -96.348306, 33.686379 ], [ -96.316925, 33.698997 ], [ -96.293708, 33.769409 ], [ -96.229023, 33.748021 ], [ -96.178059, 33.760518 ], [ -96.156355, 33.813349 ], [ -96.178964, 33.810553 ], [ -96.14807, 33.837799 ], [ -96.048834, 33.836468 ], [ -96.023907, 33.857067 ], [ -96.019599, 33.840566 ], [ -96.003406, 33.872344 ], [ -95.984253, 33.852664 ], [ -95.929561, 33.885 ], [ -95.837516, 33.83564 ], [ -95.805149, 33.861304 ], [ -95.770556, 33.845269 ], [ -95.751746, 33.855557 ], [ -95.756367, 33.892625 ], [ -95.629055, 33.90587 ], [ -95.593827, 33.943031 ], [ -95.554478, 33.928072 ], [ -95.545197, 33.880294 ], [ -95.510739, 33.897877 ], [ -95.502304, 33.874742 ], [ -95.461673, 33.886998 ], [ -95.440928, 33.866429 ], [ -95.289302, 33.873103 ], [ -95.282981, 33.907402 ], [ -95.260595, 33.88765 ], [ -95.250171, 33.938497 ], [ -95.214137, 33.962142 ], [ -95.1247, 33.934675 ], [ -95.122038, 33.904795 ], [ -95.082387, 33.921758 ], [ -95.089607, 33.880857 ], [ -95.06569, 33.915966 ], [ -95.046568, 33.862565 ], [ -94.968895, 33.860916 ], [ -94.947874, 33.808356 ], [ -94.914764, 33.824487 ], [ -94.921955, 33.791599 ], [ -94.868144, 33.768874 ], [ -94.860687, 33.741945 ], [ -94.822473, 33.732716 ], [ -94.821783, 33.768752 ], [ -94.802252, 33.732788 ], [ -94.76444, 33.760178 ], [ -94.788251, 33.735316 ], [ -94.752512, 33.734468 ], [ -94.752129, 33.713835 ], [ -94.735178, 33.726616 ], [ -94.753801, 33.707729 ], [ -94.735856, 33.691625 ], [ -94.716594, 33.695164 ], [ -94.732309, 33.715987 ], [ -94.701729, 33.703413 ], [ -94.716188, 33.687902 ], [ -94.644322, 33.701666 ], [ -94.645535, 33.673531 ], [ -94.671048, 33.668388 ], [ -94.655891, 33.660166 ], [ -94.622379, 33.682428 ], [ -94.59797, 33.663381 ], [ -94.587072, 33.68582 ], [ -94.560339, 33.666591 ], [ -94.59083, 33.645563 ], [ -94.546366, 33.659161 ], [ -94.569523, 33.627832 ], [ -94.521837, 33.640728 ], [ -94.527376, 33.615833 ], [ -94.448637, 33.642766 ], [ -94.471974, 33.602665 ], [ -94.412175, 33.568691 ], [ -94.382887, 33.583268 ], [ -94.401616, 33.559378 ], [ -94.386086, 33.544923 ], [ -94.355945, 33.54318 ], [ -94.344023, 33.567824 ], [ -94.309582, 33.551673 ], [ -94.287025, 33.58241 ], [ -94.275601, 33.557964 ], [ -94.242777, 33.589709 ], [ -94.250197, 33.556765 ], [ -94.196395, 33.555123 ], [ -94.217198, 33.580737 ], [ -94.183913, 33.594682 ], [ -94.14216, 33.58139 ], [ -94.128658, 33.550952 ], [ -94.09744, 33.573719 ], [ -94.056598, 33.567825 ], [ -94.073826, 33.555834 ], [ -94.04345, 33.552253 ], [ -94.042964, 33.019219 ], [ -91.166095, 33.004291 ], [ -91.121195, 33.059166 ], [ -91.201995, 33.123125 ], [ -91.183662, 33.141691 ], [ -91.085707, 33.137189 ], [ -91.10026, 33.219428 ], [ -91.043624, 33.274636 ], [ -91.07853, 33.283306 ], [ -91.106142, 33.241799 ], [ -91.141615, 33.299539 ], [ -91.142219, 33.348989 ], [ -91.058077, 33.446537 ], [ -91.087034, 33.45129 ], [ -91.099535, 33.407209 ], [ -91.148816, 33.378765 ], [ -91.20922, 33.40629 ], [ -91.131885, 33.430063 ], [ -91.116937, 33.452033 ], [ -91.132152, 33.481558 ], [ -91.171674, 33.496997 ], [ -91.176507, 33.444627 ], [ -91.235181, 33.438972 ], [ -91.1826, 33.499185 ], [ -91.233392, 33.562747 ], [ -91.164855, 33.570175 ], [ -91.12868, 33.608475 ], [ -91.218855, 33.660122 ], [ -91.228284, 33.688279 ], [ -91.160367, 33.706602 ], [ -91.091351, 33.657764 ], [ -91.033917, 33.673558 ], [ -91.060529, 33.71513 ], [ -91.117353, 33.70526 ], [ -91.148807, 33.73136 ], [ -91.134059, 33.782893 ], [ -91.01837, 33.764131 ], [ -90.988466, 33.78453 ], [ -91.070194, 33.84534 ], [ -91.069777, 33.872721 ], [ -91.010194, 33.93159 ], [ -91.087753, 33.959313 ], [ -91.086202, 34.006418 ], [ -91.018948, 34.003225 ], [ -91.000108, 33.966428 ], [ -90.966173, 33.964663 ], [ -90.988184, 34.019211 ], [ -90.896253, 34.025218 ], [ -90.871083, 34.081177 ], [ -90.947689, 34.109574 ], [ -90.958644, 34.135484 ], [ -90.91001, 34.165508 ], [ -90.847168, 34.136884 ], [ -90.807564, 34.161821 ], [ -90.816572, 34.183023 ], [ -90.914425, 34.195726 ], [ -90.935548, 34.237847 ], [ -90.906334, 34.244382 ], [ -90.847149, 34.20613 ], [ -90.831773, 34.276936 ], [ -90.765623, 34.269513 ], [ -90.738025, 34.289279 ], [ -90.764393, 34.363675 ], [ -90.676245, 34.371111 ], [ -90.693129, 34.32257 ], [ -90.669343, 34.31302 ], [ -90.658542, 34.375705 ], [ -90.586232, 34.409172 ], [ -90.592662, 34.490579 ], [ -90.539623, 34.553925 ], [ -90.591144, 34.619204 ], [ -90.570102, 34.693432 ], [ -90.541511, 34.68309 ], [ -90.555104, 34.646236 ], [ -90.532108, 34.627327 ], [ -90.462816, 34.684074 ], [ -90.474166, 34.705277 ], [ -90.571944, 34.712777 ], [ -90.539444, 34.755277 ], [ -90.544167, 34.791667 ], [ -90.514071, 34.800054 ], [ -90.492777, 34.772499 ], [ -90.524166, 34.731388 ], [ -90.474999, 34.723888 ], [ -90.448079, 34.741071 ], [ -90.476455, 34.793587 ], [ -90.455379, 34.820785 ], [ -90.476044, 34.885842 ], [ -90.436561, 34.882731 ], [ -90.438729, 34.825248 ], [ -90.338449, 34.858517 ], [ -90.307384, 34.846195 ], [ -90.317741, 34.871058 ], [ -90.241334, 34.919033 ], [ -90.245935, 34.948721 ], [ -90.308361, 34.995694 ], [ -88.200064, 34.995634 ], [ -88.154617, 34.922392 ], [ -88.097888, 34.892202 ], [ -88.473227, 31.893856 ], [ -88.394551, 30.350091 ], [ -88.447671, 30.358045 ], [ -88.480117, 30.318345 ], [ -88.579814, 30.345846 ], [ -88.584998, 30.368681 ], [ -88.611513, 30.356017 ], [ -88.612263, 30.373403 ], [ -88.728893, 30.342671 ], [ -88.857786, 30.430188 ], [ -88.859229, 30.390009 ], [ -89.016378, 30.384616 ], [ -89.285744, 30.303097 ], [ -89.272062, 30.34428 ], [ -89.314859, 30.376116 ], [ -89.349447, 30.370995 ], [ -89.376305, 30.336416 ], [ -89.338847, 30.342995 ], [ -89.322545, 30.314896 ], [ -89.419348, 30.25432 ], [ -89.458107, 30.177814 ], [ -89.528092, 30.188976 ], [ -89.587062, 30.150648 ], [ -89.624142, 30.157385 ], [ -89.684919, 30.075226 ], [ -89.73086, 30.060748 ], [ -89.717678, 30.025272 ], [ -89.818327, 30.04573 ], [ -89.860269, 30.003113 ], [ -89.81926, 29.933132 ], [ -89.719843, 29.952132 ], [ -89.744939, 29.907905 ], [ -89.665435, 29.862796 ], [ -89.596429, 29.879554 ], [ -89.580086, 29.990455 ], [ -89.491517, 30.0375 ], [ -89.484423, 30.078833 ], [ -89.430433, 30.033796 ], [ -89.372677, 30.049845 ], [ -89.407834, 30.023868 ], [ -89.39906, 30.000868 ], [ -89.429958, 30.028858 ], [ -89.457766, 29.998192 ], [ -89.423541, 29.963399 ], [ -89.381234, 29.959487 ], [ -89.398347, 29.95784 ], [ -89.370063, 29.892128 ], [ -89.31763, 29.921219 ], [ -89.273315, 29.99382 ], [ -89.227883, 29.970482 ], [ -89.232436, 29.930428 ], [ -89.279806, 29.927246 ], [ -89.341969, 29.883143 ], [ -89.241189, 29.885113 ], [ -89.270916, 29.852093 ], [ -89.306032, 29.865666 ], [ -89.312394, 29.823625 ], [ -89.340828, 29.849671 ], [ -89.385702, 29.835487 ], [ -89.349338, 29.820829 ], [ -89.336455, 29.785167 ], [ -89.292515, 29.799166 ], [ -89.285742, 29.763391 ], [ -89.394697, 29.790152 ], [ -89.43025, 29.712606 ], [ -89.387794, 29.679991 ], [ -89.42421, 29.697638 ], [ -89.445648, 29.651879 ], [ -89.465562, 29.651738 ], [ -89.485147, 29.719961 ], [ -89.524887, 29.726566 ], [ -89.50772, 29.692016 ], [ -89.531542, 29.666444 ], [ -89.500493, 29.634145 ], [ -89.565388, 29.659256 ], [ -89.62053, 29.636121 ], [ -89.661648, 29.64645 ], [ -89.602109, 29.610295 ], [ -89.620395, 29.605341 ], [ -89.60127, 29.583612 ], [ -89.649269, 29.625185 ], [ -89.684486, 29.624804 ], [ -89.682683, 29.596862 ], [ -89.641802, 29.575573 ], [ -89.683455, 29.549266 ], [ -89.640198, 29.50356 ], [ -89.569607, 29.494044 ], [ -89.552256, 29.455454 ], [ -89.522784, 29.456179 ], [ -89.538827, 29.431651 ], [ -89.520009, 29.399631 ], [ -89.561288, 29.395212 ], [ -89.383741, 29.388378 ], [ -89.337504, 29.379483 ], [ -89.338582, 29.355445 ], [ -89.308403, 29.371513 ], [ -89.23537, 29.304315 ], [ -89.187834, 29.34203 ], [ -89.115104, 29.252901 ], [ -89.121996, 29.202083 ], [ -89.096327, 29.187974 ], [ -89.025974, 29.215153 ], [ -89.010525, 29.17075 ], [ -89.047127, 29.184446 ], [ -89.111776, 29.159957 ], [ -89.09704, 29.138784 ], [ -89.039521, 29.135463 ], [ -89.066617, 29.090714 ], [ -89.103695, 29.116673 ], [ -89.11653, 29.074097 ], [ -89.146953, 29.070981 ], [ -89.142866, 28.991623 ], [ -89.218673, 29.022515 ], [ -89.221489, 29.064574 ], [ -89.251727, 29.083172 ], [ -89.419865, 28.929709 ], [ -89.343038, 29.057685 ], [ -89.310001, 29.070981 ], [ -89.312378, 29.117503 ], [ -89.278627, 29.137642 ], [ -89.295027, 29.198867 ], [ -89.32854, 29.190567 ], [ -89.350585, 29.129598 ], [ -89.399648, 29.123677 ], [ -89.482844, 29.215053 ], [ -89.605974, 29.25365 ], [ -89.639663, 29.290531 ], [ -89.842641, 29.318823 ], [ -89.822141, 29.356584 ], [ -89.790589, 29.328251 ], [ -89.646793, 29.376314 ], [ -89.623263, 29.346278 ], [ -89.595454, 29.356015 ], [ -89.647411, 29.409862 ], [ -89.644892, 29.389983 ], [ -89.814654, 29.400078 ], [ -89.843553, 29.421677 ], [ -89.815962, 29.460318 ], [ -89.85197, 29.475734 ], [ -89.879541, 29.434539 ], [ -89.963977, 29.463049 ], [ -89.991785, 29.450632 ], [ -89.970394, 29.431796 ], [ -90.041995, 29.360665 ], [ -89.997549, 29.370504 ], [ -89.978891, 29.346992 ], [ -90.031815, 29.344251 ], [ -90.018643, 29.286789 ], [ -90.07533, 29.296014 ], [ -90.10807, 29.265021 ], [ -90.070531, 29.208215 ], [ -90.047879, 29.21533 ], [ -90.047854, 29.18958 ], [ -90.222869, 29.087069 ], [ -90.248063, 29.096623 ], [ -90.234405, 29.128824 ], [ -90.277773, 29.142822 ], [ -90.24533, 29.149672 ], [ -90.281457, 29.156522 ], [ -90.258759, 29.165551 ], [ -90.28526, 29.178003 ], [ -90.259234, 29.199583 ], [ -90.305344, 29.268442 ], [ -90.354069, 29.305445 ], [ -90.403268, 29.233811 ], [ -90.392929, 29.296636 ], [ -90.440227, 29.349375 ], [ -90.479088, 29.292179 ], [ -90.597571, 29.303268 ], [ -90.592699, 29.245943 ], [ -90.561801, 29.234951 ], [ -90.615992, 29.236403 ], [ -90.611832, 29.214831 ], [ -90.635719, 29.213897 ], [ -90.646771, 29.168664 ], [ -90.685038, 29.165551 ], [ -90.694307, 29.125071 ], [ -90.729959, 29.138047 ], [ -90.802214, 29.093819 ], [ -90.805933, 29.06446 ], [ -90.836107, 29.066063 ], [ -90.952427, 29.183294 ], [ -91.008272, 29.174336 ], [ -91.038349, 29.210371 ], [ -91.064731, 29.184124 ], [ -91.129855, 29.220743 ], [ -91.288324, 29.255743 ], [ -91.339768, 29.309818 ], [ -91.291821, 29.311357 ], [ -91.265452, 29.360976 ], [ -91.236987, 29.371342 ], [ -91.199258, 29.305134 ], [ -91.162774, 29.321299 ], [ -91.176559, 29.271137 ], [ -91.154455, 29.254964 ], [ -91.165507, 29.253823 ], [ -91.172281, 29.240758 ], [ -91.167765, 29.234433 ], [ -91.118447, 29.255482 ], [ -91.12629, 29.333421 ], [ -91.219579, 29.397117 ], [ -91.217814, 29.435287 ], [ -91.256524, 29.445005 ], [ -91.266404, 29.476094 ], [ -91.339574, 29.490497 ], [ -91.356323, 29.51506 ], [ -91.414694, 29.513709 ], [ -91.434254, 29.543426 ], [ -91.54138, 29.526327 ], [ -91.525523, 29.551904 ], [ -91.554571, 29.635775 ], [ -91.647504, 29.635465 ], [ -91.623023, 29.670992 ], [ -91.627896, 29.741079 ], [ -91.752915, 29.74985 ], [ -91.88075, 29.710839 ], [ -91.854404, 29.734682 ], [ -91.879242, 29.756556 ], [ -91.851671, 29.791834 ], [ -91.826018, 29.782399 ], [ -91.830808, 29.82927 ], [ -91.937507, 29.816765 ], [ -91.970986, 29.834316 ], [ -91.98287, 29.796166 ], [ -92.144431, 29.716418 ], [ -92.131899, 29.765837 ], [ -92.173343, 29.761286 ], [ -92.171106, 29.739782 ], [ -92.203312, 29.753402 ], [ -92.169092, 29.70021 ], [ -92.103867, 29.699145 ], [ -92.136649, 29.667481 ], [ -92.105751, 29.611808 ], [ -92.034566, 29.63154 ], [ -92.008896, 29.612944 ], [ -92.070693, 29.600029 ], [ -92.045619, 29.585101 ], [ -92.145391, 29.58647 ], [ -92.27486, 29.53553 ], [ -92.660733, 29.596102 ], [ -92.966032, 29.716312 ], [ -93.17693, 29.770487 ], [ -93.49285, 29.768729 ], [ -93.73968, 29.735817 ], [ -93.839539, 29.678523 ], [ -94.095762, 29.660524 ], [ -94.596186, 29.467912 ], [ -94.761491, 29.361883 ], [ -94.784439, 29.375721 ], [ -94.774338, 29.399226 ], [ -94.676654, 29.473479 ], [ -94.606562, 29.482786 ], [ -94.568973, 29.53018 ], [ -94.493282, 29.513569 ], [ -94.470702, 29.556582 ], [ -94.521532, 29.540816 ], [ -94.560965, 29.574434 ], [ -94.778992, 29.530157 ], [ -94.788147, 29.546897 ], [ -94.751164, 29.550483 ], [ -94.713433, 29.610141 ], [ -94.689367, 29.693255 ], [ -94.695946, 29.759147 ], [ -94.726247, 29.795108 ], [ -94.815219, 29.758478 ], [ -94.901037, 29.657589 ], [ -94.942681, 29.697778 ], [ -95.003483, 29.712222 ], [ -95.018979, 29.701141 ], [ -94.982154, 29.676865 ], [ -95.015189, 29.632451 ], [ -94.982706, 29.601344 ], [ -95.02099, 29.551527 ], [ -94.989647, 29.516856 ], [ -94.909465, 29.496838 ], [ -94.951849, 29.467527 ], [ -94.892027, 29.433681 ], [ -94.889815, 29.378196 ], [ -94.864366, 29.370511 ], [ -94.906596, 29.35598 ], [ -94.900035, 29.302364 ], [ -94.941977, 29.313478 ], [ -95.042163, 29.206874 ], [ -95.103762, 29.175409 ], [ -95.115756, 29.199528 ], [ -95.156967, 29.195046 ], [ -95.167068, 29.113057 ], [ -95.123837, 29.07064 ], [ -95.383683, 28.87 ], [ -96.342483, 28.418716 ], [ -96.442849, 28.317666 ], [ -96.63201, 28.222821 ], [ -96.812889, 28.094381 ], [ -96.961874, 27.955884 ], [ -97.04608, 27.839539 ], [ -97.045723, 27.889969 ], [ -96.997028, 27.940376 ], [ -97.035748, 27.940428 ], [ -96.989982, 27.949134 ], [ -96.947086, 28.053491 ], [ -96.880536, 28.106022 ], [ -96.896936, 28.114722 ], [ -96.880061, 28.131072 ], [ -96.825585, 28.112161 ], [ -96.801983, 28.140818 ], [ -96.816957, 28.17508 ], [ -96.720379, 28.186001 ], [ -96.595946, 28.277305 ], [ -96.603639, 28.292554 ], [ -96.440591, 28.34298 ], [ -96.438689, 28.368812 ], [ -96.471252, 28.367557 ], [ -96.416348, 28.413871 ], [ -96.45295, 28.418679 ], [ -96.573097, 28.358773 ], [ -96.620396, 28.30396 ], [ -96.665198, 28.30961 ], [ -96.705247, 28.348811 ], [ -96.706171, 28.404596 ], [ -96.747911, 28.409481 ], [ -96.79307, 28.480432 ], [ -96.815055, 28.475209 ], [ -96.828722, 28.459956 ], [ -96.793545, 28.458389 ], [ -96.764786, 28.412826 ], [ -96.786771, 28.402164 ], [ -96.83811, 28.432788 ], [ -96.85962, 28.413348 ], [ -96.791881, 28.360341 ], [ -96.809573, 28.290287 ], [ -96.785226, 28.22954 ], [ -96.913051, 28.120445 ], [ -96.90718, 28.146917 ], [ -96.931554, 28.123893 ], [ -96.967384, 28.123249 ], [ -96.925374, 28.193149 ], [ -96.942487, 28.217656 ], [ -96.918006, 28.269373 ], [ -96.968513, 28.21996 ], [ -96.945934, 28.196501 ], [ -96.979684, 28.125361 ], [ -97.025384, 28.14963 ], [ -97.016731, 28.203332 ], [ -97.169185, 28.130512 ], [ -97.22283, 28.077348 ], [ -97.121935, 28.020922 ], [ -97.105892, 28.038021 ], [ -97.135246, 28.04788 ], [ -97.054197, 28.092761 ], [ -97.053365, 28.118338 ], [ -97.024962, 28.113307 ], [ -97.0252, 28.032147 ], [ -97.064429, 27.992834 ], [ -97.075077, 27.919354 ], [ -97.07964, 27.975539 ], [ -97.201044, 27.821279 ], [ -97.224886, 27.826676 ], [ -97.22085, 27.850262 ], [ -97.263566, 27.880815 ], [ -97.354949, 27.851081 ], [ -97.337784, 27.883624 ], [ -97.516622, 27.871425 ], [ -97.472073, 27.824154 ], [ -97.378864, 27.835919 ], [ -97.393291, 27.782905 ], [ -97.368355, 27.741683 ], [ -97.343679, 27.724023 ], [ -97.253051, 27.69754 ], [ -97.243544, 27.689227 ], [ -97.269214, 27.67744 ], [ -97.322191, 27.569058 ], [ -97.414436, 27.321568 ], [ -97.508304, 27.275014 ], [ -97.544437, 27.284175 ], [ -97.481462, 27.340465 ], [ -97.493583, 27.390597 ], [ -97.613017, 27.285241 ], [ -97.661266, 27.360099 ], [ -97.708802, 27.385638 ], [ -97.68444, 27.319878 ], [ -97.654877, 27.305103 ], [ -97.740114, 27.267542 ], [ -97.647343, 27.276359 ], [ -97.631123, 27.24223 ], [ -97.54291, 27.229213 ], [ -97.422593, 27.262045 ], [ -97.441565, 27.163833 ], [ -97.439396, 27.076524 ], [ -97.417925, 27.070913 ], [ -97.439163, 27.070705 ], [ -97.453283, 26.917335 ], [ -97.437296, 26.913069 ], [ -97.4569, 26.882577 ], [ -97.410223, 26.874354 ], [ -97.4576, 26.872897 ], [ -97.460284, 26.847287 ], [ -97.412674, 26.817402 ], [ -97.478605, 26.806675 ], [ -97.445708, 26.609362 ], [ -97.41537, 26.552763 ], [ -97.413112, 26.481197 ], [ -97.38055, 26.480559 ], [ -97.2812, 26.280513 ], [ -97.324339, 26.277316 ], [ -97.299858, 26.267406 ], [ -97.316733, 26.224025 ], [ -97.282753, 26.11909 ], [ -97.312538, 26.120344 ], [ -97.269422, 26.086082 ], [ -97.189693, 26.071582 ], [ -97.195675, 26.046559 ], [ -97.149662, 26.064136 ], [ -97.149372, 25.953359 ], [ -97.284446, 25.959156 ], [ -97.277163, 25.935438 ], [ -97.348274, 25.931143 ], [ -97.374855, 25.908543 ], [ -97.356629, 25.887681 ], [ -97.372864, 25.840117 ], [ -97.40525, 25.837728 ], [ -97.408417, 25.861963 ], [ -97.412657, 25.841175 ], [ -97.442969, 25.848092 ], [ -97.455718, 25.883997 ], [ -97.496687, 25.87968 ], [ -97.497386, 25.898644 ], [ -97.521762, 25.886458 ], [ -97.530182, 25.919854 ], [ -97.582338, 25.932683 ], [ -97.567646, 25.95183 ], [ -97.602149, 25.957381 ], [ -97.639042, 26.02297 ], [ -97.668268, 26.019756 ], [ -97.660918, 26.03074 ], [ -97.662728, 26.038078 ], [ -97.738217, 26.021982 ], [ -97.768975, 26.047501 ], [ -97.792326, 26.034168 ], [ -97.801317, 26.060161 ], [ -97.860504, 26.052918 ], [ -97.861273, 26.069927 ], [ -97.967358, 26.051718 ], [ -98.028759, 26.06647 ], [ -98.039239, 26.041275 ], [ -98.073242, 26.036481 ], [ -98.080495, 26.070932 ], [ -98.131494, 26.0742 ], [ -98.147398, 26.049483 ], [ -98.177534, 26.075023 ], [ -98.193985, 26.053324 ], [ -98.286476, 26.102292 ], [ -98.266258, 26.120722 ], [ -98.306515, 26.10429 ], [ -98.334725, 26.165559 ], [ -98.387206, 26.15832 ], [ -98.442536, 26.199151 ], [ -98.443406, 26.223653 ], [ -98.48274, 26.201644 ], [ -98.545328, 26.244536 ], [ -98.563414, 26.22534 ], [ -98.587545, 26.257816 ], [ -98.669397, 26.23632 ], [ -98.719885, 26.272705 ], [ -98.7018, 26.286163 ], [ -98.750202, 26.295694 ], [ -98.751021, 26.331833 ], [ -98.789822, 26.331575 ], [ -98.807348, 26.369421 ], [ -98.896734, 26.35333 ], [ -98.926863, 26.394471 ], [ -98.942152, 26.369687 ], [ -98.956392, 26.39571 ], [ -99.01165, 26.392496 ], [ -99.03172, 26.412964 ], [ -99.085126, 26.398782 ], [ -99.113546, 26.43253 ], [ -99.091976, 26.472376 ], [ -99.105031, 26.500335 ], [ -99.170704, 26.540316 ], [ -99.208907, 26.724761 ], [ -99.240023, 26.745851 ], [ -99.268613, 26.843213 ], [ -99.316753, 26.865831 ], [ -99.324684, 26.915973 ], [ -99.379149, 26.93449 ], [ -99.393748, 26.96073 ], [ -99.376593, 26.977717 ], [ -99.446086, 27.023338 ], [ -99.426348, 27.176262 ], [ -99.441549, 27.24992 ], [ -99.48791, 27.260721 ], [ -99.494604, 27.303542 ], [ -99.537771, 27.316073 ], [ -99.504837, 27.338289 ], [ -99.479251, 27.478635 ], [ -99.52832, 27.498896 ], [ -99.512219, 27.568094 ], [ -99.55495, 27.614454 ], [ -99.584843, 27.603903 ], [ -99.596231, 27.639858 ], [ -99.638929, 27.626758 ], [ -99.668942, 27.659974 ], [ -99.711511, 27.658365 ], [ -99.813086, 27.773952 ], [ -99.838791, 27.764181 ], [ -99.876553, 27.797359 ], [ -99.896875, 27.907685 ], [ -99.937142, 27.940537 ], [ -99.931812, 27.980967 ], [ -99.991447, 27.99456 ], [ -100.083393, 28.144035 ], [ -100.208059, 28.190383 ], [ -100.220284, 28.23221 ], [ -100.291397, 28.275397 ], [ -100.286471, 28.312296 ], [ -100.3444, 28.389662 ], [ -100.337797, 28.44296 ], [ -100.368288, 28.477196 ], [ -100.333814, 28.499252 ], [ -100.38886, 28.515748 ], [ -100.411414, 28.551899 ], [ -100.398385, 28.584884 ], [ -100.44732, 28.609325 ], [ -100.447091, 28.642197 ], [ -100.500354, 28.66196 ], [ -100.53583, 28.805888 ], [ -100.574699, 28.828787 ], [ -100.600768, 28.900764 ], [ -100.640568, 28.914212 ], [ -100.674656, 29.099777 ], [ -100.772649, 29.168492 ], [ -100.767059, 29.195287 ], [ -100.81478, 29.263724 ], [ -101.010614, 29.368669 ], [ -101.060151, 29.458661 ], [ -101.144337, 29.473246 ], [ -101.173821, 29.514566 ], [ -101.254895, 29.520342 ], [ -101.250383, 29.624171 ], [ -101.269217, 29.630027 ], [ -101.290962, 29.571537 ], [ -101.305533, 29.577925 ], [ -101.302371, 29.649994 ], [ -101.361312, 29.650063 ], [ -101.415584, 29.746534 ], [ -101.400884, 29.770069 ], [ -101.445477, 29.749397 ], [ -101.461639, 29.789834 ], [ -101.535847, 29.758934 ], [ -101.544392, 29.811856 ], [ -101.574945, 29.769854 ], [ -101.646418, 29.754304 ], [ -101.807536, 29.781373 ], [ -101.818275, 29.811621 ], [ -101.824101, 29.787152 ], [ -101.850958, 29.807881 ], [ -101.929323, 29.782576 ], [ -101.976632, 29.815992 ], [ -101.988607, 29.796666 ], [ -102.073646, 29.786926 ], [ -102.142326, 29.802854 ], [ -102.18525, 29.847735 ], [ -102.223528, 29.84053 ], [ -102.315389, 29.87992 ], [ -102.364542, 29.845387 ], [ -102.388323, 29.761266 ], [ -102.487252, 29.786585 ], [ -102.517531, 29.783955 ], [ -102.548261, 29.744596 ], [ -102.567663, 29.771463 ], [ -102.630151, 29.734315 ], [ -102.673997, 29.744574 ], [ -102.693466, 29.676507 ], [ -102.742185, 29.63251 ], [ -102.739991, 29.599041 ], [ -102.768341, 29.594734 ], [ -102.771429, 29.548546 ], [ -102.808692, 29.522319 ], [ -102.800673, 29.486235 ], [ -102.833261, 29.410976 ], [ -102.812666, 29.400173 ], [ -102.839375, 29.358922 ], [ -102.884364, 29.347729 ], [ -102.906296, 29.260011 ], [ -102.868468, 29.222879 ], [ -102.912324, 29.219418 ], [ -102.950592, 29.173731 ], [ -102.996319, 29.178265 ], [ -103.03603, 29.098736 ], [ -103.100134, 29.060675 ], [ -103.115328, 28.98527 ], [ -103.163865, 28.972099 ], [ -103.266333, 28.995981 ], [ -103.283457, 28.976945 ], [ -103.308277, 29.025001 ], [ -103.338298, 29.019766 ], [ -103.330871, 29.042959 ], [ -103.386505, 29.021648 ], [ -103.44993, 29.072714 ], [ -103.470107, 29.066194 ], [ -103.552572, 29.157335 ], [ -103.717757, 29.180563 ], [ -103.758549, 29.232939 ], [ -103.776698, 29.220054 ], [ -103.784047, 29.265467 ], [ -104.038282, 29.320156 ], [ -104.167443, 29.394744 ], [ -104.218126, 29.457732 ], [ -104.212997, 29.48413 ], [ -104.315476, 29.532754 ], [ -104.338113, 29.519967 ], [ -104.509025, 29.633282 ], [ -104.565688, 29.770462 ], [ -104.683245, 29.929451 ], [ -104.706874, 30.050685 ], [ -104.685003, 30.085643 ], [ -104.686715, 30.178617 ], [ -104.705967, 30.235001 ], [ -104.811854, 30.333599 ], [ -104.817602, 30.375746 ], [ -104.859521, 30.390413 ], [ -104.866758, 30.495036 ], [ -104.922935, 30.603848 ], [ -104.972071, 30.61026 ], [ -105.006222, 30.685599 ], [ -105.061577, 30.685743 ], [ -105.118295, 30.749726 ], [ -105.218567, 30.785244 ], [ -105.215017, 30.805893 ], [ -105.257941, 30.794708 ], [ -105.292225, 30.826311 ], [ -105.31702, 30.810987 ], [ -105.339293, 30.840475 ], [ -105.395364, 30.849069 ], [ -105.399866, 30.889074 ], [ -105.55743, 30.990229 ], [ -105.604467, 31.083744 ], [ -105.773257, 31.166897 ], [ -105.869163, 31.288815 ], [ -105.938452, 31.318735 ], [ -105.953786, 31.364749 ], [ -106.080258, 31.398702 ], [ -106.206544, 31.466199 ], [ -106.381039, 31.73211 ], [ -106.451064, 31.764325 ], [ -106.489542, 31.748408 ], [ -106.547144, 31.807305 ], [ -106.602727, 31.825024 ], [ -106.645646, 31.895649 ], [ -106.614773615005006, 31.917816473573499 ] ] ], [ [ [ -88.416377, 30.208608 ], [ -88.453654, 30.196584 ], [ -88.506567, 30.214058 ], [ -88.453444, 30.201236 ], [ -88.416377, 30.208608 ] ] ], [ [ [ -88.583715, 30.337989 ], [ -88.568672, 30.331128 ], [ -88.582568, 30.331342 ], [ -88.583715, 30.337989 ] ] ], [ [ [ -88.715302, 30.252263 ], [ -88.595502, 30.224173 ], [ -88.764524, 30.243752 ], [ -88.715302, 30.252263 ] ] ], [ [ [ -88.826538, 29.847092 ], [ -88.875091, 29.759818 ], [ -88.828247, 29.920717 ], [ -88.840866, 29.995613 ], [ -88.881454, 30.053202 ], [ -88.855583, 30.034414 ], [ -88.824158, 29.970461 ], [ -88.826538, 29.847092 ] ] ], [ [ [ -88.836166, 30.374066 ], [ -88.818817, 30.360924 ], [ -88.866767, 30.382974 ], [ -88.836166, 30.374066 ] ] ], [ [ [ -88.862714, 29.856784 ], [ -88.864057, 29.846584 ], [ -88.865659, 29.86262 ], [ -88.862714, 29.856784 ] ] ], [ [ [ -88.872771, 30.247767 ], [ -88.897986, 30.229879 ], [ -88.903807, 30.22847 ], [ -88.872771, 30.247767 ] ] ], [ [ [ -88.874859, 29.880618 ], [ -88.878822, 29.87236 ], [ -88.875306, 29.881949 ], [ -88.874859, 29.880618 ] ] ], [ [ [ -88.953924, 30.213589 ], [ -88.959507, 30.208452 ], [ -88.980407, 30.210516 ], [ -88.953924, 30.213589 ] ] ], [ [ [ -89.06826, 30.247158 ], [ -89.087659, 30.213133 ], [ -89.132578, 30.227587 ], [ -89.06826, 30.247158 ] ] ], [ [ [ -89.342163, 30.059172 ], [ -89.190475, 30.16176 ], [ -89.243079, 30.100663 ], [ -89.173401, 30.04336 ], [ -89.213045, 30.027352 ], [ -89.215675, 29.993523 ], [ -89.24433, 30.05828 ], [ -89.275826, 30.023081 ], [ -89.333221, 30.034767 ], [ -89.342163, 30.059172 ] ] ], [ [ [ -89.249505, 29.828649 ], [ -89.256118, 29.823708 ], [ -89.262928, 29.824734 ], [ -89.249505, 29.828649 ] ] ], [ [ [ -89.293352, 29.994745 ], [ -89.287766, 29.999582 ], [ -89.289905, 29.995156 ], [ -89.293352, 29.994745 ] ] ], [ [ [ -89.296968, 29.382508 ], [ -89.299963, 29.38518 ], [ -89.298323, 29.385428 ], [ -89.296968, 29.382508 ] ] ], [ [ [ -89.319496, 29.952331 ], [ -89.326627, 29.946976 ], [ -89.325914, 29.955317 ], [ -89.319496, 29.952331 ] ] ], [ [ [ -89.333995, 29.959127 ], [ -89.335658, 29.962833 ], [ -89.332212, 29.962421 ], [ -89.333995, 29.959127 ] ] ], [ [ [ -89.336728, 29.987951 ], [ -89.33958, 29.994024 ], [ -89.336728, 29.99423 ], [ -89.336728, 29.987951 ] ] ], [ [ [ -89.340412, 29.976217 ], [ -89.347424, 29.975187 ], [ -89.343502, 29.981261 ], [ -89.340412, 29.976217 ] ] ], [ [ [ -89.369052, 29.952537 ], [ -89.351821, 29.972922 ], [ -89.364893, 29.950683 ], [ -89.369052, 29.952537 ] ] ], [ [ [ -89.352534, 29.927925 ], [ -89.362516, 29.922672 ], [ -89.357763, 29.934001 ], [ -89.352534, 29.927925 ] ] ], [ [ [ -89.379748, 30.014607 ], [ -89.378441, 30.004213 ], [ -89.381412, 30.00905 ], [ -89.379748, 30.014607 ] ] ], [ [ [ -89.417694, 30.143682 ], [ -89.446564, 30.130278 ], [ -89.442093, 30.144369 ], [ -89.417694, 30.143682 ] ] ], [ [ [ -89.627957, 29.533137 ], [ -89.565447, 29.539961 ], [ -89.599673, 29.507594 ], [ -89.627957, 29.533137 ] ] ], [ [ [ -89.576024, 29.574074 ], [ -89.574717, 29.578002 ], [ -89.569131, 29.575211 ], [ -89.576024, 29.574074 ] ] ], [ [ [ -89.631285, 29.567253 ], [ -89.645783, 29.565289 ], [ -89.630334, 29.5687 ], [ -89.631285, 29.567253 ] ] ], [ [ [ -89.643287, 29.553711 ], [ -89.641029, 29.559087 ], [ -89.639603, 29.555675 ], [ -89.643287, 29.553711 ] ] ], [ [ [ -89.656835, 29.551023 ], [ -89.666105, 29.550403 ], [ -89.663371, 29.556089 ], [ -89.656835, 29.551023 ] ] ], [ [ [ -89.890237, 29.323889 ], [ -89.86124, 29.311662 ], [ -89.90117, 29.314875 ], [ -89.890237, 29.323889 ] ] ], [ [ [ -89.906586, 29.296637 ], [ -89.944221, 29.271717 ], [ -89.950409, 29.275497 ], [ -89.943016, 29.276529 ], [ -89.906586, 29.296637 ] ] ], [ [ [ -90.043219, 29.200302 ], [ -89.988161, 29.260148 ], [ -89.949678, 29.264882 ], [ -90.043219, 29.200302 ] ] ], [ [ [ -89.95976, 29.306776 ], [ -89.957934, 29.30247 ], [ -89.962457, 29.304315 ], [ -89.95976, 29.306776 ] ] ], [ [ [ -89.969384, 29.284302 ], [ -89.979485, 29.277564 ], [ -89.979129, 29.281089 ], [ -89.969384, 29.284302 ] ] ], [ [ [ -89.984035, 29.320814 ], [ -89.970466, 29.303338 ], [ -89.974325, 29.30124 ], [ -89.984035, 29.320814 ] ] ], [ [ [ -90.01692, 29.250609 ], [ -90.010859, 29.237751 ], [ -90.024644, 29.24107 ], [ -90.01692, 29.250609 ] ] ], [ [ [ -90.022624, 29.267198 ], [ -90.026902, 29.260044 ], [ -90.028804, 29.264502 ], [ -90.022624, 29.267198 ] ] ], [ [ [ -90.328561, 29.065252 ], [ -90.321602, 29.070864 ], [ -90.319313, 29.069889 ], [ -90.328561, 29.065252 ] ] ], [ [ [ -90.346969, 29.186437 ], [ -90.344561, 29.184124 ], [ -90.347651, 29.177691 ], [ -90.346969, 29.186437 ] ] ], [ [ [ -90.351454, 29.131092 ], [ -90.34373, 29.118531 ], [ -90.376173, 29.108668 ], [ -90.351454, 29.131092 ] ] ], [ [ [ -90.350503, 29.102957 ], [ -90.361688, 29.103076 ], [ -90.343135, 29.106176 ], [ -90.350503, 29.102957 ] ] ], [ [ [ -90.407665, 29.207051 ], [ -90.414439, 29.207985 ], [ -90.410755, 29.210682 ], [ -90.407665, 29.207051 ] ] ], [ [ [ -90.42366, 29.060863 ], [ -90.529175, 29.078049 ], [ -90.550316, 29.092142 ], [ -90.42366, 29.060863 ] ] ], [ [ [ -90.435117, 29.253409 ], [ -90.442961, 29.254342 ], [ -90.444387, 29.262532 ], [ -90.435117, 29.253409 ] ] ], [ [ [ -90.618725, 29.195329 ], [ -90.614328, 29.196263 ], [ -90.613377, 29.193151 ], [ -90.618725, 29.195329 ] ] ], [ [ [ -90.759316, 29.046888 ], [ -90.711777, 29.062331 ], [ -90.661669, 29.062612 ], [ -90.7409, 29.046794 ], [ -90.759316, 29.046888 ] ] ], [ [ [ -90.868142, 29.057199 ], [ -90.820342, 29.057325 ], [ -90.806155, 29.053794 ], [ -90.834335, 29.044923 ], [ -90.868142, 29.057199 ] ] ], [ [ [ -90.915528, 29.049869 ], [ -90.932823, 29.051405 ], [ -90.936812, 29.054427 ], [ -90.915528, 29.049869 ] ] ], [ [ [ -91.038111, 29.187548 ], [ -91.039656, 29.192321 ], [ -91.035734, 29.188586 ], [ -91.038111, 29.187548 ] ] ], [ [ [ -92.026977, 29.568844 ], [ -91.903146, 29.637351 ], [ -91.843013, 29.627744 ], [ -91.775275, 29.587861 ], [ -91.775869, 29.567811 ], [ -91.70813, 29.568844 ], [ -91.765411, 29.524802 ], [ -91.768263, 29.490362 ], [ -91.821579, 29.473925 ], [ -92.026977, 29.568844 ] ] ], [ [ [ -94.713849, 29.731445 ], [ -94.718296, 29.728855 ], [ -94.716514, 29.733515 ], [ -94.713849, 29.731445 ] ] ], [ [ [ -95.122265, 29.088551 ], [ -94.874366, 29.289927 ], [ -94.789038, 29.311898 ], [ -94.766568, 29.337344 ], [ -94.726172, 29.332517 ], [ -95.122265, 29.088551 ] ] ], [ [ [ -94.821957, 29.313245 ], [ -94.810522, 29.352129 ], [ -94.781789, 29.324021 ], [ -94.821957, 29.313245 ] ] ], [ [ [ -94.820212, 29.351562 ], [ -94.824248, 29.348919 ], [ -94.825232, 29.353795 ], [ -94.820212, 29.351562 ] ] ], [ [ [ -94.91956, 29.588313 ], [ -94.916827, 29.567643 ], [ -94.928592, 29.58356 ], [ -94.91956, 29.588313 ] ] ], [ [ [ -94.909186, 29.269818 ], [ -94.915128, 29.273446 ], [ -94.909186, 29.273964 ], [ -94.909186, 29.269818 ] ] ], [ [ [ -94.921933, 29.281994 ], [ -94.922707, 29.28844 ], [ -94.919664, 29.286816 ], [ -94.921933, 29.281994 ] ] ], [ [ [ -94.978386, 29.683654 ], [ -94.941427, 29.653398 ], [ -94.944754, 29.613009 ], [ -94.978386, 29.683654 ] ] ], [ [ [ -94.985635, 29.69852 ], [ -94.975177, 29.687886 ], [ -94.992409, 29.697797 ], [ -94.985635, 29.69852 ] ] ], [ [ [ -97.390901, 26.816361 ], [ -97.389867, 27.20496 ], [ -97.361226, 27.272583 ], [ -97.361821, 27.35906 ], [ -97.240081, 27.633309 ], [ -97.210728, 27.624149 ], [ -97.151189, 27.768621 ], [ -97.121479, 27.785129 ], [ -97.135383, 27.824549 ], [ -97.05683, 27.841994 ], [ -97.275067, 27.475417 ], [ -97.365386, 27.199887 ], [ -97.370855, 26.910857 ], [ -97.278769, 26.564641 ], [ -97.310048, 26.566509 ], [ -97.287489, 26.583434 ], [ -97.390901, 26.816361 ] ] ], [ [ [ -97.129898, 27.839487 ], [ -97.066049, 27.906218 ], [ -97.078917, 27.917014 ], [ -97.053603, 27.90231 ], [ -97.060971, 27.846317 ], [ -97.129898, 27.839487 ] ] ], [ [ [ -97.102921, 27.90336 ], [ -97.108982, 27.892017 ], [ -97.111715, 27.893067 ], [ -97.102921, 27.90336 ] ] ], [ [ [ -97.110206, 27.890662 ], [ -97.118287, 27.890662 ], [ -97.131716, 27.896018 ], [ -97.110206, 27.890662 ] ] ], [ [ [ -97.122648, 27.910081 ], [ -97.125025, 27.912917 ], [ -97.123005, 27.912601 ], [ -97.122648, 27.910081 ] ] ], [ [ [ -97.128864, 27.905051 ], [ -97.129696, 27.897489 ], [ -97.132548, 27.898854 ], [ -97.128864, 27.905051 ] ] ], [ [ [ -97.143362, 27.84948 ], [ -97.138728, 27.855784 ], [ -97.13742, 27.849375 ], [ -97.143362, 27.84948 ] ] ], [ [ [ -97.14467, 27.880893 ], [ -97.145383, 27.876586 ], [ -97.150493, 27.874905 ], [ -97.14467, 27.880893 ] ] ], [ [ [ -97.156335, 27.821671 ], [ -97.147657, 27.8161 ], [ -97.16404, 27.818058 ], [ -97.156335, 27.821671 ] ] ], [ [ [ -97.27188, 26.559943 ], [ -97.192867, 26.29 ], [ -97.153712, 26.067582 ], [ -97.257144, 26.500287 ], [ -97.286033, 26.547158 ], [ -97.325911, 26.560805 ], [ -97.27188, 26.559943 ] ] ], [ [ [ -97.172699, 27.76084 ], [ -97.168421, 27.754425 ], [ -97.1746, 27.753899 ], [ -97.172699, 27.76084 ] ] ], [ [ [ -97.178539, 27.818373 ], [ -97.187808, 27.812802 ], [ -97.192918, 27.815325 ], [ -97.178539, 27.818373 ] ] ], [ [ [ -97.204089, 27.813853 ], [ -97.207298, 27.807336 ], [ -97.220493, 27.809208 ], [ -97.204089, 27.813853 ] ] ], [ [ [ -97.234612, 27.641066 ], [ -97.228081, 27.673891 ], [ -97.246468, 27.682484 ], [ -97.222755, 27.685921 ], [ -97.234612, 27.641066 ] ] ], [ [ [ -97.233879, 27.828914 ], [ -97.238558, 27.836015 ], [ -97.229997, 27.830039 ], [ -97.233879, 27.828914 ] ] ], [ [ [ -97.252213, 27.871223 ], [ -97.238995, 27.839804 ], [ -97.268282, 27.87274 ], [ -97.252213, 27.871223 ] ] ], [ [ [ -97.251091, 26.424162 ], [ -97.256438, 26.418309 ], [ -97.255963, 26.427035 ], [ -97.251091, 26.424162 ] ] ], [ [ [ -97.313524, 27.490451 ], [ -97.305086, 27.491505 ], [ -97.319704, 27.4778 ], [ -97.313524, 27.490451 ] ] ], [ [ [ -97.313881, 27.50542 ], [ -97.313999, 27.497514 ], [ -97.317446, 27.493824 ], [ -97.313881, 27.50542 ] ] ], [ [ [ -97.400532, 27.310903 ], [ -97.403503, 27.291261 ], [ -97.405642, 27.290205 ], [ -97.400532, 27.310903 ] ] ], [ [ [ -97.399581, 27.324524 ], [ -97.405998, 27.313543 ], [ -97.400651, 27.325474 ], [ -97.399581, 27.324524 ] ] ], [ [ [ -97.412648, 26.751858 ], [ -97.423106, 26.740715 ], [ -97.423463, 26.752176 ], [ -97.412648, 26.751858 ] ] ] ] } },
{ "type": "Feature", "properties": { "COURT_ID": "6", "COURT_NAME": "Sixth Bankruptcy Court", "area_sq_km": 812691.370669342, "source": "Derived from Courts of Appeals Circuits", "source_data": "US Census Bureau TIGER/Line", "date_created": "2025-10-08T00:00:00", "created_by": "District-Maps Project", "notes": "Bankruptcy courts follow same boundaries as Appeals circuits" }, "geometry": { "type": "MultiPolygon", "coordinates": [ [ [ [ -89.55264, 36.577178 ], [ -89.473341, 36.559918 ], [ -89.494248, 36.475972 ], [ -89.471718, 36.457001 ], [ -89.41977, 36.493896 ], [ -89.365548, 36.625059 ], [ -89.326731, 36.632186 ], [ -89.259994, 36.565149 ], [ -89.213563, 36.580119 ], [ -89.15908, 36.666352 ], [ -89.197808, 36.739412 ], [ -89.116563, 36.767557 ], [ -89.171069, 36.798119 ], [ -89.178153, 36.834586 ], [ -89.137969, 36.847349 ], [ -89.098843, 36.95785 ], [ -89.17112, 37.008072 ], [ -89.179384, 37.053012 ], [ -89.086526, 37.165602 ], [ -89.000968, 37.224401 ], [ -88.934063, 37.227719 ], [ -88.80572, 37.188595 ], [ -88.566839, 37.0755 ], [ -88.460594, 37.074298 ], [ -88.424403, 37.152428 ], [ -88.515939, 37.284043 ], [ -88.476592, 37.386875 ], [ -88.413108, 37.424468 ], [ -88.365471, 37.401663 ], [ -88.281667, 37.452596 ], [ -88.067844, 37.485867 ], [ -88.069018, 37.525297 ], [ -88.140783, 37.585217 ], [ -88.159372, 37.661847 ], [ -88.059588, 37.742608 ], [ -88.02803, 37.799224 ], [ -87.95259, 37.771742 ], [ -87.90681, 37.807624 ], [ -87.941021, 37.879168 ], [ -87.904789, 37.924892 ], [ -87.829773, 37.876425 ], [ -87.679131, 37.902951 ], [ -87.679188, 37.836321 ], [ -87.645858, 37.825899 ], [ -87.583925, 37.872485 ], [ -87.627892, 37.922253 ], [ -87.596171, 37.97486 ], [ -87.511499, 37.906426 ], [ -87.413325, 37.944714 ], [ -87.162319, 37.840159 ], [ -87.111008, 37.782354 ], [ -87.069675, 37.801513 ], [ -87.034166, 37.906265 ], [ -86.917949, 37.93724 ], [ -86.820071, 37.999392 ], [ -86.73146, 37.89434 ], [ -86.647081, 37.908621 ], [ -86.661637, 37.849714 ], [ -86.638265, 37.842718 ], [ -86.598108, 37.867382 ], [ -86.588581, 37.921159 ], [ -86.50662, 37.930719 ], [ -86.521825, 38.038327 ], [ -86.452192, 38.05049 ], [ -86.430091, 38.078638 ], [ -86.463248, 38.119278 ], [ -86.401879, 38.104329 ], [ -86.323847, 38.138412 ], [ -86.377434, 38.171379 ], [ -86.357717, 38.198807 ], [ -86.272847, 38.140835 ], [ -86.267203, 38.056798 ], [ -86.176557, 38.01023 ], [ -86.086341, 38.004931 ], [ -86.042307, 37.958171 ], [ -86.029509, 37.99264 ], [ -85.925654, 38.021784 ], [ -85.903873, 38.174142 ], [ -85.829216, 38.276508 ], [ -85.781027, 38.288476 ], [ -85.745077, 38.26719 ], [ -85.683561, 38.295469 ], [ -85.604457, 38.44082 ], [ -85.498866, 38.468242 ], [ -85.422441, 38.532931 ], [ -85.456481, 38.685069 ], [ -85.436299, 38.728484 ], [ -85.268495, 38.740165 ], [ -85.173048, 38.688022 ], [ -84.991927, 38.778537 ], [ -84.812877, 38.786087 ], [ -84.829958, 38.830632 ], [ -84.785234, 38.880439 ], [ -84.877029, 38.909016 ], [ -84.829857, 38.969385 ], [ -84.896911, 39.057474 ], [ -84.820157, 39.10548 ], [ -84.805883, 41.760216 ], [ -86.824828, 41.76024 ], [ -86.621769, 41.891934 ], [ -86.489023, 42.116224 ], [ -86.355945, 42.254215 ], [ -86.257272, 42.453572 ], [ -86.207025, 42.701592 ], [ -86.220582, 42.955791 ], [ -86.254646, 43.083409 ], [ -86.427044, 43.374941 ], [ -86.538497, 43.617501 ], [ -86.534538, 43.668005 ], [ -86.454254, 43.756619 ], [ -86.430202, 43.827575 ], [ -86.463136, 43.970976 ], [ -86.514702, 44.058119 ], [ -86.421108, 44.12948 ], [ -86.26871, 44.345324 ], [ -86.220399, 44.56817 ], [ -86.254996, 44.691935 ], [ -86.089564, 44.741984 ], [ -86.066745, 44.905685 ], [ -85.985218, 44.902933 ], [ -85.9316, 44.968788 ], [ -85.869852, 44.939031 ], [ -85.807403, 44.949814 ], [ -85.780042, 45.009625 ], [ -85.681096, 45.092693 ], [ -85.618361, 45.18702 ], [ -85.585986, 45.180381 ], [ -85.540748, 45.210906 ], [ -85.526734, 45.189316 ], [ -85.56168, 45.15894 ], [ -85.558373, 45.133209 ], [ -85.573893, 45.155488 ], [ -85.614319, 45.127562 ], [ -85.566505, 45.043991 ], [ -85.588994, 45.054714 ], [ -85.649476, 44.974589 ], [ -85.599389, 44.989175 ], [ -85.600982, 44.92501 ], [ -85.624648, 44.922139 ], [ -85.652355, 44.849092 ], [ -85.638884, 44.772335 ], [ -85.595436, 44.767111 ], [ -85.524751, 44.896124 ], [ -85.564509, 44.895246 ], [ -85.520034, 44.973996 ], [ -85.474937, 44.991721 ], [ -85.464944, 44.961062 ], [ -85.487459, 44.958939 ], [ -85.499745, 44.856088 ], [ -85.555894, 44.818256 ], [ -85.576566, 44.760208 ], [ -85.527192, 44.7475 ], [ -85.389256, 44.948057 ], [ -85.36349, 45.111624 ], [ -85.389916, 45.217245 ], [ -85.371593, 45.270834 ], [ -85.203616, 45.361887 ], [ -85.043101, 45.361506 ], [ -84.91585, 45.393115 ], [ -84.922006, 45.421914 ], [ -84.985131, 45.419287 ], [ -85.06247, 45.451289 ], [ -85.115479, 45.539406 ], [ -85.116914, 45.579649 ], [ -85.070333, 45.633952 ], [ -84.943756, 45.71029 ], [ -84.957946, 45.743385 ], [ -85.0141, 45.759545 ], [ -84.807907, 45.744918 ], [ -84.778933, 45.766115 ], [ -84.791643, 45.782038 ], [ -84.72886, 45.788145 ], [ -84.721273, 45.766401 ], [ -84.557644, 45.709023 ], [ -84.479222, 45.656791 ], [ -84.329537, 45.66438 ], [ -84.215878, 45.634817 ], [ -84.137355, 45.571642 ], [ -84.089758, 45.494433 ], [ -83.93609, 45.492353 ], [ -83.786856, 45.41015 ], [ -83.716132, 45.414455 ], [ -83.598976, 45.351979 ], [ -83.494514, 45.339366 ], [ -83.488735, 45.357727 ], [ -83.485695, 45.330028 ], [ -83.381632, 45.269772 ], [ -83.418223, 45.255785 ], [ -83.412557, 45.239215 ], [ -83.363678, 45.166469 ], [ -83.316118, 45.141958 ], [ -83.315324, 45.052571 ], [ -83.262416, 45.025405 ], [ -83.385003, 45.077053 ], [ -83.437879, 45.055014 ], [ -83.456484, 45.017219 ], [ -83.431254, 45.007998 ], [ -83.463841, 45.003138 ], [ -83.433032, 44.93289 ], [ -83.315803, 44.881005 ], [ -83.2973, 44.746134 ], [ -83.270288, 44.70878 ], [ -83.314517, 44.608725 ], [ -83.332533, 44.340464 ], [ -83.449184, 44.251796 ], [ -83.441828, 44.270467 ], [ -83.479531, 44.28009 ], [ -83.53771, 44.248171 ], [ -83.564446, 44.105537 ], [ -83.591361, 44.079237 ], [ -83.579866, 44.049439 ], [ -83.671488, 44.041842 ], [ -83.680563, 43.987646 ], [ -83.834387, 43.99715 ], [ -83.875498, 43.961945 ], [ -83.916, 43.89904 ], [ -83.928707, 43.777135 ], [ -83.956463, 43.760767 ], [ -83.939297, 43.715369 ], [ -83.891499, 43.662355 ], [ -83.685207, 43.584437 ], [ -83.539965, 43.708366 ], [ -83.490496, 43.70259 ], [ -83.390392, 43.848386 ], [ -83.325064, 43.883999 ], [ -83.329382, 43.903239 ], [ -83.404628, 43.915292 ], [ -83.30924, 43.920256 ], [ -83.262471, 43.975315 ], [ -83.066026, 44.003366 ], [ -83.027675, 44.046204 ], [ -82.963861, 44.068266 ], [ -82.793205, 44.023247 ], [ -82.736956, 43.985889 ], [ -82.614982, 43.77925 ], [ -82.599039, 43.593637 ], [ -82.539439, 43.436766 ], [ -82.523086, 43.225361 ], [ -82.486042, 43.102486 ], [ -82.413474, 42.976887 ], [ -82.469912, 42.887459 ], [ -82.467776, 42.761397 ], [ -82.523337, 42.607486 ], [ -82.583996, 42.554041 ], [ -82.64307, 42.554321 ], [ -82.679059, 42.52221 ], [ -82.647899, 42.559345 ], [ -82.694062, 42.558562 ], [ -82.656455, 42.592424 ], [ -82.713042, 42.597904 ], [ -82.65289, 42.650577 ], [ -82.630922, 42.64211 ], [ -82.630851, 42.673341 ], [ -82.696222, 42.690278 ], [ -82.805609, 42.648765 ], [ -82.820667, 42.615265 ], [ -82.771519, 42.592744 ], [ -82.782414, 42.564834 ], [ -82.834216, 42.567849 ], [ -82.874416, 42.523535 ], [ -82.882181, 42.405191 ], [ -82.959763, 42.34003 ], [ -83.09729, 42.290068 ], [ -83.126361, 42.238412 ], [ -83.13202, 42.090166 ], [ -83.19104, 42.077441 ], [ -83.187602, 42.044309 ], [ -83.213112, 42.043286 ], [ -83.185729, 42.008965 ], [ -83.234125, 41.994504 ], [ -83.264535, 41.930983 ], [ -83.319698, 41.933463 ], [ -83.34276, 41.879384 ], [ -83.383743, 41.869638 ], [ -83.439612, 41.813162 ], [ -83.427556, 41.741965 ], [ -83.479913, 41.757419 ], [ -83.453101, 41.735689 ], [ -83.484138, 41.684775 ], [ -83.35173, 41.686953 ], [ -83.335869, 41.705491 ], [ -83.208187, 41.635243 ], [ -83.086046, 41.606425 ], [ -82.93521, 41.51483 ], [ -82.868583, 41.533699 ], [ -82.839622, 41.586658 ], [ -82.785496, 41.540675 ], [ -82.711584, 41.536317 ], [ -82.715518, 41.498819 ], [ -82.723574, 41.51428 ], [ -82.806027, 41.506566 ], [ -83.039776, 41.464058 ], [ -83.009432, 41.428481 ], [ -82.976617, 41.453612 ], [ -82.922813, 41.418849 ], [ -82.811714, 41.475339 ], [ -82.766317, 41.445771 ], [ -82.673781, 41.45347 ], [ -82.686934, 41.491398 ], [ -82.625488, 41.423068 ], [ -82.481214, 41.381342 ], [ -82.012398, 41.515513 ], [ -81.876987, 41.483176 ], [ -81.738755, 41.48855 ], [ -81.283818, 41.76205 ], [ -80.519408, 41.977164 ], [ -80.518991, 40.638801 ], [ -80.627171, 40.619936 ], [ -80.667957, 40.582496 ], [ -80.595494, 40.475266 ], [ -80.633596, 40.390467 ], [ -80.609695, 40.374968 ], [ -80.599895, 40.317669 ], [ -80.738604, 40.075672 ], [ -80.756432, 39.91393 ], [ -80.806018, 39.91713 ], [ -80.790761, 39.86728 ], [ -80.869092, 39.766364 ], [ -80.829764, 39.711839 ], [ -80.863698, 39.691724 ], [ -80.876002, 39.627084 ], [ -81.020055, 39.55541 ], [ -81.217315, 39.38759 ], [ -81.375961, 39.341697 ], [ -81.412706, 39.394618 ], [ -81.456143, 39.409274 ], [ -81.557547, 39.338774 ], [ -81.570247, 39.267675 ], [ -81.683627, 39.270939 ], [ -81.692395, 39.226443 ], [ -81.755754, 39.180976 ], [ -81.747253, 39.095378 ], [ -81.813855, 39.079278 ], [ -81.764253, 39.015279 ], [ -81.78182, 38.964935 ], [ -81.762659, 38.924121 ], [ -81.827354, 38.945898 ], [ -81.855971, 38.892734 ], [ -81.898541, 38.874582 ], [ -81.928, 38.893492 ], [ -81.89847, 38.929603 ], [ -81.933186, 38.987659 ], [ -81.979371, 38.993193 ], [ -82.00599, 39.029387 ], [ -82.037749, 39.023865 ], [ -82.143167, 38.898079 ], [ -82.144867, 38.84048 ], [ -82.221566, 38.787187 ], [ -82.182467, 38.708782 ], [ -82.177267, 38.603784 ], [ -82.291271, 38.578983 ], [ -82.330335, 38.4445 ], [ -82.540199, 38.403666 ], [ -82.596281, 38.417681 ], [ -82.574656, 38.263873 ], [ -82.61226, 38.236087 ], [ -82.611343, 38.171548 ], [ -82.644739, 38.165487 ], [ -82.551259, 38.070799 ], [ -82.519193, 38.001131 ], [ -82.464257, 37.983412 ], [ -82.502198, 37.933052 ], [ -82.419929, 37.88487 ], [ -82.401652, 37.810091 ], [ -82.312363, 37.764774 ], [ -82.334035, 37.743227 ], [ -82.296634, 37.702403 ], [ -82.303953, 37.67576 ], [ -82.24041, 37.661567 ], [ -82.213443, 37.62522 ], [ -82.175264, 37.647971 ], [ -82.18143, 37.621842 ], [ -82.127321, 37.586667 ], [ -82.133247, 37.552832 ], [ -82.07503, 37.555824 ], [ -82.046653, 37.528193 ], [ -82.042825, 37.548361 ], [ -81.965401, 37.541171 ], [ -82.350948, 37.267077 ], [ -82.498858, 37.227044 ], [ -82.722097, 37.120168 ], [ -82.722472, 37.045101 ], [ -82.867535, 36.977518 ], [ -82.857965, 36.929529 ], [ -82.878569, 36.889585 ], [ -83.009222, 36.847295 ], [ -83.07259, 36.854589 ], [ -83.133231, 36.784585 ], [ -83.136395, 36.743088 ], [ -83.423707, 36.667385 ], [ -83.529612, 36.666184 ], [ -83.675395, 36.600784 ], [ -81.934144, 36.594213 ], [ -81.922644, 36.616213 ], [ -81.6469, 36.611918 ], [ -81.707963, 36.536209 ], [ -81.695311, 36.467912 ], [ -81.741995, 36.41096 ], [ -81.707438, 36.335171 ], [ -81.793597, 36.362209 ], [ -81.908137, 36.302013 ], [ -82.033141, 36.120422 ], [ -82.127146, 36.104417 ], [ -82.147948, 36.149516 ], [ -82.213852, 36.159112 ], [ -82.247521, 36.130865 ], [ -82.355157, 36.115609 ], [ -82.409458, 36.083409 ], [ -82.460658, 36.007809 ], [ -82.557874, 35.953901 ], [ -82.610889, 35.967409 ], [ -82.591964, 36.035706 ], [ -82.632265, 36.065705 ], [ -82.668365, 36.052905 ], [ -82.776001, 36.000103 ], [ -82.804997, 35.927168 ], [ -82.874159, 35.952698 ], [ -82.92001, 35.928422 ], [ -82.897273, 35.877882 ], [ -82.98397, 35.77801 ], [ -83.07403, 35.790016 ], [ -83.159208, 35.764892 ], [ -83.185685, 35.72989 ], [ -83.251247, 35.719916 ], [ -83.297154, 35.65775 ], [ -83.35156, 35.659858 ], [ -83.498335, 35.562981 ], [ -83.608889, 35.579451 ], [ -83.771736, 35.562118 ], [ -83.82559, 35.523829 ], [ -83.880074, 35.518745 ], [ -83.911773, 35.476028 ], [ -84.023007, 35.411684 ], [ -84.007586, 35.371661 ], [ -84.038327, 35.347813 ], [ -84.02141, 35.301383 ], [ -84.052612, 35.269982 ], [ -84.188417, 35.239979 ], [ -84.223718, 35.269078 ], [ -84.29024, 35.225572 ], [ -84.321869, 34.988408 ], [ -90.308361, 34.995694 ], [ -90.292348, 35.041356 ], [ -90.191217, 35.040213 ], [ -90.167358, 35.123585 ], [ -90.089667, 35.118053 ], [ -90.065182, 35.139401 ], [ -90.116743, 35.186906 ], [ -90.075466, 35.214047 ], [ -90.092603, 35.246775 ], [ -90.168794, 35.279088 ], [ -90.157325, 35.301492 ], [ -90.109966, 35.304988 ], [ -90.080666, 35.385664 ], [ -90.129342, 35.41383 ], [ -90.13551, 35.376668 ], [ -90.179265, 35.385194 ], [ -90.107723, 35.476935 ], [ -90.067798, 35.466224 ], [ -90.054322, 35.389277 ], [ -90.003322, 35.429629 ], [ -90.047678, 35.50261 ], [ -90.034505, 35.552631 ], [ -89.991644, 35.560645 ], [ -89.958749, 35.523837 ], [ -89.904638, 35.519348 ], [ -89.957896, 35.587261 ], [ -89.856619, 35.634444 ], [ -89.851176, 35.657432 ], [ -89.92735, 35.659461 ], [ -89.958336, 35.72656 ], [ -89.911984, 35.758313 ], [ -89.825451, 35.745188 ], [ -89.781662, 35.805228 ], [ -89.696497, 35.820583 ], [ -89.773858, 35.86766 ], [ -89.743132, 35.911176 ], [ -89.669079, 35.87451 ], [ -89.643585, 35.889742 ], [ -89.644307, 35.920943 ], [ -89.718497, 35.963123 ], [ -89.733056, 36.000809 ], [ -89.706932, 36.000981 ], [ -89.678821, 36.084636 ], [ -89.601936, 36.11947 ], [ -89.592206, 36.15012 ], [ -89.705328, 36.239898 ], [ -89.534745, 36.252576 ], [ -89.539487, 36.277368 ], [ -89.620255, 36.323006 ], [ -89.513178, 36.359897 ], [ -89.545503, 36.4307 ], [ -89.519501, 36.475419 ], [ -89.571241, 36.547343 ], [ -89.55264, 36.577178 ] ] ], [ [ [ -82.734525, 41.601131 ], [ -82.673579, 41.62322 ], [ -82.685796, 41.58764 ], [ -82.734525, 41.601131 ] ] ], [ [ [ -82.73914, 41.498978 ], [ -82.734841, 41.490552 ], [ -82.740547, 41.489448 ], [ -82.73914, 41.498978 ] ] ], [ [ [ -82.780404, 41.696776 ], [ -82.789847, 41.693116 ], [ -82.800573, 41.694393 ], [ -82.780404, 41.696776 ] ] ], [ [ [ -82.785513, 41.677017 ], [ -82.785454, 41.679015 ], [ -82.78387, 41.678605 ], [ -82.785513, 41.677017 ] ] ], [ [ [ -82.84152, 41.62904 ], [ -82.814387, 41.65423 ], [ -82.793708, 41.664798 ], [ -82.84152, 41.62904 ] ] ], [ [ [ -82.811752, 41.692001 ], [ -82.813661, 41.67135 ], [ -82.826206, 41.684597 ], [ -82.811752, 41.692001 ] ] ], [ [ [ -82.832709, 41.71565 ], [ -82.809316, 41.70884 ], [ -82.835118, 41.708971 ], [ -82.832709, 41.71565 ] ] ], [ [ [ -82.819527, 41.657913 ], [ -82.821533, 41.659324 ], [ -82.819527, 41.658545 ], [ -82.819527, 41.657913 ] ] ], [ [ [ -82.822779, 41.691863 ], [ -82.829721, 41.69088 ], [ -82.830378, 41.691928 ], [ -82.822779, 41.691863 ] ] ], [ [ [ -82.832791, 41.590417 ], [ -82.833463, 41.591873 ], [ -82.830317, 41.591232 ], [ -82.832791, 41.590417 ] ] ], [ [ [ -82.854679, 41.682179 ], [ -82.848819, 41.677115 ], [ -82.856471, 41.681743 ], [ -82.854679, 41.682179 ] ] ], [ [ [ -82.868085, 41.644963 ], [ -82.863588, 41.646893 ], [ -82.862832, 41.64554 ], [ -82.868085, 41.644963 ] ] ], [ [ [ -83.103337, 41.738372 ], [ -83.110835, 41.737193 ], [ -83.102088, 41.741803 ], [ -83.103337, 41.738372 ] ] ], [ [ [ -83.189927, 42.035987 ], [ -83.190997, 42.033428 ], [ -83.191591, 42.035369 ], [ -83.189927, 42.035987 ] ] ], [ [ [ -83.193451, 45.034175 ], [ -83.204946, 45.040747 ], [ -83.212075, 45.05231 ], [ -83.193451, 45.034175 ] ] ], [ [ [ -83.218325, 45.041531 ], [ -83.222956, 45.050704 ], [ -83.218084, 45.049529 ], [ -83.218325, 45.041531 ] ] ], [ [ [ -83.233851, 45.054977 ], [ -83.229755, 45.056965 ], [ -83.22871, 45.056365 ], [ -83.233851, 45.054977 ] ] ], [ [ [ -83.291699, 45.073274 ], [ -83.290552, 45.060605 ], [ -83.298606, 45.063168 ], [ -83.291699, 45.073274 ] ] ], [ [ [ -83.320104, 45.192564 ], [ -83.336094, 45.190596 ], [ -83.332272, 45.197296 ], [ -83.320104, 45.192564 ] ] ], [ [ [ -83.414241, 44.990533 ], [ -83.417212, 44.987761 ], [ -83.422543, 44.989158 ], [ -83.414241, 44.990533 ] ] ], [ [ [ -83.423894, 43.881685 ], [ -83.41643, 43.874604 ], [ -83.431784, 43.881781 ], [ -83.423894, 43.881685 ] ] ], [ [ [ -83.425522, 43.840626 ], [ -83.421152, 43.826979 ], [ -83.433818, 43.83553 ], [ -83.425522, 43.840626 ] ] ], [ [ [ -83.438416, 41.694319 ], [ -83.427607, 41.711745 ], [ -83.42128, 41.703376 ], [ -83.438416, 41.694319 ] ] ], [ [ [ -83.427423, 44.030849 ], [ -83.441459, 44.027812 ], [ -83.441221, 44.03805 ], [ -83.427423, 44.030849 ] ] ], [ [ [ -83.450721, 43.855506 ], [ -83.438092, 43.839494 ], [ -83.440416, 43.839388 ], [ -83.450721, 43.855506 ] ] ], [ [ [ -83.445266, 43.823907 ], [ -83.432994, 43.819419 ], [ -83.450363, 43.815405 ], [ -83.445266, 43.823907 ] ] ], [ [ [ -83.460691, 43.81636 ], [ -83.444604, 43.834367 ], [ -83.458932, 43.810051 ], [ -83.460691, 43.81636 ] ] ], [ [ [ -83.460788, 41.701259 ], [ -83.449343, 41.710499 ], [ -83.446868, 41.706991 ], [ -83.460788, 41.701259 ] ] ], [ [ [ -83.463244, 44.002025 ], [ -83.470271, 44.001515 ], [ -83.471025, 44.002552 ], [ -83.463244, 44.002025 ] ] ], [ [ [ -83.477045, 43.761541 ], [ -83.471366, 43.75619 ], [ -83.481212, 43.758229 ], [ -83.477045, 43.761541 ] ] ], [ [ [ -83.881899, 45.964104 ], [ -83.845076, 46.026552 ], [ -83.806097, 45.983876 ], [ -83.76581, 46.026387 ], [ -83.688802, 46.035628 ], [ -83.675729, 46.070844 ], [ -83.729207, 46.091535 ], [ -83.634979, 46.103954 ], [ -83.581314, 46.089615 ], [ -83.534429, 46.007654 ], [ -83.473221, 45.984421 ], [ -83.515824, 45.923617 ], [ -83.565084, 45.912599 ], [ -83.606446, 45.940672 ], [ -83.630967, 45.929001 ], [ -83.620588, 45.944556 ], [ -83.632947, 45.957363 ], [ -83.715668, 45.930108 ], [ -83.757016, 45.954636 ], [ -83.786168, 45.932924 ], [ -83.817862, 45.954223 ], [ -83.836524, 45.938178 ], [ -83.849117, 45.962815 ], [ -83.881899, 45.964104 ] ] ], [ [ [ -83.690228, 46.059713 ], [ -83.696289, 46.056002 ], [ -83.693912, 46.061939 ], [ -83.690228, 46.059713 ] ] ], [ [ [ -83.699735, 46.066969 ], [ -83.705083, 46.064248 ], [ -83.700686, 46.068371 ], [ -83.699735, 46.066969 ] ] ], [ [ [ -83.702825, 46.053528 ], [ -83.707935, 46.048909 ], [ -83.710074, 46.05262 ], [ -83.702825, 46.053528 ] ] ], [ [ [ -83.722671, 46.050806 ], [ -83.720413, 46.044042 ], [ -83.728375, 46.044455 ], [ -83.722671, 46.050806 ] ] ], [ [ [ -83.725167, 46.037443 ], [ -83.728851, 46.040743 ], [ -83.725523, 46.040578 ], [ -83.725167, 46.037443 ] ] ], [ [ [ -83.734436, 46.036866 ], [ -83.732416, 46.036866 ], [ -83.734793, 46.035793 ], [ -83.734436, 46.036866 ] ] ], [ [ [ -83.773178, 46.047342 ], [ -83.734912, 46.05361 ], [ -83.747226, 46.034778 ], [ -83.773178, 46.047342 ] ] ], [ [ [ -83.762465, 46.086318 ], [ -83.765097, 46.092194 ], [ -83.761651, 46.088897 ], [ -83.762465, 46.086318 ] ] ], [ [ [ -83.769375, 45.934887 ], [ -83.768068, 45.937779 ], [ -83.768552, 45.931753 ], [ -83.769375, 45.934887 ] ] ], [ [ [ -83.770088, 46.067299 ], [ -83.774248, 46.066474 ], [ -83.770801, 46.069113 ], [ -83.770088, 46.067299 ] ] ], [ [ [ -83.828201, 46.10027 ], [ -83.791955, 46.107027 ], [ -83.776506, 46.092029 ], [ -83.828201, 46.10027 ] ] ], [ [ [ -83.780665, 46.083869 ], [ -83.78423, 46.081314 ], [ -83.781259, 46.085023 ], [ -83.780665, 46.083869 ] ] ], [ [ [ -83.791955, 46.008561 ], [ -83.789697, 46.007241 ], [ -83.791955, 46.007241 ], [ -83.791955, 46.008561 ] ] ], [ [ [ -83.791004, 46.035381 ], [ -83.793618, 46.036206 ], [ -83.790766, 46.038433 ], [ -83.791004, 46.035381 ] ] ], [ [ [ -83.793856, 46.061774 ], [ -83.791836, 46.062599 ], [ -83.793618, 46.061032 ], [ -83.793856, 46.061774 ] ] ], [ [ [ -83.796233, 46.056497 ], [ -83.798966, 46.057734 ], [ -83.797659, 46.061032 ], [ -83.796233, 46.056497 ] ] ], [ [ [ -83.810613, 46.07406 ], [ -83.813227, 46.074554 ], [ -83.809424, 46.078017 ], [ -83.810613, 46.07406 ] ] ], [ [ [ -83.831314, 43.67009 ], [ -83.818093, 43.665904 ], [ -83.830366, 43.66419 ], [ -83.831314, 43.67009 ] ] ], [ [ [ -83.825468, 46.028533 ], [ -83.822853, 46.029358 ], [ -83.823923, 46.0268 ], [ -83.825468, 46.028533 ] ] ], [ [ [ -83.827369, 46.055095 ], [ -83.826537, 46.058393 ], [ -83.825824, 46.058228 ], [ -83.827369, 46.055095 ] ] ], [ [ [ -83.829033, 46.037526 ], [ -83.827725, 46.03967 ], [ -83.827607, 46.035463 ], [ -83.829033, 46.037526 ] ] ], [ [ [ -83.837233, 46.04396 ], [ -83.835807, 46.04561 ], [ -83.83652, 46.04297 ], [ -83.837233, 46.04396 ] ] ], [ [ [ -83.850543, 46.065815 ], [ -83.841392, 46.067794 ], [ -83.844601, 46.063424 ], [ -83.850543, 46.065815 ] ] ], [ [ [ -83.847809, 46.052208 ], [ -83.852563, 46.058888 ], [ -83.84674, 46.053858 ], [ -83.847809, 46.052208 ] ] ], [ [ [ -83.851018, 46.081726 ], [ -83.854227, 46.079995 ], [ -83.856247, 46.084776 ], [ -83.851018, 46.081726 ] ] ], [ [ [ -83.864804, 46.081149 ], [ -83.859337, 46.06936 ], [ -83.869319, 46.076203 ], [ -83.864804, 46.081149 ] ] ], [ [ [ -83.87954, 46.072411 ], [ -83.884056, 46.064825 ], [ -83.885244, 46.069278 ], [ -83.87954, 46.072411 ] ] ], [ [ [ -83.879183, 46.054187 ], [ -83.878708, 46.057981 ], [ -83.877876, 46.055425 ], [ -83.879183, 46.054187 ] ] ], [ [ [ -90.337401, 46.607192 ], [ -90.027886, 46.673733 ], [ -89.788755, 46.818103 ], [ -89.425331, 46.841452 ], [ -89.227914, 46.912954 ], [ -89.128698, 46.992599 ], [ -88.972802, 47.002096 ], [ -88.88914, 47.100575 ], [ -88.672395, 47.219137 ], [ -88.577048, 47.244003 ], [ -88.424472, 47.368852 ], [ -88.218153, 47.449521 ], [ -87.975847, 47.480187 ], [ -87.801184, 47.473301 ], [ -87.719215, 47.442976 ], [ -87.712421, 47.4014 ], [ -87.957058, 47.38726 ], [ -87.94336, 47.335899 ], [ -88.228987, 47.199042 ], [ -88.232164, 47.145975 ], [ -88.277545, 47.140902 ], [ -88.297625, 47.098505 ], [ -88.349952, 47.076377 ], [ -88.367624, 47.019213 ], [ -88.446455, 46.970162 ], [ -88.484299, 46.832503 ], [ -88.462926, 46.786621 ], [ -88.49733, 46.755107 ], [ -88.450607, 46.76317 ], [ -88.38141, 46.838466 ], [ -88.404044, 46.847798 ], [ -88.389727, 46.8671 ], [ -88.35194, 46.857028 ], [ -88.142954, 46.966903 ], [ -88.283423, 46.822987 ], [ -88.215327, 46.891331 ], [ -88.08187, 46.920458 ], [ -87.816794, 46.891154 ], [ -87.741014, 46.865247 ], [ -87.727329, 46.825854 ], [ -87.680668, 46.842496 ], [ -87.590389, 46.782448 ], [ -87.582745, 46.730527 ], [ -87.540605, 46.696948 ], [ -87.520667, 46.691069 ], [ -87.503025, 46.647497 ], [ -87.462545, 46.635708 ], [ -87.43442, 46.591747 ], [ -87.37701, 46.590337 ], [ -87.393985, 46.533183 ], [ -87.35941, 46.503452 ], [ -87.116634, 46.494808 ], [ -87.005308, 46.533953 ], [ -86.875151, 46.43728 ], [ -86.816026, 46.437892 ], [ -86.789224, 46.478442 ], [ -86.750157, 46.479109 ], [ -86.70323, 46.439378 ], [ -86.655306, 46.442502 ], [ -86.644706, 46.410801 ], [ -86.467745, 46.552456 ], [ -86.34989, 46.578035 ], [ -86.161681, 46.669475 ], [ -86.087939, 46.65532 ], [ -85.877908, 46.690914 ], [ -85.500509, 46.676038 ], [ -85.25686, 46.75338 ], [ -84.956248, 46.771894 ], [ -85.030078, 46.684769 ], [ -85.025491, 46.546397 ], [ -85.056133, 46.52652 ], [ -85.015211, 46.479712 ], [ -84.935456, 46.489067 ], [ -84.817307, 46.444319 ], [ -84.63102, 46.484868 ], [ -84.573522, 46.427895 ], [ -84.602443, 46.437916 ], [ -84.583309, 46.413505 ], [ -84.500281, 46.446722 ], [ -84.471848, 46.434289 ], [ -84.420274, 46.501077 ], [ -84.275814, 46.492821 ], [ -84.226131, 46.53392 ], [ -84.128925, 46.530119 ], [ -84.111225, 46.504119 ], [ -84.146172, 46.41852 ], [ -84.097766, 46.256512 ], [ -84.153012, 46.215888 ], [ -84.175899, 46.245952 ], [ -84.212029, 46.24663 ], [ -84.273018, 46.201451 ], [ -84.221001, 46.163062 ], [ -84.179135, 46.185656 ], [ -84.122825, 46.178881 ], [ -84.095818, 46.147733 ], [ -84.029634, 46.134539 ], [ -84.071741, 46.092441 ], [ -83.977701, 46.019373 ], [ -83.93682, 46.030183 ], [ -83.895464, 45.986436 ], [ -83.913817, 45.955694 ], [ -83.978652, 45.96868 ], [ -83.995292, 45.94581 ], [ -84.117005, 45.983348 ], [ -84.182537, 45.981152 ], [ -84.170323, 45.965557 ], [ -84.267219, 45.990763 ], [ -84.258425, 45.957231 ], [ -84.355814, 45.958594 ], [ -84.355112, 45.939753 ], [ -84.391039, 45.949259 ], [ -84.381589, 45.933604 ], [ -84.434995, 45.961087 ], [ -84.412489, 45.979175 ], [ -84.428895, 45.993143 ], [ -84.392059, 45.985444 ], [ -84.422721, 46.002032 ], [ -84.465028, 46.005499 ], [ -84.463128, 45.968925 ], [ -84.50579, 45.997987 ], [ -84.532392, 45.969448 ], [ -84.544405, 46.02286 ], [ -84.656567, 46.052654 ], [ -84.690467, 46.027947 ], [ -84.685254, 45.973454 ], [ -84.740105, 45.941839 ], [ -84.713598, 45.91672 ], [ -84.736566, 45.912833 ], [ -84.729921, 45.8698 ], [ -84.702141, 45.850725 ], [ -84.752417, 45.839738 ], [ -84.831396, 45.872038 ], [ -84.839374, 45.89759 ], [ -84.913584, 45.925868 ], [ -85.01399, 46.010774 ], [ -85.335911, 46.092595 ], [ -85.37804, 46.074921 ], [ -85.412064, 46.101437 ], [ -85.50621, 46.096393 ], [ -85.658876, 45.965802 ], [ -85.894391, 45.966949 ], [ -85.923264, 45.947592 ], [ -85.913769, 45.919439 ], [ -86.072067, 45.965313 ], [ -86.275768, 45.943551 ], [ -86.324232, 45.90608 ], [ -86.346903, 45.797298 ], [ -86.415971, 45.793793 ], [ -86.436632, 45.761697 ], [ -86.532411, 45.746624 ], [ -86.537258, 45.708361 ], [ -86.580936, 45.71192 ], [ -86.587528, 45.666456 ], [ -86.62744, 45.659876 ], [ -86.614266, 45.600121 ], [ -86.708082, 45.648049 ], [ -86.717512, 45.680291 ], [ -86.676184, 45.691862 ], [ -86.671553, 45.720847 ], [ -86.623561, 45.751019 ], [ -86.631096, 45.782116 ], [ -86.559625, 45.772244 ], [ -86.581759, 45.794797 ], [ -86.528014, 45.853254 ], [ -86.535206, 45.885805 ], [ -86.582323, 45.896113 ], [ -86.647567, 45.83355 ], [ -86.78208, 45.860195 ], [ -86.769377, 45.797437 ], [ -86.806455, 45.787743 ], [ -86.789461, 45.771829 ], [ -86.821523, 45.770356 ], [ -86.842677, 45.719684 ], [ -86.941458, 45.702156 ], [ -86.967855, 45.668261 ], [ -87.005522, 45.828798 ], [ -86.948231, 45.876756 ], [ -86.977941, 45.905623 ], [ -87.022038, 45.860077 ], [ -86.998983, 45.847744 ], [ -87.057439, 45.812483 ], [ -87.064302, 45.758828 ], [ -87.0382, 45.741519 ], [ -87.197295, 45.638703 ], [ -87.333147, 45.447208 ], [ -87.327749, 45.425307 ], [ -87.599814, 45.150474 ], [ -87.612019, 45.123377 ], [ -87.592192, 45.094762 ], [ -87.659952, 45.107512 ], [ -87.736509, 45.173389 ], [ -87.71045, 45.259324 ], [ -87.648126, 45.339396 ], [ -87.657349, 45.368752 ], [ -87.693956, 45.389893 ], [ -87.754104, 45.349442 ], [ -87.888052, 45.354697 ], [ -87.849322, 45.403872 ], [ -87.861697, 45.434473 ], [ -87.792769, 45.499967 ], [ -87.833591, 45.562529 ], [ -87.792372, 45.563055 ], [ -87.777199, 45.588499 ], [ -87.824676, 45.653211 ], [ -87.782226, 45.683053 ], [ -87.875813, 45.753888 ], [ -87.963452, 45.75822 ], [ -87.991447, 45.795393 ], [ -88.072091, 45.780261 ], [ -88.129461, 45.809288 ], [ -88.069885, 45.872717 ], [ -88.101814, 45.883504 ], [ -88.102908, 45.921869 ], [ -88.246346, 45.963389 ], [ -88.326953, 45.955071 ], [ -88.380183, 45.991654 ], [ -88.416914, 45.975323 ], [ -88.492495, 45.992157 ], [ -88.514601, 46.019926 ], [ -88.670827, 45.988547 ], [ -88.679132, 46.013538 ], [ -88.816026, 46.020586 ], [ -89.09163, 46.138505 ], [ -90.120489, 46.336852 ], [ -90.216594, 46.501759 ], [ -90.316983, 46.517319 ], [ -90.331887, 46.553278 ], [ -90.39332, 46.532615 ], [ -90.414596, 46.55732 ], [ -90.337401, 46.607192 ] ] ], [ [ [ -83.89998, 46.017805 ], [ -83.897128, 46.017062 ], [ -83.900931, 46.016237 ], [ -83.89998, 46.017805 ] ] ], [ [ [ -84.012634, 46.08728 ], [ -83.98911, 46.089474 ], [ -83.97345, 46.065285 ], [ -84.012634, 46.08728 ] ] ], [ [ [ -83.987803, 46.091287 ], [ -83.984, 46.090546 ], [ -83.983643, 46.08865 ], [ -83.987803, 46.091287 ] ] ], [ [ [ -83.989704, 46.099529 ], [ -83.989704, 46.103154 ], [ -83.987684, 46.098292 ], [ -83.989704, 46.099529 ] ] ], [ [ [ -84.023217, 46.109334 ], [ -84.019652, 46.109169 ], [ -84.020365, 46.107686 ], [ -84.023217, 46.109334 ] ] ], [ [ [ -84.169844, 46.219355 ], [ -84.168412, 46.215517 ], [ -84.171518, 46.218798 ], [ -84.169844, 46.219355 ] ] ], [ [ [ -84.201157, 45.966921 ], [ -84.20195, 45.970356 ], [ -84.199237, 45.969148 ], [ -84.201157, 45.966921 ] ] ], [ [ [ -84.589766, 45.810456 ], [ -84.433724, 45.78671 ], [ -84.420326, 45.811317 ], [ -84.355945, 45.770691 ], [ -84.405717, 45.722259 ], [ -84.481421, 45.730052 ], [ -84.589766, 45.810456 ] ] ], [ [ [ -84.437244, 45.980269 ], [ -84.422041, 45.974696 ], [ -84.422224, 45.973202 ], [ -84.437244, 45.980269 ] ] ], [ [ [ -84.427919, 45.920662 ], [ -84.433808, 45.925757 ], [ -84.432949, 45.926734 ], [ -84.427919, 45.920662 ] ] ], [ [ [ -84.515739, 46.443651 ], [ -84.516013, 46.441674 ], [ -84.516937, 46.442696 ], [ -84.515739, 46.443651 ] ] ], [ [ [ -84.574955, 45.970654 ], [ -84.56795, 45.952484 ], [ -84.582692, 45.96312 ], [ -84.574955, 45.970654 ] ] ], [ [ [ -84.600517, 45.833919 ], [ -84.607343, 45.825624 ], [ -84.61194, 45.833944 ], [ -84.600517, 45.833919 ] ] ], [ [ [ -84.646419, 45.881447 ], [ -84.622522, 45.877518 ], [ -84.603171, 45.850186 ], [ -84.647474, 45.856868 ], [ -84.646419, 45.881447 ] ] ], [ [ [ -84.639863, 45.978345 ], [ -84.608783, 45.967471 ], [ -84.640179, 45.958369 ], [ -84.639863, 45.978345 ] ] ], [ [ [ -84.68383, 46.491514 ], [ -84.681329, 46.493755 ], [ -84.679057, 46.493421 ], [ -84.681902, 46.491037 ], [ -84.68383, 46.491514 ] ] ], [ [ [ -84.751049, 45.83471 ], [ -84.74539, 45.839331 ], [ -84.744091, 45.836633 ], [ -84.751049, 45.83471 ] ] ], [ [ [ -84.873844, 45.866712 ], [ -84.868987, 45.854951 ], [ -84.880387, 45.86532 ], [ -84.873844, 45.866712 ] ] ], [ [ [ -85.026999, 45.766109 ], [ -85.03403, 45.760978 ], [ -85.03905, 45.764318 ], [ -85.026999, 45.766109 ] ] ], [ [ [ -85.069079, 45.766712 ], [ -85.055172, 45.7644 ], [ -85.074943, 45.764583 ], [ -85.069079, 45.766712 ] ] ], [ [ [ -85.204774, 46.044412 ], [ -85.199544, 46.044222 ], [ -85.204798, 46.044015 ], [ -85.204774, 46.044412 ] ] ], [ [ [ -85.301543, 45.815435 ], [ -85.299049, 45.817526 ], [ -85.299763, 45.815102 ], [ -85.301543, 45.815435 ] ] ], [ [ [ -85.394765, 45.777136 ], [ -85.377958, 45.814067 ], [ -85.36308, 45.817907 ], [ -85.357638, 45.778529 ], [ -85.394765, 45.777136 ] ] ], [ [ [ -85.529131, 45.818794 ], [ -85.492486, 45.819342 ], [ -85.455474, 45.777831 ], [ -85.505752, 45.778086 ], [ -85.494793, 45.791539 ], [ -85.530841, 45.799045 ], [ -85.529131, 45.818794 ] ] ], [ [ [ -85.626271, 45.595053 ], [ -85.567991, 45.758579 ], [ -85.501267, 45.754415 ], [ -85.521911, 45.739419 ], [ -85.498777, 45.726291 ], [ -85.491727, 45.607527 ], [ -85.541129, 45.575045 ], [ -85.609188, 45.580634 ], [ -85.626271, 45.595053 ] ] ], [ [ [ -85.568057, 45.099454 ], [ -85.56586, 45.099502 ], [ -85.566065, 45.099105 ], [ -85.568057, 45.099454 ] ] ], [ [ [ -85.574651, 44.872203 ], [ -85.581849, 44.860243 ], [ -85.583755, 44.861454 ], [ -85.574651, 44.872203 ] ] ], [ [ [ -85.583757, 45.839494 ], [ -85.590605, 45.833675 ], [ -85.594489, 45.83768 ], [ -85.583757, 45.839494 ] ] ], [ [ [ -85.611124, 45.807376 ], [ -85.611967, 45.814302 ], [ -85.604309, 45.811824 ], [ -85.611124, 45.807376 ] ] ], [ [ [ -85.68948, 45.745339 ], [ -85.644893, 45.742702 ], [ -85.675092, 45.697236 ], [ -85.697581, 45.697649 ], [ -85.68948, 45.745339 ] ] ], [ [ [ -85.687495, 45.770244 ], [ -85.690788, 45.775649 ], [ -85.684075, 45.770125 ], [ -85.687495, 45.770244 ] ] ], [ [ [ -85.775375, 45.490154 ], [ -85.771572, 45.460571 ], [ -85.792961, 45.481976 ], [ -85.775375, 45.490154 ] ] ], [ [ [ -85.831967, 45.42048 ], [ -85.838716, 45.377155 ], [ -85.884707, 45.444814 ], [ -85.831967, 45.42048 ] ] ], [ [ [ -85.840707, 45.707386 ], [ -85.834286, 45.697344 ], [ -85.843415, 45.692909 ], [ -85.840707, 45.707386 ] ] ], [ [ [ -86.059393, 45.152291 ], [ -85.976803, 45.138363 ], [ -85.984095, 45.087073 ], [ -85.960879, 45.060508 ], [ -86.007527, 45.057172 ], [ -86.058653, 45.100776 ], [ -86.059393, 45.152291 ] ] ], [ [ [ -86.141644, 45.040251 ], [ -86.07781, 45.03241 ], [ -86.100315, 45.02624 ], [ -86.093536, 45.007838 ], [ -86.154326, 45.002731 ], [ -86.141644, 45.040251 ] ] ], [ [ [ -86.709463, 46.541851 ], [ -86.653355, 46.560698 ], [ -86.626329, 46.534903 ], [ -86.646798, 46.487497 ], [ -86.608893, 46.492564 ], [ -86.623077, 46.456504 ], [ -86.638882, 46.472384 ], [ -86.687595, 46.456228 ], [ -86.709463, 46.541851 ] ] ], [ [ [ -86.660315, 45.573839 ], [ -86.622155, 45.56363 ], [ -86.641068, 45.543015 ], [ -86.660315, 45.573839 ] ] ], [ [ [ -86.657536, 45.736576 ], [ -86.658187, 45.740782 ], [ -86.657074, 45.742643 ], [ -86.657536, 45.736576 ] ] ], [ [ [ -86.661179, 45.532962 ], [ -86.669964, 45.527111 ], [ -86.667848, 45.531752 ], [ -86.661179, 45.532962 ] ] ], [ [ [ -86.695532, 45.616105 ], [ -86.677269, 45.613689 ], [ -86.667888, 45.606047 ], [ -86.690169, 45.595721 ], [ -86.695532, 45.616105 ] ] ], [ [ [ -86.705204, 45.610619 ], [ -86.71069, 45.608246 ], [ -86.712453, 45.608873 ], [ -86.705204, 45.610619 ] ] ], [ [ [ -86.713894, 45.499798 ], [ -86.716137, 45.497779 ], [ -86.716947, 45.501153 ], [ -86.713894, 45.499798 ] ] ], [ [ [ -86.722911, 45.508523 ], [ -86.720653, 45.511521 ], [ -86.716693, 45.509483 ], [ -86.722911, 45.508523 ] ] ], [ [ [ -86.719323, 46.479033 ], [ -86.722451, 46.485805 ], [ -86.716742, 46.478599 ], [ -86.719323, 46.479033 ] ] ], [ [ [ -86.725091, 45.521734 ], [ -86.723092, 45.520525 ], [ -86.72738, 45.521466 ], [ -86.725091, 45.521734 ] ] ], [ [ [ -86.737287, 46.511148 ], [ -86.744167, 46.505292 ], [ -86.748185, 46.5156 ], [ -86.737287, 46.511148 ] ] ], [ [ [ -86.755711, 45.800172 ], [ -86.758801, 45.796692 ], [ -86.762722, 45.800917 ], [ -86.755711, 45.800172 ] ] ], [ [ [ -86.783532, 45.488301 ], [ -86.757548, 45.504123 ], [ -86.759989, 45.477867 ], [ -86.783532, 45.488301 ] ] ], [ [ [ -86.760821, 45.743805 ], [ -86.765456, 45.74878 ], [ -86.759276, 45.745463 ], [ -86.760821, 45.743805 ] ] ], [ [ [ -86.893403, 46.488467 ], [ -86.893079, 46.480306 ], [ -86.899956, 46.48783 ], [ -86.893403, 46.488467 ] ] ], [ [ [ -87.402633, 46.595545 ], [ -87.3999, 46.594215 ], [ -87.403831, 46.593672 ], [ -87.402633, 46.595545 ] ] ], [ [ [ -87.420134, 46.602974 ], [ -87.410079, 46.602718 ], [ -87.417647, 46.597763 ], [ -87.420134, 46.602974 ] ] ], [ [ [ -87.460455, 46.639139 ], [ -87.457162, 46.638101 ], [ -87.461258, 46.636283 ], [ -87.460455, 46.639139 ] ] ], [ [ [ -87.54226, 46.704608 ], [ -87.539046, 46.704703 ], [ -87.542635, 46.703766 ], [ -87.54226, 46.704608 ] ] ], [ [ [ -87.652303, 47.41621 ], [ -87.623673, 47.426283 ], [ -87.586224, 47.418336 ], [ -87.652303, 47.41621 ] ] ], [ [ [ -87.955457, 46.949487 ], [ -87.959092, 46.950504 ], [ -87.956543, 46.951606 ], [ -87.955457, 46.949487 ] ] ], [ [ [ -87.963634, 46.951313 ], [ -87.971887, 46.9504 ], [ -87.978258, 46.954314 ], [ -87.963634, 46.951313 ] ] ], [ [ [ -88.003849, 46.96627 ], [ -87.999445, 46.958768 ], [ -88.005423, 46.965764 ], [ -88.003849, 46.96627 ] ] ], [ [ [ -88.274086, 47.074909 ], [ -88.268708, 47.069809 ], [ -88.276076, 47.071631 ], [ -88.274086, 47.074909 ] ] ], [ [ [ -88.352504, 48.235476 ], [ -88.349893, 48.23152 ], [ -88.367788, 48.222952 ], [ -88.352504, 48.235476 ] ] ], [ [ [ -89.2628, 47.869864 ], [ -89.216987, 47.892204 ], [ -89.247127, 47.888503 ], [ -89.179154, 47.93503 ], [ -88.787556, 48.063035 ], [ -88.632712, 48.148584 ], [ -88.418244, 48.18037 ], [ -88.670073, 48.011446 ], [ -88.899184, 47.9533 ], [ -89.005095, 47.898658 ], [ -88.899698, 47.902445 ], [ -88.911665, 47.891344 ], [ -89.162048, 47.823564 ], [ -89.234533, 47.851718 ], [ -89.203796, 47.886307 ], [ -89.2628, 47.869864 ] ] ], [ [ [ -88.734053, 48.100655 ], [ -88.705494, 48.111175 ], [ -88.721218, 48.103944 ], [ -88.734053, 48.100655 ] ] ], [ [ [ -88.812898, 47.930728 ], [ -88.78231, 47.940723 ], [ -88.818355, 47.928058 ], [ -88.812898, 47.930728 ] ] ], [ [ [ -88.850642, 47.913923 ], [ -88.845059, 47.915241 ], [ -88.851267, 47.911493 ], [ -88.850642, 47.913923 ] ] ] ] } },
{ "type": "Feature", "properties": { "COURT_ID": "7", "COURT_NAME": "Seventh Bankruptcy Court", "area_sq_km": 696500.67551435879, "source": "Derived from Courts of Appeals Circuits", "source_data": "US Census Bureau TIGER/Line", "date_created": "2025-10-08T00:00:00", "created_by": "District-Maps Project", "notes": "Bankruptcy courts follow same boundaries as Appeals circuits" }, "geometry": { "type": "MultiPolygon", "coordinates": [ [ [ [ -91.505036912337602, 40.199925095814102 ], [ -91.46214, 40.342414 ], [ -91.372921, 40.399108 ], [ -91.364211, 40.500043 ], [ -91.405241, 40.554641 ], [ -91.339719, 40.613488 ], [ -91.18698, 40.637297 ], [ -91.123928, 40.669152 ], [ -91.092993, 40.821079 ], [ -90.962916, 40.924957 ], [ -90.946627, 41.096632 ], [ -90.99496, 41.160624 ], [ -91.041536, 41.166138 ], [ -91.113648, 41.241401 ], [ -91.04589, 41.414085 ], [ -90.979815, 41.434321 ], [ -90.930016, 41.421404 ], [ -90.846558, 41.455141 ], [ -90.655839, 41.462132 ], [ -90.591037, 41.512832 ], [ -90.461432, 41.523533 ], [ -90.343228, 41.587833 ], [ -90.310708, 41.742214 ], [ -90.181973, 41.80707 ], [ -90.140061, 42.003252 ], [ -90.164485, 42.042105 ], [ -90.167533, 42.122475 ], [ -90.391108, 42.225473 ], [ -90.430884, 42.27823 ], [ -90.415937, 42.322699 ], [ -90.443874, 42.355218 ], [ -90.654027, 42.478503 ], [ -90.635983, 42.518712 ], [ -90.706303, 42.634169 ], [ -90.949213, 42.685573 ], [ -91.06468, 42.750914 ], [ -91.100565, 42.883078 ], [ -91.14556, 42.90798 ], [ -91.179457, 43.067427 ], [ -91.175253, 43.134665 ], [ -91.057918, 43.255366 ], [ -91.107237, 43.313645 ], [ -91.21477, 43.365874 ], [ -91.19767, 43.395334 ], [ -91.233367, 43.455168 ], [ -91.217353, 43.512474 ], [ -91.273252, 43.666623 ], [ -91.244135, 43.774667 ], [ -91.366642, 43.937463 ], [ -91.43738, 43.999962 ], [ -91.59207, 44.031372 ], [ -91.721552, 44.130342 ], [ -91.875158, 44.200575 ], [ -91.896388, 44.27469 ], [ -91.924613, 44.291815 ], [ -91.918625, 44.322671 ], [ -91.9636, 44.362112 ], [ -92.232472, 44.445434 ], [ -92.336114, 44.554004 ], [ -92.54806, 44.567792 ], [ -92.569434, 44.603539 ], [ -92.621456, 44.615017 ], [ -92.632105, 44.649027 ], [ -92.807988, 44.75147 ], [ -92.765278, 44.837186 ], [ -92.774571, 44.898084 ], [ -92.750645, 44.937299 ], [ -92.76206, 45.02432 ], [ -92.803079, 45.060978 ], [ -92.739584, 45.115598 ], [ -92.767116, 45.187879 ], [ -92.761868, 45.287013 ], [ -92.650422, 45.398507 ], [ -92.646602, 45.441635 ], [ -92.770223, 45.566939 ], [ -92.883749, 45.575483 ], [ -92.869193, 45.717568 ], [ -92.784621, 45.764196 ], [ -92.765146, 45.830183 ], [ -92.707702, 45.894901 ], [ -92.551933, 45.951651 ], [ -92.527052, 45.983245 ], [ -92.469354, 45.973811 ], [ -92.428555, 46.024241 ], [ -92.35176, 46.015685 ], [ -92.332912, 46.062697 ], [ -92.294033, 46.074377 ], [ -92.292192, 46.666042 ], [ -92.207092, 46.651941 ], [ -92.176091, 46.686341 ], [ -92.204691, 46.704041 ], [ -92.146291, 46.71594 ], [ -92.11659, 46.74864 ], [ -91.952588, 46.680871 ], [ -91.790132, 46.694675 ], [ -91.3726, 46.792719 ], [ -91.186561, 46.885732 ], [ -91.204439, 46.858816 ], [ -91.178292, 46.844259 ], [ -91.140165, 46.873201 ], [ -91.10549, 46.85762 ], [ -90.968419, 46.94391 ], [ -90.921811, 46.931322 ], [ -90.855874, 46.962232 ], [ -90.751031, 46.887963 ], [ -90.777083, 46.885963 ], [ -90.799333, 46.823161 ], [ -90.885021, 46.756341 ], [ -90.853829, 46.693457 ], [ -90.911562, 46.663394 ], [ -90.944485, 46.587663 ], [ -90.794775, 46.624941 ], [ -90.737648, 46.655323 ], [ -90.760941, 46.66038 ], [ -90.74809, 46.669817 ], [ -90.693197, 46.659989 ], [ -90.753426, 46.703825 ], [ -90.558141, 46.586384 ], [ -90.418136, 46.566094 ], [ -90.39332, 46.532615 ], [ -90.331887, 46.553278 ], [ -90.316983, 46.517319 ], [ -90.216594, 46.501759 ], [ -90.120489, 46.336852 ], [ -89.09163, 46.138505 ], [ -88.816026, 46.020586 ], [ -88.679132, 46.013538 ], [ -88.670827, 45.988547 ], [ -88.514601, 46.019926 ], [ -88.492495, 45.992157 ], [ -88.416914, 45.975323 ], [ -88.380183, 45.991654 ], [ -88.326953, 45.955071 ], [ -88.246346, 45.963389 ], [ -88.102908, 45.921869 ], [ -88.101814, 45.883504 ], [ -88.069885, 45.872717 ], [ -88.129461, 45.809288 ], [ -88.072091, 45.780261 ], [ -87.991447, 45.795393 ], [ -87.963452, 45.75822 ], [ -87.875813, 45.753888 ], [ -87.782226, 45.683053 ], [ -87.824676, 45.653211 ], [ -87.777199, 45.588499 ], [ -87.792372, 45.563055 ], [ -87.833591, 45.562529 ], [ -87.792769, 45.499967 ], [ -87.861697, 45.434473 ], [ -87.849322, 45.403872 ], [ -87.888052, 45.354697 ], [ -87.754104, 45.349442 ], [ -87.693956, 45.389893 ], [ -87.657349, 45.368752 ], [ -87.648126, 45.339396 ], [ -87.71045, 45.259324 ], [ -87.736509, 45.173389 ], [ -87.659952, 45.107512 ], [ -87.587389, 45.087084 ], [ -87.625748, 45.045157 ], [ -87.63118, 44.984401 ], [ -87.775169, 44.964952 ], [ -87.839261, 44.932763 ], [ -87.830968, 44.892567 ], [ -87.982627, 44.721755 ], [ -87.978706, 44.655075 ], [ -87.993898, 44.677201 ], [ -88.014923, 44.585531 ], [ -88.049549, 44.565596 ], [ -88.002431, 44.538662 ], [ -87.929001, 44.535993 ], [ -87.863996, 44.615485 ], [ -87.754229, 44.650583 ], [ -87.720889, 44.724548 ], [ -87.610063, 44.838384 ], [ -87.551987, 44.852056 ], [ -87.553743, 44.824498 ], [ -87.533637, 44.857676 ], [ -87.503803, 44.854669 ], [ -87.518944, 44.872552 ], [ -87.48561, 44.854562 ], [ -87.433128, 44.892741 ], [ -87.38426, 44.831236 ], [ -87.405005, 44.911806 ], [ -87.321351, 45.038215 ], [ -87.284058, 45.04649 ], [ -87.237678, 45.16817 ], [ -87.178618, 45.148371 ], [ -87.167179, 45.183594 ], [ -87.119972, 45.191103 ], [ -87.108743, 45.257003 ], [ -87.077514, 45.252669 ], [ -87.067443, 45.29582 ], [ -86.983355, 45.295368 ], [ -86.985406, 45.215792 ], [ -87.039454, 45.227358 ], [ -87.029891, 45.145364 ], [ -87.085017, 45.14495 ], [ -87.048027, 45.087758 ], [ -87.09385, 45.093355 ], [ -87.087188, 45.056055 ], [ -87.123549, 45.067077 ], [ -87.139384, 45.012565 ], [ -87.189407, 44.968632 ], [ -87.1717, 44.931476 ], [ -87.215977, 44.906597 ], [ -87.204545, 44.875593 ], [ -87.267441, 44.846851 ], [ -87.318539, 44.788504 ], [ -87.353789, 44.701915 ], [ -87.470903, 44.545796 ], [ -87.545382, 44.321385 ], [ -87.512903, 44.192808 ], [ -87.648059, 44.103689 ], [ -87.717895, 43.941654 ], [ -87.736212, 43.87305 ], [ -87.696054, 43.764588 ], [ -87.702685, 43.687596 ], [ -87.790135, 43.563054 ], [ -87.79169, 43.492244 ], [ -87.869599, 43.387191 ], [ -87.911787, 43.250406 ], [ -87.881085, 43.170609 ], [ -87.900485, 43.12591 ], [ -87.863806, 43.070622 ], [ -87.89748, 43.020091 ], [ -87.845018, 42.961132 ], [ -87.824481, 42.834744 ], [ -87.757913, 42.782136 ], [ -87.817125, 42.635452 ], [ -87.798071, 42.471721 ], [ -87.828569, 42.269922 ], [ -87.736162, 42.120811 ], [ -87.681465, 42.078441 ], [ -87.57286, 41.779343 ], [ -87.504514, 41.691569 ], [ -87.438033, 41.664563 ], [ -87.410873, 41.683992 ], [ -87.42984, 41.646035 ], [ -87.299023, 41.619093 ], [ -87.158673, 41.631399 ], [ -86.824828, 41.76024 ], [ -84.805883, 41.760216 ], [ -84.820157, 39.10548 ], [ -84.896911, 39.057474 ], [ -84.829857, 38.969385 ], [ -84.877029, 38.909016 ], [ -84.785234, 38.880439 ], [ -84.829958, 38.830632 ], [ -84.812877, 38.786087 ], [ -84.991927, 38.778537 ], [ -85.173048, 38.688022 ], [ -85.268495, 38.740165 ], [ -85.436299, 38.728484 ], [ -85.456481, 38.685069 ], [ -85.422441, 38.532931 ], [ -85.498866, 38.468242 ], [ -85.604457, 38.44082 ], [ -85.683561, 38.295469 ], [ -85.745077, 38.26719 ], [ -85.781027, 38.288476 ], [ -85.829216, 38.276508 ], [ -85.903873, 38.174142 ], [ -85.925654, 38.021784 ], [ -86.029509, 37.99264 ], [ -86.042307, 37.958171 ], [ -86.086341, 38.004931 ], [ -86.176557, 38.01023 ], [ -86.267203, 38.056798 ], [ -86.272847, 38.140835 ], [ -86.357717, 38.198807 ], [ -86.377434, 38.171379 ], [ -86.323847, 38.138412 ], [ -86.401879, 38.104329 ], [ -86.463248, 38.119278 ], [ -86.430091, 38.078638 ], [ -86.452192, 38.05049 ], [ -86.521825, 38.038327 ], [ -86.50662, 37.930719 ], [ -86.588581, 37.921159 ], [ -86.598108, 37.867382 ], [ -86.638265, 37.842718 ], [ -86.661637, 37.849714 ], [ -86.647081, 37.908621 ], [ -86.73146, 37.89434 ], [ -86.820071, 37.999392 ], [ -86.917949, 37.93724 ], [ -87.034166, 37.906265 ], [ -87.069675, 37.801513 ], [ -87.111008, 37.782354 ], [ -87.162319, 37.840159 ], [ -87.413325, 37.944714 ], [ -87.511499, 37.906426 ], [ -87.596171, 37.97486 ], [ -87.627892, 37.922253 ], [ -87.583925, 37.872485 ], [ -87.645858, 37.825899 ], [ -87.679188, 37.836321 ], [ -87.679131, 37.902951 ], [ -87.829773, 37.876425 ], [ -87.904789, 37.924892 ], [ -87.941021, 37.879168 ], [ -87.90681, 37.807624 ], [ -87.95259, 37.771742 ], [ -88.02803, 37.799224 ], [ -88.059588, 37.742608 ], [ -88.159372, 37.661847 ], [ -88.140783, 37.585217 ], [ -88.069018, 37.525297 ], [ -88.067844, 37.485867 ], [ -88.281667, 37.452596 ], [ -88.365471, 37.401663 ], [ -88.413108, 37.424468 ], [ -88.476592, 37.386875 ], [ -88.515939, 37.284043 ], [ -88.424403, 37.152428 ], [ -88.44938, 37.087608 ], [ -88.48218, 37.067368 ], [ -88.566839, 37.0755 ], [ -88.80572, 37.188595 ], [ -88.974711, 37.229708 ], [ -89.076221, 37.175125 ], [ -89.168087, 37.074218 ], [ -89.178975, 37.020928 ], [ -89.132685, 36.9822 ], [ -89.185491, 36.973518 ], [ -89.25493, 37.072014 ], [ -89.30829, 37.068371 ], [ -89.260003, 37.023288 ], [ -89.278628, 36.98867 ], [ -89.381644, 37.04301 ], [ -89.37871, 37.094586 ], [ -89.456105, 37.18812 ], [ -89.458827, 37.248661 ], [ -89.51834, 37.285497 ], [ -89.489005, 37.333368 ], [ -89.432836, 37.347056 ], [ -89.421054, 37.387668 ], [ -89.517051, 37.537278 ], [ -89.519808, 37.582748 ], [ -89.475932, 37.592998 ], [ -89.517718, 37.641217 ], [ -89.514255, 37.689923 ], [ -89.617278, 37.74972 ], [ -89.663352, 37.750052 ], [ -89.669644, 37.799922 ], [ -89.786369, 37.851734 ], [ -89.842649, 37.905196 ], [ -89.901832, 37.869822 ], [ -89.950594, 37.881526 ], [ -89.974918, 37.926719 ], [ -89.925085, 37.960021 ], [ -89.997103, 37.963225 ], [ -90.059367, 38.015543 ], [ -90.11052, 38.026547 ], [ -90.130788, 38.062341 ], [ -90.218708, 38.094365 ], [ -90.359559, 38.224525 ], [ -90.368219, 38.340254 ], [ -90.292782, 38.428651 ], [ -90.260314, 38.528352 ], [ -90.18451, 38.611551 ], [ -90.20991, 38.72605 ], [ -90.123107, 38.798048 ], [ -90.109407, 38.843548 ], [ -90.250248, 38.919344 ], [ -90.440078, 38.967364 ], [ -90.545872, 38.874008 ], [ -90.628485, 38.891617 ], [ -90.713629, 39.053977 ], [ -90.681086, 39.10059 ], [ -90.72996, 39.255894 ], [ -91.03827, 39.448436 ], [ -91.100307, 39.538695 ], [ -91.153628, 39.548248 ], [ -91.181936, 39.602677 ], [ -91.367753, 39.729029 ], [ -91.363444, 39.792804 ], [ -91.436051, 39.84551 ], [ -91.446922, 39.883034 ], [ -91.41936, 39.927717 ], [ -91.494878, 40.036453 ], [ -91.505036912337602, 40.199925095814102 ] ] ], [ [ [ -86.810055, 45.422619 ], [ -86.829559, 45.40592 ], [ -86.8309, 45.426023 ], [ -86.810055, 45.422619 ] ] ], [ [ [ -86.956129, 45.342267 ], [ -86.937393, 45.420966 ], [ -86.926588, 45.397969 ], [ -86.877502, 45.413981 ], [ -86.837854, 45.393715 ], [ -86.869041, 45.333223 ], [ -86.903169, 45.333112 ], [ -86.897074, 45.296061 ], [ -86.956129, 45.342267 ] ] ], [ [ [ -86.957909, 45.315067 ], [ -86.94416, 45.300632 ], [ -86.960511, 45.31106 ], [ -86.957909, 45.315067 ] ] ], [ [ [ -87.208193, 45.176865 ], [ -87.211288, 45.180498 ], [ -87.207121, 45.179995 ], [ -87.208193, 45.176865 ] ] ], [ [ [ -87.263652, 45.157083 ], [ -87.268705, 45.15918 ], [ -87.262224, 45.160801 ], [ -87.263652, 45.157083 ] ] ], [ [ [ -87.37697, 45.17817 ], [ -87.335066, 45.211254 ], [ -87.332633, 45.160916 ], [ -87.37697, 45.17817 ] ] ], [ [ [ -87.497154, 45.061136 ], [ -87.492027, 45.055971 ], [ -87.505074, 45.059804 ], [ -87.497154, 45.061136 ] ] ], [ [ [ -87.983222, 44.600167 ], [ -87.981261, 44.586669 ], [ -87.990505, 44.604034 ], [ -87.983222, 44.600167 ] ] ], [ [ [ -88.003369, 44.617111 ], [ -88.000592, 44.610748 ], [ -88.005536, 44.61647 ], [ -88.003369, 44.617111 ] ] ], [ [ [ -90.465239, 46.997588 ], [ -90.435976, 47.073553 ], [ -90.394231, 47.075404 ], [ -90.410415, 47.016878 ], [ -90.465239, 46.997588 ] ] ], [ [ [ -90.458535, 46.897322 ], [ -90.47556, 46.875091 ], [ -90.514289, 46.874273 ], [ -90.497008, 46.88602 ], [ -90.458535, 46.897322 ] ] ], [ [ [ -90.628783, 46.944378 ], [ -90.528804, 46.968497 ], [ -90.50863, 46.957688 ], [ -90.550212, 46.908001 ], [ -90.568532, 46.925134 ], [ -90.644144, 46.908379 ], [ -90.628783, 46.944378 ] ] ], [ [ [ -90.575506, 47.033864 ], [ -90.546081, 47.016549 ], [ -90.558928, 46.996775 ], [ -90.575506, 47.033864 ] ] ], [ [ [ -90.774642675318901, 46.789874375730498 ], [ -90.616452, 46.874466 ], [ -90.568874, 46.847252 ], [ -90.673847, 46.81967 ], [ -90.657179, 46.7888 ], [ -90.787894, 46.752773 ], [ -90.774642675318901, 46.789874375730498 ] ] ], [ [ [ -90.590853, 47.065238 ], [ -90.582947, 47.069138 ], [ -90.589431, 47.058945 ], [ -90.590853, 47.065238 ] ] ], [ [ [ -90.618205, 47.007997 ], [ -90.617447, 46.989426 ], [ -90.62721, 47.002614 ], [ -90.618205, 47.007997 ] ] ], [ [ [ -90.678443, 46.956427 ], [ -90.634122, 46.979629 ], [ -90.671585, 46.948975 ], [ -90.678443, 46.956427 ] ] ], [ [ [ -90.644956, 47.040182 ], [ -90.641247, 47.025563 ], [ -90.651429, 47.030072 ], [ -90.644956, 47.040182 ] ] ], [ [ [ -90.680302, 47.018945 ], [ -90.671647, 47.0444 ], [ -90.648665, 47.053127 ], [ -90.680302, 47.018945 ] ] ], [ [ [ -90.687472, 46.893252 ], [ -90.673194, 46.883279 ], [ -90.702631, 46.88396 ], [ -90.687472, 46.893252 ] ] ], [ [ [ -90.702093, 47.004892 ], [ -90.669205, 46.998943 ], [ -90.712029, 46.98526 ], [ -90.702093, 47.004892 ] ] ], [ [ [ -90.765289, 46.947021 ], [ -90.712072, 46.95529 ], [ -90.688988, 46.917461 ], [ -90.736696, 46.913442 ], [ -90.765289, 46.947021 ] ] ], [ [ [ -90.723991, 47.077942 ], [ -90.730039, 47.065614 ], [ -90.730865, 47.080006 ], [ -90.723991, 47.077942 ] ] ], [ [ [ -90.759903, 46.830904 ], [ -90.735983, 46.872837 ], [ -90.72051, 46.865677 ], [ -90.759903, 46.830904 ] ] ], [ [ [ -90.774931, 47.024519 ], [ -90.739011, 47.013726 ], [ -90.755444, 46.999329 ], [ -90.774931, 47.024519 ] ] ], [ [ [ -90.784425, 46.729375 ], [ -90.767651, 46.712074 ], [ -90.806883, 46.729258 ], [ -90.784425, 46.729375 ] ] ], [ [ [ -90.804947, 46.973305 ], [ -90.790781, 46.970426 ], [ -90.805222, 46.970055 ], [ -90.804947, 46.973305 ] ] ], [ [ [ -90.878591, 46.991318 ], [ -90.85102, 46.983049 ], [ -90.85968, 46.976395 ], [ -90.878591, 46.991318 ] ] ], [ [ [ -90.980316, 46.971577 ], [ -90.930896, 47.002097 ], [ -90.931956, 46.963117 ], [ -90.980316, 46.971577 ] ] ], [ [ [ -91.034224, 46.945249 ], [ -91.037277, 46.945567 ], [ -91.035697, 46.946229 ], [ -91.034224, 46.945249 ] ] ] ] } },
{ "type": "Feature", "properties": { "COURT_ID": "8", "COURT_NAME": "Eighth Bankruptcy Court", "area_sq_km": 2373553.4775982001, "source": "Derived from Courts of Appeals Circuits", "source_data": "US Census Bureau TIGER/Line", "date_created": "2025-10-08T00:00:00", "created_by": "District-Maps Project", "notes": "Bankruptcy courts follow same boundaries as Appeals circuits" }, "geometry": { "type": "MultiPolygon", "coordinates": [ [ [ [ -89.672463, 36.091837 ], [ -89.718497, 35.963123 ], [ -89.644307, 35.920943 ], [ -89.643585, 35.889742 ], [ -89.669079, 35.87451 ], [ -89.743132, 35.911176 ], [ -89.773858, 35.86766 ], [ -89.696497, 35.820583 ], [ -89.781662, 35.805228 ], [ -89.825451, 35.745188 ], [ -89.911984, 35.758313 ], [ -89.958336, 35.72656 ], [ -89.92735, 35.659461 ], [ -89.851176, 35.657432 ], [ -89.856619, 35.634444 ], [ -89.957896, 35.587261 ], [ -89.904638, 35.519348 ], [ -89.958749, 35.523837 ], [ -89.989363, 35.560043 ], [ -90.028287, 35.555262 ], [ -90.047678, 35.50261 ], [ -90.003322, 35.429629 ], [ -90.054322, 35.389277 ], [ -90.067798, 35.466224 ], [ -90.10052, 35.478089 ], [ -90.170599, 35.418352 ], [ -90.165282, 35.373982 ], [ -90.13551, 35.376668 ], [ -90.129342, 35.41383 ], [ -90.078613, 35.380618 ], [ -90.109966, 35.304988 ], [ -90.157325, 35.301492 ], [ -90.168794, 35.279088 ], [ -90.086352, 35.238183 ], [ -90.078207, 35.209669 ], [ -90.117383, 35.190059 ], [ -90.066547, 35.136844 ], [ -90.089667, 35.118053 ], [ -90.167358, 35.123585 ], [ -90.207315, 35.025773 ], [ -90.296968, 35.038175 ], [ -90.307336, 34.991927 ], [ -90.245935, 34.948721 ], [ -90.241334, 34.919033 ], [ -90.317741, 34.871058 ], [ -90.307384, 34.846195 ], [ -90.338449, 34.858517 ], [ -90.438729, 34.825248 ], [ -90.436561, 34.882731 ], [ -90.481264, 34.881066 ], [ -90.455379, 34.820785 ], [ -90.476455, 34.793587 ], [ -90.448423, 34.739117 ], [ -90.524166, 34.731388 ], [ -90.492777, 34.772499 ], [ -90.514071, 34.800054 ], [ -90.544167, 34.791667 ], [ -90.539444, 34.755277 ], [ -90.571944, 34.712777 ], [ -90.474166, 34.705277 ], [ -90.462816, 34.684074 ], [ -90.532108, 34.627327 ], [ -90.555104, 34.646236 ], [ -90.541511, 34.68309 ], [ -90.570102, 34.693432 ], [ -90.591144, 34.619204 ], [ -90.539623, 34.553925 ], [ -90.592662, 34.490579 ], [ -90.586232, 34.409172 ], [ -90.658542, 34.375705 ], [ -90.669343, 34.31302 ], [ -90.693129, 34.32257 ], [ -90.676245, 34.371111 ], [ -90.764393, 34.363675 ], [ -90.738025, 34.289279 ], [ -90.765623, 34.269513 ], [ -90.831773, 34.276936 ], [ -90.847149, 34.20613 ], [ -90.906334, 34.244382 ], [ -90.935548, 34.237847 ], [ -90.914425, 34.195726 ], [ -90.816572, 34.183023 ], [ -90.807564, 34.161821 ], [ -90.847168, 34.136884 ], [ -90.91001, 34.165508 ], [ -90.958644, 34.135484 ], [ -90.947689, 34.109574 ], [ -90.871083, 34.081177 ], [ -90.896253, 34.025218 ], [ -90.988184, 34.019211 ], [ -90.966173, 33.964663 ], [ -91.000108, 33.966428 ], [ -91.018948, 34.003225 ], [ -91.086202, 34.006418 ], [ -91.087753, 33.959313 ], [ -91.010194, 33.93159 ], [ -91.069777, 33.872721 ], [ -91.070194, 33.84534 ], [ -90.988466, 33.78453 ], [ -91.01837, 33.764131 ], [ -91.134059, 33.782893 ], [ -91.148807, 33.73136 ], [ -91.117353, 33.70526 ], [ -91.060529, 33.71513 ], [ -91.030987, 33.679412 ], [ -91.091351, 33.657764 ], [ -91.160367, 33.706602 ], [ -91.230634, 33.677147 ], [ -91.12868, 33.608475 ], [ -91.164855, 33.570175 ], [ -91.233392, 33.562747 ], [ -91.1826, 33.499185 ], [ -91.235181, 33.438972 ], [ -91.176507, 33.444627 ], [ -91.168019, 33.49833 ], [ -91.117786, 33.458081 ], [ -91.131885, 33.430063 ], [ -91.208113, 33.402007 ], [ -91.141936, 33.38006 ], [ -91.099535, 33.407209 ], [ -91.087034, 33.45129 ], [ -91.058077, 33.446537 ], [ -91.142219, 33.348989 ], [ -91.141615, 33.299539 ], [ -91.106142, 33.241799 ], [ -91.07853, 33.283306 ], [ -91.043624, 33.274636 ], [ -91.10026, 33.219428 ], [ -91.085707, 33.137189 ], [ -91.183662, 33.141691 ], [ -91.201995, 33.123125 ], [ -91.121195, 33.059166 ], [ -91.166095, 33.004291 ], [ -94.042964, 33.019219 ], [ -94.04345, 33.552253 ], [ -94.082641, 33.575492 ], [ -94.128658, 33.550952 ], [ -94.14216, 33.58139 ], [ -94.183913, 33.594682 ], [ -94.217198, 33.580737 ], [ -94.194399, 33.573678 ], [ -94.196395, 33.555123 ], [ -94.250197, 33.556765 ], [ -94.242777, 33.589709 ], [ -94.275601, 33.557964 ], [ -94.289129, 33.582144 ], [ -94.309582, 33.551673 ], [ -94.344023, 33.567824 ], [ -94.381667, 33.544035 ], [ -94.401616, 33.559378 ], [ -94.382887, 33.583268 ], [ -94.412175, 33.568691 ], [ -94.471974, 33.602665 ], [ -94.448637, 33.642766 ], [ -94.485875, 33.637867 ], [ -94.430662, 35.392478 ], [ -94.617919, 36.499414 ], [ -94.60829, 39.117944 ], [ -94.588413, 39.149869 ], [ -94.655787, 39.15568 ], [ -94.680336, 39.184303 ], [ -94.741938, 39.170203 ], [ -94.781518, 39.206146 ], [ -94.823791, 39.209874 ], [ -94.831471, 39.256273 ], [ -94.905329, 39.311952 ], [ -94.885026, 39.389801 ], [ -94.942039, 39.389499 ], [ -95.109304, 39.542285 ], [ -95.103228, 39.577783 ], [ -95.049277, 39.589583 ], [ -95.054925, 39.624995 ], [ -95.027644, 39.665454 ], [ -94.971317, 39.68641 ], [ -94.965318, 39.739065 ], [ -94.899316, 39.724042 ], [ -94.862943, 39.742994 ], [ -94.869644, 39.772894 ], [ -94.912293, 39.759338 ], [ -94.935302, 39.77561 ], [ -94.875944, 39.813294 ], [ -94.939767, 39.85193 ], [ -94.934493, 39.893366 ], [ -95.013152, 39.899953 ], [ -95.037767, 39.865542 ], [ -95.090158, 39.86314 ], [ -95.137092, 39.878351 ], [ -95.149657, 39.905948 ], [ -95.201935, 39.904053 ], [ -95.204428, 39.938949 ], [ -95.30829, 39.999998 ], [ -102.051744, 40.003078 ], [ -102.051614, 41.002377 ], [ -104.053249, 41.001406 ], [ -104.048736, 48.999877 ], [ -95.153711, 48.998903 ], [ -95.153314, 49.384358 ], [ -95.058404, 49.35317 ], [ -94.957465, 49.370186 ], [ -94.816222, 49.320987 ], [ -94.798083, 49.197871 ], [ -94.684347, 48.883958 ], [ -94.694347, 48.782184 ], [ -94.641242, 48.741253 ], [ -94.452332, 48.692444 ], [ -94.416191, 48.710948 ], [ -94.290737, 48.707747 ], [ -94.224276, 48.649527 ], [ -93.844351, 48.630222 ], [ -93.806763, 48.577616 ], [ -93.818253, 48.530046 ], [ -93.794454, 48.516021 ], [ -93.467504, 48.545664 ], [ -93.464308, 48.591792 ], [ -93.254854, 48.642784 ], [ -93.178095, 48.623339 ], [ -92.954876, 48.631493 ], [ -92.949839, 48.608269 ], [ -92.728046, 48.53929 ], [ -92.634931, 48.542873 ], [ -92.627237, 48.503383 ], [ -92.698824, 48.494892 ], [ -92.712562, 48.463013 ], [ -92.656027, 48.436709 ], [ -92.507285, 48.447875 ], [ -92.456325, 48.414204 ], [ -92.469948, 48.351836 ], [ -92.369174, 48.220268 ], [ -92.269742, 48.248241 ], [ -92.306309, 48.316442 ], [ -92.26228, 48.354933 ], [ -92.055228, 48.359213 ], [ -92.046562, 48.33474 ], [ -92.000133, 48.321355 ], [ -92.006577, 48.265421 ], [ -91.954432, 48.251678 ], [ -91.957798, 48.232989 ], [ -91.714931, 48.19913 ], [ -91.711986, 48.114713 ], [ -91.559272, 48.108268 ], [ -91.567254, 48.043719 ], [ -91.488646, 48.068065 ], [ -91.429642, 48.048608 ], [ -91.26638, 48.078713 ], [ -91.082731, 48.180756 ], [ -90.88548, 48.245784 ], [ -90.839176, 48.239511 ], [ -90.836313, 48.176963 ], [ -90.777917, 48.163801 ], [ -90.79797, 48.136894 ], [ -90.751608, 48.090968 ], [ -90.579897, 48.123922 ], [ -90.556838, 48.096008 ], [ -90.467712, 48.108818 ], [ -90.374542, 48.090942 ], [ -90.136191, 48.112136 ], [ -90.023595, 48.084708 ], [ -89.99305, 48.028404 ], [ -89.897414, 47.987599 ], [ -89.763967, 48.022969 ], [ -89.493977, 48.00471 ], [ -89.601029, 47.9803 ], [ -89.624529, 47.99466 ], [ -89.649591, 47.97929 ], [ -89.638285, 47.954275 ], [ -89.681371, 47.963642 ], [ -89.681847, 47.944968 ], [ -89.838767, 47.876396 ], [ -90.52678, 47.706479 ], [ -90.777003, 47.60623 ], [ -91.045646, 47.456525 ], [ -91.461481, 47.135178 ], [ -91.573817, 47.089917 ], [ -91.780665, 46.943314 ], [ -92.09429, 46.788416 ], [ -92.01529, 46.706469 ], [ -92.11659, 46.74864 ], [ -92.146291, 46.71594 ], [ -92.204691, 46.704041 ], [ -92.176091, 46.686341 ], [ -92.207092, 46.651941 ], [ -92.291292, 46.668142 ], [ -92.294033, 46.074377 ], [ -92.332912, 46.062697 ], [ -92.35176, 46.015685 ], [ -92.428555, 46.024241 ], [ -92.469354, 45.973811 ], [ -92.527052, 45.983245 ], [ -92.551933, 45.951651 ], [ -92.712503, 45.891705 ], [ -92.765146, 45.830183 ], [ -92.784621, 45.764196 ], [ -92.869193, 45.717568 ], [ -92.887929, 45.639006 ], [ -92.883749, 45.575483 ], [ -92.770223, 45.566939 ], [ -92.646602, 45.441635 ], [ -92.650422, 45.398507 ], [ -92.761868, 45.287013 ], [ -92.767116, 45.187879 ], [ -92.739584, 45.115598 ], [ -92.803079, 45.060978 ], [ -92.76206, 45.02432 ], [ -92.750645, 44.937299 ], [ -92.774571, 44.898084 ], [ -92.765278, 44.837186 ], [ -92.807317, 44.750364 ], [ -92.632105, 44.649027 ], [ -92.621456, 44.615017 ], [ -92.569434, 44.603539 ], [ -92.54806, 44.567792 ], [ -92.336114, 44.554004 ], [ -92.232472, 44.445434 ], [ -91.9636, 44.362112 ], [ -91.918625, 44.322671 ], [ -91.924613, 44.291815 ], [ -91.896388, 44.27469 ], [ -91.875158, 44.200575 ], [ -91.721552, 44.130342 ], [ -91.59207, 44.031372 ], [ -91.43738, 43.999962 ], [ -91.366642, 43.937463 ], [ -91.244135, 43.774667 ], [ -91.273252, 43.666623 ], [ -91.217353, 43.512474 ], [ -91.233367, 43.455168 ], [ -91.19767, 43.395334 ], [ -91.21477, 43.365874 ], [ -91.107237, 43.313645 ], [ -91.057918, 43.255366 ], [ -91.175253, 43.134665 ], [ -91.179457, 43.067427 ], [ -91.14556, 42.90798 ], [ -91.100565, 42.883078 ], [ -91.06468, 42.750914 ], [ -90.949213, 42.685573 ], [ -90.706303, 42.634169 ], [ -90.635983, 42.518712 ], [ -90.654027, 42.478503 ], [ -90.443874, 42.355218 ], [ -90.415937, 42.322699 ], [ -90.430884, 42.27823 ], [ -90.391108, 42.225473 ], [ -90.161884, 42.11378 ], [ -90.164485, 42.042105 ], [ -90.140061, 42.003252 ], [ -90.180954, 41.809354 ], [ -90.310708, 41.742214 ], [ -90.343228, 41.587833 ], [ -90.461432, 41.523533 ], [ -90.591037, 41.512832 ], [ -90.655839, 41.462132 ], [ -90.846558, 41.455141 ], [ -90.930016, 41.421404 ], [ -90.979815, 41.434321 ], [ -91.04589, 41.414085 ], [ -91.113648, 41.241401 ], [ -91.041536, 41.166138 ], [ -90.99496, 41.160624 ], [ -90.946627, 41.096632 ], [ -90.962916, 40.924957 ], [ -91.092993, 40.821079 ], [ -91.123928, 40.669152 ], [ -91.18698, 40.637297 ], [ -91.339719, 40.613488 ], [ -91.405241, 40.554641 ], [ -91.364211, 40.500043 ], [ -91.372921, 40.399108 ], [ -91.466603, 40.334461 ], [ -91.506501, 40.236304 ], [ -91.511749, 40.147091 ], [ -91.494878, 40.036453 ], [ -91.41936, 39.927717 ], [ -91.446385, 39.870394 ], [ -91.363444, 39.792804 ], [ -91.367753, 39.729029 ], [ -91.181936, 39.602677 ], [ -91.153628, 39.548248 ], [ -91.100307, 39.538695 ], [ -91.03827, 39.448436 ], [ -90.72996, 39.255894 ], [ -90.681086, 39.10059 ], [ -90.713629, 39.053977 ], [ -90.628485, 38.891617 ], [ -90.545872, 38.874008 ], [ -90.440078, 38.967364 ], [ -90.250248, 38.919344 ], [ -90.113327, 38.849306 ], [ -90.123107, 38.798048 ], [ -90.21141, 38.72135 ], [ -90.18451, 38.611551 ], [ -90.260314, 38.528352 ], [ -90.292782, 38.428651 ], [ -90.370819, 38.333554 ], [ -90.356176, 38.217501 ], [ -90.218708, 38.094365 ], [ -90.130788, 38.062341 ], [ -90.11052, 38.026547 ], [ -90.059367, 38.015543 ], [ -89.997103, 37.963225 ], [ -89.925085, 37.960021 ], [ -89.974918, 37.926719 ], [ -89.950594, 37.881526 ], [ -89.901832, 37.869822 ], [ -89.842649, 37.905196 ], [ -89.786369, 37.851734 ], [ -89.669644, 37.799922 ], [ -89.663352, 37.750052 ], [ -89.617278, 37.74972 ], [ -89.516685, 37.692762 ], [ -89.517718, 37.641217 ], [ -89.475932, 37.592998 ], [ -89.519808, 37.582748 ], [ -89.517051, 37.537278 ], [ -89.421054, 37.387668 ], [ -89.432836, 37.347056 ], [ -89.489005, 37.333368 ], [ -89.51834, 37.285497 ], [ -89.458827, 37.248661 ], [ -89.456105, 37.18812 ], [ -89.37871, 37.094586 ], [ -89.383937, 37.046441 ], [ -89.278628, 36.98867 ], [ -89.260003, 37.023288 ], [ -89.30829, 37.068371 ], [ -89.25493, 37.072014 ], [ -89.185491, 36.973518 ], [ -89.125069, 36.983499 ], [ -89.099594, 36.964543 ], [ -89.131944, 36.857437 ], [ -89.178888, 36.831368 ], [ -89.171069, 36.798119 ], [ -89.116563, 36.767557 ], [ -89.197808, 36.739412 ], [ -89.15908, 36.666352 ], [ -89.217447, 36.576159 ], [ -89.259994, 36.565149 ], [ -89.326731, 36.632186 ], [ -89.365548, 36.625059 ], [ -89.41977, 36.493896 ], [ -89.464153, 36.457189 ], [ -89.494074, 36.473225 ], [ -89.465888, 36.529946 ], [ -89.479093, 36.568206 ], [ -89.542459, 36.580566 ], [ -89.566817, 36.564216 ], [ -89.519501, 36.475419 ], [ -89.545255, 36.427079 ], [ -89.509722, 36.373626 ], [ -89.531822, 36.339246 ], [ -89.605668, 36.342234 ], [ -89.620255, 36.323006 ], [ -89.539487, 36.277368 ], [ -89.534745, 36.252576 ], [ -89.698568, 36.250591 ], [ -89.592102, 36.135637 ], [ -89.672463, 36.091837 ] ] ], [ [ [ -89.586394, 47.958782 ], [ -89.574896, 47.980676 ], [ -89.553486, 47.973339 ], [ -89.586394, 47.958782 ] ] ], [ [ [ -89.661743, 47.954788 ], [ -89.658577, 47.950721 ], [ -89.664537, 47.95263 ], [ -89.661743, 47.954788 ] ] ], [ [ [ -91.553748, 47.089648 ], [ -91.551738, 47.090585 ], [ -91.551579, 47.087343 ], [ -91.553748, 47.089648 ] ] ] ] } },
{ "type": "Feature", "properties": { "COURT_ID": "9", "COURT_NAME": "Ninth Bankruptcy Court", "area_sq_km": 11894130.874963531, "source": "Derived from Courts of Appeals Circuits", "source_data": "US Census Bureau TIGER/Line", "date_created": "2025-10-08T00:00:00", "created_by": "District-Maps Project", "notes": "Bankruptcy courts follow same boundaries as Appeals circuits" }, "geometry": { "type": "MultiPolygon", "coordinates": [ [ [ [ 179.663327171205367, 52.022948951933657 ], [ 179.773922114832033, 51.970700987793741 ], [ 179.743012130361137, 51.911757028426138 ], [ 179.614364195445518, 51.871780056135684 ], [ 179.521868242457174, 51.896773039096011 ], [ 179.475569266174944, 51.937464011170739 ], [ 179.482464262940823, 51.982841979897614 ], [ 179.663327171205367, 52.022948951933657 ] ] ], [ [ [ 178.864937572082511, 51.623141229735062 ], [ 179.101442451528044, 51.485505323383563 ], [ 179.191082406286341, 51.462943338572217 ], [ 179.236253383153809, 51.409614375091429 ], [ 179.386221307886643, 51.404409378228209 ], [ 179.467581266885048, 51.371637400560772 ], [ 179.261618370010609, 51.357696410704747 ], [ 179.060354471857039, 51.454883344604504 ], [ 178.95162652745492, 51.541971285170746 ], [ 178.706047651722798, 51.59319025116978 ], [ 178.625536692937629, 51.637311221274814 ], [ 178.664013673908073, 51.661943204101817 ], [ 178.864937572082511, 51.623141229735062 ] ] ], [ [ [ 178.518861751049485, 51.899767041267587 ], [ 178.484831768474322, 51.909906034505035 ], [ 178.446964788872975, 51.978229987698541 ], [ 178.591597715014444, 51.952660004387219 ], [ 178.518861751049485, 51.899767041267587 ] ] ], [ [ [ 178.380741818602246, 51.763915135721014 ], [ 178.3048928571923, 51.777442126950454 ], [ 178.236931892550672, 51.828217092502449 ], [ 178.310298855264136, 51.820001097613634 ], [ 178.380741818602246, 51.763915135721014 ] ] ], [ [ [ 178.105874962505595, 51.998364976365139 ], [ 178.094610968981783, 52.033301952391028 ], [ 178.119144956901692, 52.051666939538684 ], [ 178.175781927788819, 52.036784949338298 ], [ 178.190963919388423, 52.003553972111156 ], [ 178.105874962505595, 51.998364976365139 ] ] ], [ [ [ 178.031158997810053, 51.879158059082684 ], [ 178.022492002019447, 51.871003064771351 ], [ 178.018403004272216, 51.879158059191198 ], [ 178.031158997810053, 51.879158059082684 ] ] ], [ [ [ 177.483713278097014, 51.984884991567192 ], [ 177.563397241441464, 52.121966896285002 ], [ 177.602674221861861, 52.137327885290539 ], [ 177.675953183337924, 52.092174915654084 ], [ 177.532730252802338, 51.970078001238015 ], [ 177.60753621442575, 51.954728011025438 ], [ 177.601006216859787, 51.922262033449655 ], [ 177.373935331887708, 51.91976803762514 ], [ 177.311769360560902, 51.825979102904334 ], [ 177.203997416775962, 51.880539066618311 ], [ 177.345578347554721, 51.963013008169661 ], [ 177.483713278097014, 51.984884991567192 ] ] ], [ [ [ 177.368791340640257, 52.125793895778642 ], [ 177.361802343924836, 52.116687902132092 ], [ 177.356935346612971, 52.123676897372313 ], [ 177.368791340640257, 52.125793895778642 ] ] ], [ [ [ 175.874355112615717, 52.371011748639553 ], [ 175.906736096282771, 52.375658744860154 ], [ 175.966523064972421, 52.359735754782363 ], [ 175.911288092027178, 52.334838772912711 ], [ 175.874355112615717, 52.371011748639553 ] ] ], [ [ [ 174.15925501119699, 52.707394553853383 ], [ 174.06619806065757, 52.731049539926836 ], [ 174.096653045871903, 52.743492530563742 ], [ 174.15925501119699, 52.707394553853383 ] ] ], [ [ [ 173.952796120137606, 52.747892531269031 ], [ 174.003654093737879, 52.744290532420365 ], [ 174.021705083470692, 52.730293541600545 ], [ 173.952796120137606, 52.747892531269031 ] ] ], [ [ [ 173.861656168848128, 52.773586515969704 ], [ 173.897455150307593, 52.771787516256758 ], [ 173.940040126979227, 52.751867528864352 ], [ 173.894756150180029, 52.750787530807067 ], [ 173.861656168848128, 52.773586515969704 ] ] ], [ [ [ 173.501025328923674, 52.440933755080295 ], [ 173.623886271145778, 52.50695570618111 ], [ 173.772802195266365, 52.50991270007583 ], [ 173.691604232072109, 52.445942746344727 ], [ 173.725699208186256, 52.356586806950439 ], [ 173.644796249459716, 52.357605808459169 ], [ 173.588797281186771, 52.400980780139719 ], [ 173.483846333351948, 52.383492795117363 ], [ 173.356106400103528, 52.405570783553998 ], [ 173.440114360957239, 52.453671748030807 ], [ 173.501025328923674, 52.440933755080295 ] ] ], [ [ [ 173.107252574541434, 52.993235385921075 ], [ 173.211755516239322, 52.939496419863055 ], [ 173.295402472109629, 52.92699442602467 ], [ 173.427673396388116, 52.83077048854711 ], [ 173.302334460273045, 52.823293497321423 ], [ 173.224054503191809, 52.856410476786529 ], [ 173.142681539358136, 52.786261527555446 ], [ 172.998475614310792, 52.796986524510039 ], [ 172.903631660058522, 52.761674551752265 ], [ 172.809390710759203, 52.789297535644508 ], [ 172.763369737328162, 52.823663513405798 ], [ 172.7542397466502, 52.877497476590626 ], [ 172.640375809408567, 52.925448447159582 ], [ 172.512999873159146, 52.905188465242063 ], [ 172.461670901534433, 52.927167451772803 ], [ 172.643269814914277, 53.004986392233825 ], [ 173.107252574541434, 52.993235385921075 ] ] ], [ [ [ 144.618331, 13.445776 ], [ 144.769357, 13.481091 ], [ 144.804903, 13.515444 ], [ 144.858531, 13.653966 ], [ 144.907852, 13.605318 ], [ 144.956712, 13.598168 ], [ 144.926691, 13.522049 ], [ 144.783946, 13.421628 ], [ 144.77211, 13.302536 ], [ 144.726007, 13.247572 ], [ 144.661895, 13.271425 ], [ 144.636097, 13.341615 ], [ 144.663404, 13.401061 ], [ 144.618331, 13.445776 ] ] ], [ [ [ 144.658617, 13.240159 ], [ 144.645379, 13.236271 ], [ 144.658503, 13.241926 ], [ 144.658617, 13.240159 ] ] ], [ [ [ -114.813613, 32.494277 ], [ -114.791551, 32.557023 ], [ -114.813617, 32.561331 ], [ -114.809393, 32.617119 ], [ -114.764382, 32.642666 ], [ -114.719633, 32.718763 ], [ -117.123668, 32.534435 ], [ -117.160719, 32.66568 ], [ -117.212652, 32.687887 ], [ -117.243128, 32.66454 ], [ -117.256091, 32.793666 ], [ -117.281883, 32.832839 ], [ -117.253679, 32.903835 ], [ -117.312504, 33.086973 ], [ -117.469794, 33.296417 ], [ -117.652692, 33.446154 ], [ -117.714617, 33.459914 ], [ -117.78428, 33.541843 ], [ -117.928019, 33.607187 ], [ -118.132698, 33.753217 ], [ -118.180801, 33.765054 ], [ -118.185726, 33.73296 ], [ -118.24277, 33.743355 ], [ -118.247115, 33.715226 ], [ -118.294074, 33.705149 ], [ -118.410465, 33.74104 ], [ -118.428162, 33.774345 ], [ -118.390549, 33.838779 ], [ -118.451436, 33.959108 ], [ -118.524356, 34.03068 ], [ -118.742354, 34.03294 ], [ -118.806552, 34.000448 ], [ -118.854908, 34.034919 ], [ -119.129252, 34.10084 ], [ -119.216441, 34.146105 ], [ -119.278644, 34.266902 ], [ -119.563986, 34.41532 ], [ -119.671866, 34.416096 ], [ -119.709067, 34.395397 ], [ -119.793567, 34.418289 ], [ -119.878293, 34.407289 ], [ -120.008077, 34.460447 ], [ -120.141165, 34.473405 ], [ -120.452811, 34.442442 ], [ -120.511421, 34.522953 ], [ -120.636722, 34.560967 ], [ -120.649086, 34.57863 ], [ -120.60045, 34.70464 ], [ -120.637415, 34.755895 ], [ -120.610266, 34.85818 ], [ -120.672269, 34.90254 ], [ -120.629931, 35.061515 ], [ -120.646147, 35.143943 ], [ -120.714185, 35.175998 ], [ -120.760492, 35.15971 ], [ -120.856047, 35.206487 ], [ -120.8996, 35.255337 ], [ -120.862062, 35.346995 ], [ -120.884757, 35.430196 ], [ -121.003359, 35.46071 ], [ -121.165758, 35.635283 ], [ -121.28653, 35.665524 ], [ -121.332449, 35.783106 ], [ -121.462145, 35.88613 ], [ -121.500832, 35.998099 ], [ -121.574602, 36.025156 ], [ -121.632703, 36.120463 ], [ -121.717176, 36.195146 ], [ -121.826282, 36.242076 ], [ -121.902729, 36.306379 ], [ -121.901628, 36.387046 ], [ -121.954209, 36.522231 ], [ -121.924738, 36.525599 ], [ -121.932508, 36.559935 ], [ -121.976763, 36.579435 ], [ -121.93643, 36.636746 ], [ -121.866181, 36.606562 ], [ -121.813701, 36.682355 ], [ -121.788278, 36.803994 ], [ -121.862266, 36.931552 ], [ -121.930069, 36.97815 ], [ -122.065642, 36.948466 ], [ -122.135161, 36.967774 ], [ -122.223799, 37.025672 ], [ -122.284882, 37.101747 ], [ -122.337071, 37.117382 ], [ -122.405073, 37.195791 ], [ -122.419113, 37.24147 ], [ -122.40085, 37.359225 ], [ -122.459577, 37.492731 ], [ -122.499289, 37.495341 ], [ -122.519533, 37.537302 ], [ -122.494085, 37.644035 ], [ -122.514483, 37.780829 ], [ -122.476785, 37.80944 ], [ -122.387669, 37.788809 ], [ -122.359279, 37.728593 ], [ -122.394156, 37.707636 ], [ -122.374291, 37.662206 ], [ -122.389313, 37.640193 ], [ -122.355627, 37.615293 ], [ -122.378545, 37.605592 ], [ -122.262868, 37.573914 ], [ -122.162091, 37.500222 ], [ -122.130979, 37.503652 ], [ -122.08874, 37.452267 ], [ -122.038599, 37.454622 ], [ -122.055541, 37.49523 ], [ -122.10942, 37.500254 ], [ -122.167587, 37.677178 ], [ -122.252172, 37.724952 ], [ -122.243947, 37.751779 ], [ -122.332037, 37.782035 ], [ -122.342253, 37.805558 ], [ -122.296618, 37.828465 ], [ -122.325193, 37.874276 ], [ -122.308502, 37.87088 ], [ -122.326912, 37.888712 ], [ -122.311399, 37.895794 ], [ -122.390546, 37.90911 ], [ -122.430087, 37.963115 ], [ -122.367582, 37.978168 ], [ -122.367909, 38.01253 ], [ -122.332552, 38.001502 ], [ -122.283478, 38.022674 ], [ -122.262861, 38.0446 ], [ -122.282824, 38.082889 ], [ -122.393588, 38.143449 ], [ -122.497522, 38.115134 ], [ -122.497828, 38.019402 ], [ -122.447304, 37.984387 ], [ -122.495553, 37.970523 ], [ -122.479512, 37.942526 ], [ -122.50506, 37.936414 ], [ -122.438293, 37.882368 ], [ -122.459596, 37.862703 ], [ -122.504275, 37.894116 ], [ -122.472134, 37.835084 ], [ -122.500006, 37.820911 ], [ -122.530688, 37.818043 ], [ -122.658823, 37.904738 ], [ -122.725181, 37.902691 ], [ -122.882114, 38.025273 ], [ -122.956811, 38.02872 ], [ -122.983138, 38.005757 ], [ -122.963544, 37.989914 ], [ -123.024066, 37.994878 ], [ -122.949074, 38.15406 ], [ -122.995631, 38.238626 ], [ -122.972776, 38.229645 ], [ -122.977082, 38.267902 ], [ -123.024333, 38.310573 ], [ -123.063671, 38.302178 ], [ -123.068265, 38.359865 ], [ -123.128825, 38.450418 ], [ -123.331899, 38.565542 ], [ -123.44613, 38.703693 ], [ -123.727976, 38.919429 ], [ -123.741921, 38.956228 ], [ -123.711149, 38.977316 ], [ -123.69124, 39.050795 ], [ -123.827716, 39.348433 ], [ -123.819884, 39.439489 ], [ -123.766475, 39.552803 ], [ -123.849605, 39.827671 ], [ -123.907664, 39.863028 ], [ -124.035904, 40.013319 ], [ -124.079983, 40.029773 ], [ -124.110549, 40.103765 ], [ -124.187874, 40.130542 ], [ -124.360604, 40.257206 ], [ -124.347853, 40.314634 ], [ -124.409591, 40.438076 ], [ -124.329404, 40.61643 ], [ -124.137066, 40.925732 ], [ -124.111756, 41.026883 ], [ -124.153622, 41.05355 ], [ -124.165414, 41.129822 ], [ -124.106986, 41.229678 ], [ -124.063076, 41.439579 ], [ -124.147412, 41.717955 ], [ -124.254954, 41.77817 ], [ -124.208439, 41.888192 ], [ -124.204948, 41.983441 ], [ -124.354027, 42.103539 ], [ -124.361009, 42.180752 ], [ -124.414149, 42.252164 ], [ -124.435892, 42.43718 ], [ -124.389977, 42.574758 ], [ -124.401177, 42.627192 ], [ -124.473864, 42.732671 ], [ -124.513663, 42.732949 ], [ -124.536073, 42.814175 ], [ -124.566244, 42.836392 ], [ -124.446875, 43.031808 ], [ -124.38246, 43.270167 ], [ -124.402814, 43.305872 ], [ -124.315012, 43.388389 ], [ -124.232025, 43.562393 ], [ -124.150267, 43.91085 ], [ -124.058281, 44.658866 ], [ -124.079249, 44.6772 ], [ -124.057901, 44.735163 ], [ -124.074066, 44.798107 ], [ -124.025136, 44.928175 ], [ -124.015851, 45.064759 ], [ -123.975425, 45.145476 ], [ -123.958061, 45.278013 ], [ -123.972899, 45.33689 ], [ -124.007756, 45.336813 ], [ -123.965728, 45.386242 ], [ -123.97865, 45.486854 ], [ -123.937272, 45.656384 ], [ -123.943121, 45.727031 ], [ -123.983029, 45.768044 ], [ -123.962736, 45.869974 ], [ -123.993703, 45.946431 ], [ -123.937471, 45.977306 ], [ -123.92933, 46.041978 ], [ -123.95919, 46.141675 ], [ -124.021428, 46.230109 ], [ -123.854801, 46.157342 ], [ -123.838415, 46.171051 ], [ -123.864209, 46.189527 ], [ -123.757589, 46.213001 ], [ -123.69343, 46.189812 ], [ -123.666751, 46.218228 ], [ -123.582434, 46.230525 ], [ -123.547636, 46.265595 ], [ -123.669501, 46.266832 ], [ -123.700729, 46.304603 ], [ -123.766682, 46.273499 ], [ -123.806139, 46.283588 ], [ -123.875525, 46.239787 ], [ -124.020551, 46.315737 ], [ -124.049334, 46.295798 ], [ -124.04203, 46.276052 ], [ -124.077768, 46.272324 ], [ -124.057425, 46.409315 ], [ -124.064341, 46.641256 ], [ -124.035307, 46.635951 ], [ -124.052367, 46.620025 ], [ -124.023566, 46.582559 ], [ -124.015258, 46.378681 ], [ -123.953699, 46.378845 ], [ -123.99268, 46.488617 ], [ -123.942528, 46.46519 ], [ -123.893292, 46.53961 ], [ -123.960642, 46.636364 ], [ -123.936111, 46.627025 ], [ -123.923269, 46.672708 ], [ -123.829356, 46.713356 ], [ -123.88876, 46.750383 ], [ -123.91351, 46.72668 ], [ -123.974994, 46.733391 ], [ -123.973663, 46.703353 ], [ -124.092176, 46.741624 ], [ -124.138225, 46.905534 ], [ -124.092961, 46.901655 ], [ -124.073113, 46.861493 ], [ -123.985082, 46.921916 ], [ -123.8389, 46.953951 ], [ -123.859103, 46.967577 ], [ -124.012218, 46.985176 ], [ -124.026345, 47.030187 ], [ -124.122057, 47.04165 ], [ -124.151288, 47.021112 ], [ -124.106243, 46.937551 ], [ -124.173877, 46.927235 ], [ -124.173501, 47.06637 ], [ -124.209017, 47.218151 ], [ -124.236349, 47.287287 ], [ -124.319379, 47.355559 ], [ -124.366221, 47.582439 ], [ -124.425195, 47.738434 ], [ -124.480041, 47.7673 ], [ -124.489737, 47.816988 ], [ -124.579886, 47.874563 ], [ -124.610527, 47.871674 ], [ -124.676178, 47.967032 ], [ -124.687101, 48.098657 ], [ -124.733174, 48.163393 ], [ -124.696111, 48.198599 ], [ -124.70592, 48.239894 ], [ -124.65894, 48.331057 ], [ -124.731828, 48.381157 ], [ -124.653243, 48.390691 ], [ -124.564841, 48.367921 ], [ -124.386917, 48.285693 ], [ -124.238582, 48.262471 ], [ -123.981032, 48.164761 ], [ -123.709459, 48.167581 ], [ -123.590839, 48.134949 ], [ -123.551131, 48.151382 ], [ -123.507235, 48.131807 ], [ -123.440128, 48.142014 ], [ -123.403352, 48.141369 ], [ -123.462059, 48.134708 ], [ -123.332699, 48.11297 ], [ -123.239129, 48.118217 ], [ -123.144783, 48.175943 ], [ -123.101892, 48.184952 ], [ -123.142142, 48.157068 ], [ -123.058922, 48.113976 ], [ -123.020631, 48.032712 ], [ -122.997082, 48.023962 ], [ -123.021548, 48.084075 ], [ -122.916303, 48.09542 ], [ -122.927353, 48.064529 ], [ -122.858429, 48.017675 ], [ -122.884588, 47.989746 ], [ -122.839457, 48.001768 ], [ -122.826878, 48.046138 ], [ -122.88919, 48.077073 ], [ -122.884935, 48.105114 ], [ -122.837946, 48.136479 ], [ -122.754509, 48.144344 ], [ -122.748911, 48.117026 ], [ -122.801399, 48.087561 ], [ -122.739869, 48.031181 ], [ -122.748345, 48.072097 ], [ -122.68756, 48.101272 ], [ -122.670562, 48.017619 ], [ -122.730967, 48.021308 ], [ -122.6788, 47.96793 ], [ -122.69922, 47.918703 ], [ -122.657722, 47.931156 ], [ -122.647772, 47.895974 ], [ -122.610341, 47.887343 ], [ -122.638142, 47.865456 ], [ -122.69376, 47.868002 ], [ -122.687342, 47.831003 ], [ -122.748815, 47.801697 ], [ -122.784885, 47.687334 ], [ -122.833277, 47.692481 ], [ -122.789782, 47.790938 ], [ -122.797625, 47.825897 ], [ -122.82068, 47.838023 ], [ -122.815027, 47.807493 ], [ -122.841808, 47.779035 ], [ -122.864651, 47.804669 ], [ -122.851137, 47.738545 ], [ -122.882714, 47.731183 ], [ -122.904106, 47.645584 ], [ -122.981589, 47.613068 ], [ -123.057409, 47.500788 ], [ -123.114356, 47.463311 ], [ -123.15958, 47.354391 ], [ -123.123099, 47.337802 ], [ -123.102988, 47.357542 ], [ -123.030266, 47.350949 ], [ -122.874586, 47.413874 ], [ -122.977495, 47.39616 ], [ -123.029553, 47.358839 ], [ -123.119681, 47.385532 ], [ -122.965118, 47.585245 ], [ -122.85531, 47.64757 ], [ -122.752471, 47.667811 ], [ -122.714786, 47.767512 ], [ -122.608105, 47.856728 ], [ -122.573672, 47.857582 ], [ -122.617022, 47.938987 ], [ -122.525329, 47.912336 ], [ -122.506122, 47.831745 ], [ -122.482529, 47.815511 ], [ -122.50188, 47.790683 ], [ -122.471844, 47.749819 ], [ -122.554454, 47.745704 ], [ -122.587847, 47.69119 ], [ -122.612713, 47.711872 ], [ -122.631103, 47.707339 ], [ -122.59171, 47.594591 ], [ -122.69845, 47.52669 ], [ -122.6063, 47.54688 ], [ -122.554985, 47.589969 ], [ -122.532818, 47.565522 ], [ -122.547269, 47.523562 ], [ -122.495315, 47.51102 ], [ -122.532303, 47.46921 ], [ -122.538483, 47.37594 ], [ -122.575985, 47.32642 ], [ -122.547521, 47.285344 ], [ -122.585826, 47.253852 ], [ -122.592436, 47.272023 ], [ -122.695827, 47.281376 ], [ -122.658511, 47.333109 ], [ -122.671256, 47.343774 ], [ -122.626187, 47.375618 ], [ -122.683943, 47.365155 ], [ -122.729623, 47.338686 ], [ -122.752044, 47.290617 ], [ -122.718882, 47.226525 ], [ -122.748592, 47.219746 ], [ -122.744076, 47.178565 ], [ -122.771619, 47.167109 ], [ -122.832799, 47.243412 ], [ -122.787059, 47.299677 ], [ -122.789048, 47.338417 ], [ -122.769063, 47.340535 ], [ -122.806699, 47.357846 ], [ -122.82666, 47.405807 ], [ -122.819781, 47.327801 ], [ -122.871472, 47.276861 ], [ -122.839243, 47.209698 ], [ -122.863153, 47.170487 ], [ -122.841762, 47.163215 ], [ -122.847803, 47.130605 ], [ -122.829878, 47.116816 ], [ -122.815187, 47.179102 ], [ -122.78626, 47.127074 ], [ -122.713173, 47.093479 ], [ -122.590829, 47.178107 ], [ -122.529689, 47.283311 ], [ -122.547408, 47.317734 ], [ -122.436756, 47.261862 ], [ -122.409199, 47.288556 ], [ -122.444635, 47.300421 ], [ -122.429972, 47.319658 ], [ -122.324833, 47.348521 ], [ -122.327324, 47.395632 ], [ -122.383136, 47.450521 ], [ -122.361649, 47.485275 ], [ -122.421139, 47.57602 ], [ -122.339513, 47.599113 ], [ -122.436941, 47.661719 ], [ -122.37644, 47.716519 ], [ -122.395637, 47.806808 ], [ -122.33595, 47.852306 ], [ -122.307048, 47.949117 ], [ -122.230046, 47.970917 ], [ -122.218982, 48.020276 ], [ -122.361649, 48.120176 ], [ -122.35747, 48.182285 ], [ -122.383911, 48.227486 ], [ -122.449605, 48.232598 ], [ -122.442051, 48.20935 ], [ -122.479008, 48.175703 ], [ -122.358963, 48.054851 ], [ -122.4675, 48.130353 ], [ -122.510562, 48.132207 ], [ -122.53722, 48.183745 ], [ -122.530996, 48.249821 ], [ -122.463962, 48.270541 ], [ -122.397028, 48.253178 ], [ -122.37174, 48.299251 ], [ -122.533954, 48.375812 ], [ -122.571534, 48.418758 ], [ -122.550383, 48.448448 ], [ -122.618597, 48.412649 ], [ -122.674158, 48.424726 ], [ -122.654444, 48.457558 ], [ -122.668272, 48.486271 ], [ -122.702919, 48.492011 ], [ -122.684521, 48.509123 ], [ -122.599951, 48.520946 ], [ -122.580568, 48.463738 ], [ -122.558702, 48.499817 ], [ -122.524969, 48.458311 ], [ -122.470224, 48.468775 ], [ -122.504428, 48.564775 ], [ -122.560841, 48.581646 ], [ -122.468859, 48.557269 ], [ -122.425271, 48.599522 ], [ -122.509935, 48.664369 ], [ -122.491201, 48.683591 ], [ -122.519247, 48.71716 ], [ -122.490401, 48.751128 ], [ -122.535803, 48.776128 ], [ -122.608139, 48.762773 ], [ -122.651872, 48.715906 ], [ -122.673472, 48.733082 ], [ -122.646777, 48.785011 ], [ -122.700321, 48.804779 ], [ -122.710273, 48.787018 ], [ -122.717073, 48.84719 ], [ -122.793175, 48.892927 ], [ -122.751289, 48.911239 ], [ -122.749202, 48.934818 ], [ -122.821631, 48.941369 ], [ -122.75802, 49.002357 ], [ -104.048736, 48.999877 ], [ -104.039694, 44.99807 ], [ -111.054556, 45.000955 ], [ -111.046714, 42.001702 ], [ -114.041477, 41.993873 ], [ -114.0506, 37.000396 ], [ -109.045223, 36.999084 ], [ -109.050044, 31.332502 ], [ -111.074825, 31.332239 ], [ -114.813613, 32.494277 ] ] ], [ [ [ -118.607243, 33.478449 ], [ -118.370323, 33.409285 ], [ -118.305084, 33.310323 ], [ -118.465368, 33.326056 ], [ -118.487453, 33.350883 ], [ -118.48875, 33.419826 ], [ -118.575394, 33.440179 ], [ -118.607243, 33.478449 ] ] ], [ [ [ -118.57988, 33.034459 ], [ -118.488332, 32.923679 ], [ -118.354185, 32.820919 ], [ -118.431809, 32.801462 ], [ -118.506206, 32.852985 ], [ -118.6105, 33.032941 ], [ -118.57988, 33.034459 ] ] ], [ [ [ -119.02741, 33.476856 ], [ -119.048091, 33.482062 ], [ -119.030456, 33.488334 ], [ -119.02741, 33.476856 ] ] ], [ [ [ -119.372331, 34.012088 ], [ -119.362571, 34.017148 ], [ -119.357658, 34.015985 ], [ -119.372331, 34.012088 ] ] ], [ [ [ -119.441999, 34.013551 ], [ -119.379273, 34.009566 ], [ -119.390816, 34.002863 ], [ -119.441999, 34.013551 ] ] ], [ [ [ -119.578843, 33.278193 ], [ -119.465429, 33.25925 ], [ -119.434402, 33.227021 ], [ -119.546212, 33.232561 ], [ -119.578843, 33.278193 ] ] ], [ [ [ -119.929889, 34.059734 ], [ -119.759428, 34.058835 ], [ -119.637742, 34.013178 ], [ -119.584301, 34.053643 ], [ -119.52064, 34.034262 ], [ -119.560464, 33.99553 ], [ -119.818249, 33.959858 ], [ -119.873358, 33.980375 ], [ -119.876329, 34.032087 ], [ -119.929889, 34.059734 ] ] ], [ [ [ -120.249536, 34.002477 ], [ -120.043259, 34.035806 ], [ -120.046575, 34.000002 ], [ -119.980156, 33.983653 ], [ -119.968636, 33.942878 ], [ -120.121817, 33.895712 ], [ -120.180417, 33.925103 ], [ -120.249536, 34.002477 ] ] ], [ [ [ -120.454134, 34.028081 ], [ -120.368278, 34.076465 ], [ -120.307219, 34.022375 ], [ -120.454134, 34.028081 ] ] ], [ [ [ -122.303455, 48.005603 ], [ -122.326115, 48.010295 ], [ -122.334524, 48.018916 ], [ -122.322362, 48.021037 ], [ -122.303455, 48.005603 ] ] ], [ [ [ -122.770045, 48.224395 ], [ -122.664659, 48.401508 ], [ -122.585038, 48.395166 ], [ -122.597119, 48.355661 ], [ -122.505828, 48.297677 ], [ -122.558436, 48.272166 ], [ -122.574872, 48.294903 ], [ -122.618466, 48.294159 ], [ -122.631107, 48.267138 ], [ -122.642991, 48.288809 ], [ -122.658678, 48.244509 ], [ -122.732358, 48.226144 ], [ -122.606406, 48.208262 ], [ -122.567936, 48.148624 ], [ -122.541525, 48.017745 ], [ -122.509652, 48.039756 ], [ -122.525422, 48.096537 ], [ -122.376259, 48.034457 ], [ -122.349597, 47.958796 ], [ -122.3773, 47.905941 ], [ -122.431035, 47.914732 ], [ -122.469247, 47.98681 ], [ -122.546824, 47.967215 ], [ -122.542924, 47.996404 ], [ -122.607342, 48.030992 ], [ -122.612713, 48.155903 ], [ -122.679556, 48.155113 ], [ -122.770045, 48.224395 ] ] ], [ [ [ -122.358779, 37.814278 ], [ -122.378962, 37.826897 ], [ -122.373453, 37.832298 ], [ -122.358779, 37.814278 ] ] ], [ [ [ -122.522035, 47.407252 ], [ -122.468559, 47.510078 ], [ -122.433388, 47.466431 ], [ -122.437653, 47.407425 ], [ -122.373627, 47.388718 ], [ -122.457497, 47.342567 ], [ -122.4745, 47.359134 ], [ -122.433143, 47.388107 ], [ -122.460001, 47.401622 ], [ -122.445027, 47.389394 ], [ -122.484244, 47.38006 ], [ -122.504913, 47.330681 ], [ -122.52813, 47.345543 ], [ -122.522035, 47.407252 ] ] ], [ [ [ -122.442374, 37.856243 ], [ -122.423193, 37.869288 ], [ -122.418754, 37.852824 ], [ -122.442374, 37.856243 ] ] ], [ [ [ -122.420248, 37.826513 ], [ -122.42277, 37.825256 ], [ -122.425227, 37.828586 ], [ -122.420248, 37.826513 ] ] ], [ [ [ -122.485162, 47.530088 ], [ -122.504923, 47.546531 ], [ -122.479523, 47.541862 ], [ -122.485162, 47.530088 ] ] ], [ [ [ -122.561062402684996, 47.6745395959097 ], [ -122.552848, 47.720757 ], [ -122.509914, 47.707715 ], [ -122.49784, 47.661819 ], [ -122.51828, 47.652053 ], [ -122.489131, 47.633184 ], [ -122.525852, 47.619213 ], [ -122.480278, 47.583268 ], [ -122.573312, 47.594583 ], [ -122.590841, 47.663261 ], [ -122.561062402684996, 47.6745395959097 ] ] ], [ [ [ -122.527478, 48.359724 ], [ -122.530215, 48.365745 ], [ -122.524454, 48.362367 ], [ -122.527478, 48.359724 ] ] ], [ [ [ -122.550663, 48.521488 ], [ -122.544893, 48.525889 ], [ -122.545369, 48.520623 ], [ -122.550663, 48.521488 ] ] ], [ [ [ -122.558266, 48.534481 ], [ -122.554403, 48.536904 ], [ -122.554155, 48.535451 ], [ -122.558266, 48.534481 ] ] ], [ [ [ -122.575339, 48.400973 ], [ -122.56229, 48.397925 ], [ -122.578905, 48.395765 ], [ -122.575339, 48.400973 ] ] ], [ [ [ -122.570218, 48.537988 ], [ -122.567417, 48.535263 ], [ -122.570611, 48.537192 ], [ -122.570218, 48.537988 ] ] ], [ [ [ -122.645595, 48.588894 ], [ -122.578856, 48.54813 ], [ -122.572967, 48.529028 ], [ -122.649256, 48.528769 ], [ -122.645595, 48.588894 ] ] ], [ [ [ -122.581212, 48.413425 ], [ -122.579484, 48.411785 ], [ -122.581163, 48.412003 ], [ -122.581212, 48.413425 ] ] ], [ [ [ -122.583824, 48.645237 ], [ -122.586678, 48.660465 ], [ -122.577637, 48.647617 ], [ -122.583824, 48.645237 ] ] ], [ [ [ -122.670348, 47.273571 ], [ -122.58886, 47.237137 ], [ -122.602539, 47.217506 ], [ -122.670348, 47.273571 ] ] ], [ [ [ -122.601722, 48.614027 ], [ -122.611545, 48.608495 ], [ -122.614477, 48.613147 ], [ -122.601722, 48.614027 ] ] ], [ [ [ -122.620023, 48.706809 ], [ -122.615983, 48.693946 ], [ -122.650446, 48.712299 ], [ -122.620023, 48.706809 ] ] ], [ [ [ -122.715709, 48.748672 ], [ -122.618225, 48.670721 ], [ -122.608572, 48.640448 ], [ -122.721981, 48.723375 ], [ -122.715709, 48.748672 ] ] ], [ [ [ -122.612893, 48.582747 ], [ -122.609328, 48.58086 ], [ -122.615186, 48.580182 ], [ -122.612893, 48.582747 ] ] ], [ [ [ -122.63113, 47.167675 ], [ -122.630388, 47.153543 ], [ -122.639122, 47.146301 ], [ -122.63113, 47.167675 ] ] ], [ [ [ -122.704573, 47.23098 ], [ -122.642395, 47.200848 ], [ -122.726868, 47.204418 ], [ -122.704573, 47.23098 ] ] ], [ [ [ -122.674173, 48.629944 ], [ -122.666149, 48.608088 ], [ -122.699266, 48.621115 ], [ -122.674173, 48.629944 ] ] ], [ [ [ -122.718145, 48.607339 ], [ -122.669206, 48.569357 ], [ -122.68586, 48.543108 ], [ -122.722407, 48.540606 ], [ -122.73944, 48.573893 ], [ -122.718145, 48.607339 ] ] ], [ [ [ -122.706713, 47.187385 ], [ -122.673927, 47.174675 ], [ -122.702434, 47.123867 ], [ -122.742928, 47.151474 ], [ -122.706713, 47.187385 ] ] ], [ [ [ -122.709153, 48.484065 ], [ -122.690941, 48.472776 ], [ -122.71322, 48.476221 ], [ -122.709153, 48.484065 ] ] ], [ [ [ -122.699646, 48.469727 ], [ -122.70569, 48.459176 ], [ -122.712805, 48.467295 ], [ -122.699646, 48.469727 ] ] ], [ [ [ -123.030342, 48.62989 ], [ -122.95182, 48.712219 ], [ -122.898911, 48.714648 ], [ -122.741478, 48.660347 ], [ -122.808804, 48.619916 ], [ -122.799943, 48.601812 ], [ -122.829784, 48.601202 ], [ -122.881708, 48.653453 ], [ -122.885036, 48.690024 ], [ -122.918073, 48.689553 ], [ -122.86235, 48.604191 ], [ -122.9369, 48.59347 ], [ -122.983911, 48.642147 ], [ -122.971228, 48.603816 ], [ -123.003876, 48.592966 ], [ -122.99318, 48.60947 ], [ -123.027963, 48.610849 ], [ -123.030342, 48.62989 ] ] ], [ [ [ -122.759597, 48.695669 ], [ -122.764344, 48.695658 ], [ -122.766567, 48.707801 ], [ -122.759597, 48.695669 ] ] ], [ [ [ -122.81088, 48.588879 ], [ -122.772207, 48.552447 ], [ -122.807686, 48.531322 ], [ -122.831083, 48.572526 ], [ -122.81088, 48.588879 ] ] ], [ [ [ -122.945733, 48.477767 ], [ -122.920296, 48.550663 ], [ -122.884679, 48.573155 ], [ -122.873746, 48.544682 ], [ -122.841774, 48.539955 ], [ -122.873271, 48.505959 ], [ -122.849265, 48.447187 ], [ -122.826686, 48.460744 ], [ -122.837013, 48.516758 ], [ -122.774551, 48.517948 ], [ -122.817484, 48.484505 ], [ -122.802137, 48.426242 ], [ -122.926247, 48.437046 ], [ -122.917479, 48.456015 ], [ -122.945733, 48.477767 ] ] ], [ [ [ -122.773664, 48.698169 ], [ -122.777167, 48.699156 ], [ -122.774511, 48.703022 ], [ -122.773664, 48.698169 ] ] ], [ [ [ -122.80815, 48.593029 ], [ -122.814835, 48.600028 ], [ -122.804573, 48.597782 ], [ -122.80815, 48.593029 ] ] ], [ [ [ -122.832336, 47.272888 ], [ -122.834109, 47.256797 ], [ -122.841858, 47.25766 ], [ -122.832336, 47.272888 ] ] ], [ [ [ -122.828512, 48.746979 ], [ -122.846619, 48.746002 ], [ -122.848268, 48.747122 ], [ -122.828512, 48.746979 ] ] ], [ [ [ -122.838206, 48.319085 ], [ -122.842532, 48.321315 ], [ -122.83818, 48.319671 ], [ -122.838206, 48.319085 ] ] ], [ [ [ -122.912271, 48.762356 ], [ -122.889017, 48.757111 ], [ -122.883391, 48.752118 ], [ -122.919565, 48.754935 ], [ -122.913852, 48.769743 ], [ -122.889414, 48.767295 ], [ -122.912271, 48.762356 ] ] ], [ [ [ -123.016541, 48.581348 ], [ -122.937801, 48.57457 ], [ -122.902802, 48.578502 ], [ -122.966155, 48.549111 ], [ -123.016541, 48.581348 ] ] ], [ [ [ -122.918149, 48.126886 ], [ -122.930616, 48.132466 ], [ -122.909602, 48.126554 ], [ -122.918149, 48.126886 ] ] ], [ [ [ -122.948013, 48.781059 ], [ -122.969075, 48.788579 ], [ -122.941597, 48.784175 ], [ -122.948013, 48.781059 ] ] ], [ [ [ -123.203309, 48.595549 ], [ -123.105301, 48.622643 ], [ -123.100493, 48.599018 ], [ -122.969769, 48.536106 ], [ -123.020632, 48.500998 ], [ -122.960975, 48.451207 ], [ -123.135624, 48.500238 ], [ -123.203309, 48.595549 ] ] ], [ [ [ -123.002794, 37.692736 ], [ -123.003507, 37.704396 ], [ -122.998754, 37.697438 ], [ -123.002794, 37.692736 ] ] ], [ [ [ -123.009839, 48.717175 ], [ -123.028951, 48.678333 ], [ -123.071189, 48.699346 ], [ -123.040179, 48.717296 ], [ -123.009839, 48.717175 ] ] ], [ [ [ -123.015554, 48.602809 ], [ -123.017182, 48.606287 ], [ -123.015053, 48.606825 ], [ -123.015554, 48.602809 ] ] ], [ [ [ -123.019185, 48.597428 ], [ -123.025006, 48.594074 ], [ -123.026196, 48.599663 ], [ -123.019185, 48.597428 ] ] ], [ [ [ -123.0251, 48.982122 ], [ -123.084006, 48.971455 ], [ -123.090546, 49.001976 ], [ -123.035393, 49.002154 ], [ -123.0251, 48.982122 ] ] ], [ [ [ -123.034897, 48.591632 ], [ -123.029576, 48.593205 ], [ -123.028637, 48.592956 ], [ -123.034897, 48.591632 ] ] ], [ [ [ -123.032104, 48.733098 ], [ -123.038416, 48.731574 ], [ -123.039976, 48.732576 ], [ -123.032104, 48.733098 ] ] ], [ [ [ -123.042471, 48.618693 ], [ -123.050439, 48.611927 ], [ -123.05416, 48.618531 ], [ -123.042471, 48.618693 ] ] ], [ [ [ -123.085125, 48.648073 ], [ -123.076962, 48.647722 ], [ -123.086878, 48.645237 ], [ -123.085125, 48.648073 ] ] ], [ [ [ -123.105148, 48.633377 ], [ -123.138145, 48.638535 ], [ -123.163582, 48.649189 ], [ -123.127831, 48.643688 ], [ -123.105148, 48.633377 ] ] ], [ [ [ -123.138284, 48.650548 ], [ -123.128043, 48.650745 ], [ -123.123548, 48.647722 ], [ -123.138284, 48.650548 ] ] ], [ [ [ -123.237823, 48.683903 ], [ -123.172516, 48.680809 ], [ -123.127487, 48.65675 ], [ -123.237823, 48.683903 ] ] ], [ [ [ -123.151831, 48.63877 ], [ -123.14993, 48.64144 ], [ -123.147316, 48.638456 ], [ -123.151831, 48.63877 ] ] ], [ [ [ -123.64134, 46.247981 ], [ -123.663013, 46.242576 ], [ -123.664993, 46.242691 ], [ -123.64134, 46.247981 ] ] ], [ [ [ -123.860529, 46.95606 ], [ -123.885834, 46.964144 ], [ -123.853398, 46.958656 ], [ -123.860529, 46.95606 ] ] ], [ [ [ -124.02402, 46.290834 ], [ -124.008929, 46.26557 ], [ -124.035223, 46.285137 ], [ -124.02402, 46.290834 ] ] ], [ [ [ -124.216181, 41.952212 ], [ -124.215001, 41.949734 ], [ -124.217495, 41.95081 ], [ -124.216181, 41.952212 ] ] ], [ [ [ -124.321095, 42.065034 ], [ -124.32405, 42.065785 ], [ -124.322417, 42.067459 ], [ -124.321095, 42.065034 ] ] ], [ [ [ -124.425038, 42.312826 ], [ -124.426878, 42.315107 ], [ -124.425349, 42.315299 ], [ -124.425038, 42.312826 ] ] ], [ [ [ -124.474793, 42.666384 ], [ -124.477268, 42.666602 ], [ -124.475545, 42.668554 ], [ -124.474793, 42.666384 ] ] ], [ [ [ -124.491153, 47.674079 ], [ -124.483785, 47.672079 ], [ -124.49246, 47.672079 ], [ -124.491153, 47.674079 ] ] ], [ [ [ -124.504342, 47.797366 ], [ -124.508051, 47.797461 ], [ -124.509303, 47.79885 ], [ -124.504342, 47.797366 ] ] ], [ [ [ -124.599356, 48.376827 ], [ -124.602208, 48.38693 ], [ -124.592939, 48.377933 ], [ -124.599356, 48.376827 ] ] ], [ [ [ -124.648806, 47.909965 ], [ -124.65164, 47.905282 ], [ -124.652237, 47.910033 ], [ -124.648806, 47.909965 ] ] ], [ [ [ -124.74648, 48.39135 ], [ -124.737211, 48.395611 ], [ -124.732219, 48.390876 ], [ -124.74648, 48.39135 ] ] ], [ [ [ -124.751412, 48.160563 ], [ -124.748621, 48.154882 ], [ -124.754801, 48.160461 ], [ -124.751412, 48.160563 ] ] ], [ [ [ -124.75567, 48.173761 ], [ -124.762658, 48.177242 ], [ -124.754997, 48.175027 ], [ -124.75567, 48.173761 ] ] ], [ [ [ -168.042862, 65.704526 ], [ -167.527454, 65.817959 ], [ -166.597532, 66.117489 ], [ -165.706708, 66.352297 ], [ -165.151717, 66.469107 ], [ -164.401015, 66.581433 ], [ -163.88571, 66.59286 ], [ -163.633093, 66.566108 ], [ -163.927557, 66.574016 ], [ -163.909907, 66.553616 ], [ -163.754043, 66.550211 ], [ -163.732642, 66.489282 ], [ -163.873176, 66.386536 ], [ -163.858453, 66.362631 ], [ -163.881273, 66.322964 ], [ -163.835743, 66.302905 ], [ -163.837834, 66.260658 ], [ -163.928545, 66.217879 ], [ -164.087098, 66.191123 ], [ -164.009826, 66.178445 ], [ -163.964629, 66.196308 ], [ -163.968499, 66.171247 ], [ -163.900399, 66.193015 ], [ -163.84606, 66.122969 ], [ -163.772467, 66.080099 ], [ -163.633913, 66.056431 ], [ -163.335848, 66.085428 ], [ -163.160098, 66.057673 ], [ -162.74707, 66.100799 ], [ -162.632876, 66.03799 ], [ -162.452836, 66.057351 ], [ -162.376028, 66.027104 ], [ -162.133548, 66.075454 ], [ -161.847911, 66.023989 ], [ -161.934209, 66.032326 ], [ -161.86971, 66.000517 ], [ -161.895256, 65.963788 ], [ -161.798005, 65.96563 ], [ -161.773792, 65.981253 ], [ -161.828026, 66.00004 ], [ -161.707118, 66.074527 ], [ -161.552385, 66.242053 ], [ -161.49936, 66.25833 ], [ -161.350727, 66.258695 ], [ -161.317782, 66.220372 ], [ -161.226301, 66.209494 ], [ -161.058875, 66.228347 ], [ -161.0861, 66.214644 ], [ -161.095964, 66.188229 ], [ -161.071003, 66.180584 ], [ -160.954588, 66.22073 ], [ -161.133463, 66.336713 ], [ -161.515562, 66.397047 ], [ -161.692198, 66.39804 ], [ -161.899375293256014, 66.356298195348401 ], [ -161.916279, 66.321452 ], [ -161.942698, 66.322715 ], [ -161.869447, 66.447033 ], [ -161.885626, 66.517842 ], [ -162.087917, 66.604085 ], [ -162.201745, 66.698436 ], [ -162.49793, 66.733275 ], [ -162.514725, 66.779349 ], [ -162.621963, 66.856485 ], [ -162.601052, 66.898455 ], [ -162.510252, 66.906999 ], [ -162.469063, 66.950429 ], [ -162.415701, 66.918026 ], [ -162.30765, 66.939021 ], [ -162.118036, 66.797833 ], [ -162.019844, 66.780713 ], [ -162.028651, 66.734257 ], [ -162.075306, 66.704504 ], [ -162.070446, 66.648129 ], [ -161.908884, 66.544593 ], [ -161.582172, 66.439991 ], [ -161.326349, 66.478371 ], [ -161.177646, 66.533478 ], [ -161.14741, 66.489253 ], [ -161.076994, 66.48776 ], [ -160.978353, 66.429054 ], [ -160.778935, 66.362874 ], [ -160.535012, 66.358526 ], [ -160.227431, 66.387178 ], [ -160.204834, 66.508211 ], [ -160.383963, 66.619083 ], [ -160.506314, 66.613756 ], [ -160.510266, 66.590948 ], [ -160.538664, 66.587755 ], [ -160.519476, 66.580732 ], [ -160.543311, 66.579915 ], [ -160.681875, 66.596262 ], [ -160.785401, 66.650005 ], [ -160.939515, 66.656066 ], [ -161.142102, 66.636252 ], [ -161.2354, 66.575417 ], [ -161.224092, 66.541836 ], [ -161.293485, 66.524073 ], [ -161.45187, 66.523992 ], [ -161.457528, 66.544503 ], [ -161.542979, 66.551737 ], [ -161.534196, 66.584937 ], [ -161.685914, 66.618611 ], [ -161.816277, 66.685041 ], [ -161.779974, 66.716195 ], [ -161.881631, 66.718052 ], [ -161.84244, 66.761696 ], [ -161.863102, 66.7802 ], [ -161.85149, 66.810779 ], [ -161.798836, 66.826423 ], [ -161.776847, 66.859568 ], [ -161.793177, 66.881772 ], [ -161.710147, 66.914532 ], [ -161.704868, 66.939543 ], [ -161.475851, 66.948792 ], [ -161.502309, 66.980837 ], [ -161.58602, 66.984829 ], [ -161.691703, 67.024735 ], [ -161.724535, 67.004479 ], [ -161.803518, 67.046306 ], [ -161.867743, 67.050239 ], [ -162.433667, 66.985544 ], [ -162.451888, 66.997074 ], [ -162.44275, 67.028024 ], [ -162.608466, 67.004651 ], [ -162.724119, 67.054236 ], [ -162.976193, 67.026299 ], [ -163.702045, 67.109375 ], [ -163.747944, 67.129301 ], [ -163.758906, 67.248453 ], [ -163.864378, 67.405972 ], [ -164.033398, 67.557541 ], [ -164.154393, 67.62151 ], [ -164.534804, 67.724404 ], [ -165.336067, 68.024138 ], [ -165.96535, 68.13592 ], [ -166.076493, 68.217769 ], [ -166.237049, 68.273114 ], [ -166.587416, 68.33389 ], [ -166.835993, 68.340843 ], [ -166.327621, 68.444275 ], [ -166.302446, 68.472208 ], [ -166.30337, 68.516727 ], [ -166.228128, 68.573922 ], [ -166.217862, 68.640463 ], [ -166.233968, 68.651322 ], [ -166.196683, 68.694859 ], [ -166.190385, 68.782713 ], [ -166.216597, 68.881496 ], [ -165.566806, 68.851017 ], [ -164.308393, 68.925528 ], [ -163.931314, 68.994902 ], [ -163.683112, 69.07555 ], [ -163.207342, 69.337967 ], [ -163.147803, 69.41883 ], [ -163.146616, 69.629999 ], [ -163.009673, 69.812701 ], [ -162.355973, 70.183915 ], [ -162.046276, 70.280699 ], [ -161.879266, 70.329269 ], [ -161.293426, 70.294648 ], [ -160.801785, 70.376389 ], [ -160.324406, 70.519882 ], [ -159.64892, 70.795054 ], [ -159.209082, 70.870067 ], [ -158.836412, 70.908139 ], [ -158.782696, 70.908217 ], [ -158.766177, 70.904135 ], [ -159.307255, 70.852476 ], [ -159.1675, 70.859101 ], [ -159.165004, 70.836449 ], [ -159.114972, 70.817402 ], [ -159.344809, 70.804747 ], [ -159.34564, 70.78125 ], [ -159.299709, 70.758117 ], [ -159.258353, 70.774755 ], [ -158.992032, 70.764657 ], [ -158.949369, 70.783362 ], [ -159.068894, 70.816112 ], [ -158.667718, 70.785553 ], [ -157.840997, 70.861025 ], [ -157.421001, 70.976805 ], [ -156.809653, 71.286886 ], [ -156.56865, 71.352561 ], [ -156.533177, 71.295849 ], [ -156.079328, 71.238944 ], [ -156.093945, 71.223802 ], [ -156.029177, 71.201489 ], [ -156.085032, 71.169371 ], [ -155.958586, 71.1849 ], [ -155.932323, 71.211788 ], [ -155.88752, 71.186012 ], [ -155.744324, 71.19275 ], [ -155.567484, 71.162466 ], [ -155.518538, 71.075038 ], [ -155.702843, 71.01866 ], [ -155.72768, 70.983182 ], [ -155.825605, 70.959353 ], [ -156.075846, 70.956599 ], [ -156.000061, 70.949231 ], [ -155.972015, 70.909626 ], [ -156.006479, 70.896679 ], [ -155.956328, 70.896406 ], [ -155.923766, 70.857358 ], [ -155.934581, 70.836342 ], [ -155.876824, 70.829201 ], [ -155.664814, 70.844026 ], [ -155.608009, 70.824088 ], [ -155.612287, 70.860748 ], [ -155.575447, 70.844065 ], [ -155.486079, 70.858488 ], [ -155.511867, 70.942946 ], [ -155.362961, 70.996808 ], [ -155.255649, 71.015644 ], [ -155.174837, 70.980045 ], [ -155.160814, 71.016186 ], [ -155.264562, 71.066069 ], [ -155.246379, 71.081565 ], [ -155.127658, 71.109595 ], [ -155.145246, 71.104977 ], [ -155.119339, 71.073395 ], [ -155.074537, 71.070272 ], [ -155.068476, 71.108479 ], [ -155.112209, 71.126671 ], [ -155.072179, 71.152926 ], [ -154.577211, 70.998721 ], [ -154.560574, 70.974097 ], [ -154.606921, 70.97247 ], [ -154.614052, 70.902451 ], [ -154.563426, 70.821646 ], [ -154.344345, 70.833179 ], [ -154.241845, 70.811728 ], [ -154.220692, 70.793596 ], [ -154.257057, 70.782021 ], [ -154.181863, 70.768325 ], [ -154.000066, 70.818191 ], [ -153.943617, 70.876442 ], [ -153.469327, 70.885005 ], [ -153.215841, 70.920542 ], [ -152.925159, 70.89018 ], [ -152.856113, 70.848624 ], [ -152.815232, 70.848001 ], [ -152.781006, 70.881386 ], [ -152.588367, 70.881775 ], [ -152.228044, 70.826467 ], [ -152.192868, 70.801511 ], [ -152.288653, 70.78775 ], [ -152.367325, 70.726886 ], [ -152.421159, 70.729397 ], [ -152.381585, 70.716018 ], [ -152.428646, 70.68829 ], [ -152.479391, 70.690491 ], [ -152.464417, 70.635755 ], [ -152.348786, 70.596628 ], [ -152.056202, 70.580079 ], [ -152.068799, 70.564584 ], [ -152.509576, 70.581659 ], [ -152.561866, 70.561104 ], [ -152.51528, 70.538746 ], [ -152.053469, 70.545198 ], [ -151.983415, 70.564741 ], [ -151.702121, 70.551767 ], [ -151.799213, 70.50419 ], [ -151.729286, 70.496381 ], [ -151.952279, 70.458408 ], [ -151.889056, 70.432036 ], [ -151.572081, 70.439323 ], [ -151.199889, 70.373257 ], [ -150.950668, 70.459561 ], [ -150.698385, 70.447766 ], [ -150.661545, 70.477573 ], [ -150.518937, 70.483132 ], [ -150.414358, 70.459694 ], [ -150.340145, 70.409894 ], [ -150.109496, 70.42934 ], [ -149.86394, 70.510976 ], [ -149.778565, 70.486705 ], [ -149.461967, 70.516453 ], [ -149.387343, 70.487233 ], [ -149.326243, 70.502694 ], [ -149.161534, 70.48773 ], [ -148.944036, 70.420239 ], [ -148.586057, 70.397063 ], [ -148.473754, 70.358502 ], [ -148.460919, 70.338879 ], [ -148.486684, 70.309046 ], [ -148.354439, 70.302701 ], [ -148.237455, 70.337897 ], [ -148.231728, 70.305275 ], [ -148.18361, 70.292728 ], [ -148.10765, 70.341457 ], [ -148.016101, 70.307747 ], [ -147.933875, 70.301231 ], [ -147.950946, 70.292716 ], [ -147.898532, 70.299216 ], [ -147.90644, 70.269124 ], [ -147.790106, 70.29109 ], [ -147.796836, 70.255636 ], [ -147.847487, 70.236339 ], [ -147.679844, 70.199416 ], [ -147.304191, 70.177303 ], [ -147.262597, 70.202355 ], [ -147.227777, 70.164444 ], [ -147.061164, 70.145967 ], [ -146.852362, 70.181212 ], [ -146.517471, 70.189229 ], [ -146.00028, 70.132118 ], [ -145.858305, 70.131355 ], [ -145.87324, 70.147904 ], [ -145.854464, 70.162306 ], [ -145.426046, 70.0322 ], [ -145.297283, 70.012172 ], [ -145.190565, 70.027573 ], [ -145.225147, 70.003407 ], [ -144.960134, 69.958005 ], [ -144.833071, 69.982148 ], [ -144.628359, 69.967513 ], [ -144.455421, 70.035244 ], [ -144.285362, 70.040721 ], [ -143.907213, 70.12016 ], [ -143.801565, 70.107871 ], [ -143.588009, 70.146411 ], [ -143.425199, 70.124928 ], [ -143.269637, 70.153755 ], [ -142.65167, 70.018154 ], [ -142.54721, 69.983119 ], [ -142.475074, 69.965945 ], [ -142.448454, 69.956172 ], [ -142.497535, 69.968225 ], [ -142.504071, 69.95165 ], [ -142.378338, 69.931964 ], [ -142.423735, 69.943542 ], [ -142.403176, 69.94077 ], [ -142.354095, 69.924418 ], [ -142.402701, 69.910871 ], [ -142.332347, 69.918951 ], [ -141.626795, 69.765584 ], [ -141.452932, 69.701985 ], [ -141.397078, 69.695512 ], [ -141.354652, 69.681156 ], [ -141.476819, 69.702933 ], [ -141.377718, 69.634631 ], [ -141.249716, 69.630213 ], [ -141.206458, 69.672777 ], [ -141.323753, 69.682806 ], [ -141.293212, 69.687799 ], [ -141.000607, 69.646286 ], [ -141.00198, 60.306369 ], [ -140.520425, 60.219819 ], [ -140.458206, 60.308085 ], [ -139.981094, 60.181966 ], [ -139.692981, 60.335224 ], [ -139.074819, 60.352505 ], [ -139.072127, 60.319429 ], [ -139.198846, 60.088296 ], [ -139.053671, 59.994837 ], [ -138.707378, 59.906325 ], [ -138.668649, 59.809657 ], [ -138.626202, 59.76858 ], [ -137.607356, 59.243803 ], [ -137.5, 58.985395 ], [ -137.526424, 58.906834 ], [ -137.447383, 58.909513 ], [ -137.264752, 59.002352 ], [ -136.826633, 59.158389 ], [ -136.581521, 59.164909 ], [ -136.469247, 59.284079 ], [ -136.477156, 59.465824 ], [ -136.362507, 59.450374 ], [ -136.305022, 59.464518 ], [ -136.238504, 59.524326 ], [ -136.23983, 59.559412 ], [ -136.353936, 59.599827 ], [ -136.192904, 59.640027 ], [ -135.952645, 59.662166 ], [ -135.479161, 59.798041 ], [ -135.233668, 59.696143 ], [ -135.219845, 59.662776 ], [ -135.028903, 59.563659 ], [ -135.027562, 59.474738 ], [ -135.10102, 59.427531 ], [ -134.989745, 59.387129 ], [ -135.030525, 59.346348 ], [ -134.959905, 59.280926 ], [ -134.700716, 59.249011 ], [ -134.679117, 59.192275 ], [ -134.565566, 59.131124 ], [ -134.483395, 59.131603 ], [ -134.381877, 59.038763 ], [ -134.407149, 58.97921 ], [ -134.313731, 58.962219 ], [ -134.336464, 58.923414 ], [ -134.258074, 58.861036 ], [ -133.840507, 58.729444 ], [ -133.707118, 58.612274 ], [ -133.377303, 58.430548 ], [ -133.461504, 58.387723 ], [ -133.172311, 58.153676 ], [ -133.076421, 57.999762 ], [ -132.869318, 57.842941 ], [ -132.553685, 57.496514 ], [ -132.362984, 57.342011 ], [ -132.247921, 57.211253 ], [ -132.368983, 57.091513 ], [ -132.045191, 57.045059 ], [ -132.123568, 56.873648 ], [ -131.872876, 56.805995 ], [ -131.901072, 56.753675 ], [ -131.860669, 56.702984 ], [ -131.835327, 56.599203 ], [ -131.581067, 56.612232 ], [ -131.087349, 56.406005 ], [ -130.781981, 56.366844 ], [ -130.623308, 56.266878 ], [ -130.46787, 56.243053 ], [ -130.426006, 56.141561 ], [ -130.24623, 56.096415 ], [ -130.103798, 56.122798 ], [ -130.003485, 56.008075 ], [ -130.003847, 55.907288 ], [ -130.152406, 55.766287 ], [ -130.14804, 55.715041 ], [ -130.111657, 55.682901 ], [ -130.127904, 55.581035 ], [ -130.041216, 55.451725 ], [ -130.021107, 55.337916 ], [ -129.974167, 55.281919 ], [ -130.102842, 55.192602 ], [ -130.273328, 54.973964 ], [ -130.459388, 54.848465 ], [ -130.659038, 54.763058 ], [ -130.62807, 54.739341 ], [ -130.647508, 54.726131 ], [ -130.687676, 54.718444 ], [ -130.73836, 54.748602 ], [ -130.737827, 54.807442 ], [ -130.780371, 54.825794 ], [ -130.791294, 54.787083 ], [ -130.842644, 54.762076 ], [ -130.934626, 54.80073 ], [ -130.97544, 54.921383 ], [ -130.946292, 54.947557 ], [ -131.010564, 54.991535 ], [ -131.012585, 55.046653 ], [ -130.851081, 55.119369 ], [ -130.794157, 55.073129 ], [ -130.720001, 55.093876 ], [ -130.706215, 55.12399 ], [ -130.733549, 55.131057 ], [ -130.741273, 55.101356 ], [ -130.77336, 55.09272 ], [ -130.816142, 55.144846 ], [ -130.994164, 55.085102 ], [ -131.07652, 55.129358 ], [ -131.092605, 55.192711 ], [ -130.986321, 55.245238 ], [ -130.944014, 55.295339 ], [ -130.855122, 55.293782 ], [ -130.882811, 55.401694 ], [ -130.898736, 55.394541 ], [ -130.923336, 55.437644 ], [ -130.872472, 55.488445 ], [ -130.870098, 55.544379 ], [ -130.809368, 55.548593 ], [ -130.876275, 55.560357 ], [ -130.896597, 55.712824 ], [ -130.969327, 55.781719 ], [ -130.945678, 55.81098 ], [ -131.003553, 55.805904 ], [ -131.214493, 55.980163 ], [ -131.093277, 56.043275 ], [ -131.11808, 56.05805 ], [ -131.355794, 55.95602 ], [ -131.253662, 55.97098 ], [ -131.073906, 55.830875 ], [ -131.052515, 55.77283 ], [ -130.959938, 55.693204 ], [ -130.939855, 55.619187 ], [ -130.959463, 55.588641 ], [ -130.929159, 55.577491 ], [ -130.942231, 55.554576 ], [ -130.983112, 55.565867 ], [ -130.994376, 55.472396 ], [ -130.970622, 55.391434 ], [ -130.990954, 55.378483 ], [ -131.033857, 55.403584 ], [ -131.022329, 55.344565 ], [ -131.053109, 55.328411 ], [ -131.063567, 55.260139 ], [ -131.204154, 55.18985 ], [ -131.326678, 55.24307 ], [ -131.24019, 55.287156 ], [ -131.189299, 55.360915 ], [ -131.234577, 55.408172 ], [ -131.236008, 55.382326 ], [ -131.293284, 55.380972 ], [ -131.255018, 55.320839 ], [ -131.35104, 55.259597 ], [ -131.460848, 55.277269 ], [ -131.483428, 55.300007 ], [ -131.388356, 55.354295 ], [ -131.514089, 55.331047 ], [ -131.539704, 55.29316 ], [ -131.640128, 55.340679 ], [ -131.698743, 55.354873 ], [ -131.613558, 55.287083 ], [ -131.642792, 55.265353 ], [ -131.692111, 55.305892 ], [ -131.670482, 55.257227 ], [ -131.689362, 55.223926 ], [ -131.75878, 55.251876 ], [ -131.710293, 55.193717 ], [ -131.747134, 55.160532 ], [ -131.723009, 55.140228 ], [ -131.781241, 55.14016 ], [ -131.83151, 55.193581 ], [ -131.869063, 55.309342 ], [ -131.854921, 55.353484 ], [ -131.880829, 55.37942 ], [ -131.834243, 55.377732 ], [ -131.850718, 55.425397 ], [ -131.712346, 55.365179 ], [ -131.737338, 55.387718 ], [ -131.718322, 55.407612 ], [ -131.741304, 55.399614 ], [ -131.833372, 55.455083 ], [ -131.717451, 55.515911 ], [ -131.684862, 55.562104 ], [ -131.699598, 55.569227 ], [ -131.630314, 55.599587 ], [ -131.723247, 55.634552 ], [ -131.69734, 55.690726 ], [ -131.733408, 55.730832 ], [ -131.671195, 55.771159 ], [ -131.490083, 55.786264 ], [ -131.546413, 55.805971 ], [ -131.700905, 55.788335 ], [ -131.711363, 55.836214 ], [ -131.487231, 55.84629 ], [ -131.5621, 55.852161 ], [ -131.599297, 55.900028 ], [ -131.565071, 55.923007 ], [ -131.616766, 55.93965 ], [ -131.758305, 55.878235 ], [ -131.821884, 55.890632 ], [ -131.917431, 55.863899 ], [ -131.762108, 55.813651 ], [ -131.825211, 55.718046 ], [ -131.87251, 55.738122 ], [ -131.817012, 55.671496 ], [ -131.892, 55.62073 ], [ -131.885701, 55.600661 ], [ -131.948805, 55.617778 ], [ -131.980892, 55.654604 ], [ -132.035439, 55.678197 ], [ -131.932049, 55.583537 ], [ -131.951301, 55.580581 ], [ -131.936689, 55.535151 ], [ -131.969008, 55.496861 ], [ -132.185653, 55.587768 ], [ -132.224632, 55.701844 ], [ -132.287261, 55.761732 ], [ -132.212629, 55.734643 ], [ -132.188386, 55.745883 ], [ -132.186009, 55.803299 ], [ -132.028784, 55.797688 ], [ -132.096523, 55.85056 ], [ -132.039123, 55.8877 ], [ -132.066813, 55.944043 ], [ -131.95855, 55.972848 ], [ -131.981724, 56.062123 ], [ -131.973167, 56.173095 ], [ -131.871087, 56.203311 ], [ -131.654557, 56.183976 ], [ -131.648259, 56.199846 ], [ -131.929909, 56.235529 ], [ -131.920878, 56.203482 ], [ -132.001094, 56.1933 ], [ -132.026942, 56.133117 ], [ -132.061703, 56.146259 ], [ -132.073824, 56.115992 ], [ -132.120172, 56.165056 ], [ -132.188386, 56.168827 ], [ -132.099137, 56.103336 ], [ -132.126827, 56.078209 ], [ -132.145128, 56.098431 ], [ -132.14905, 56.07277 ], [ -132.226534, 56.080132 ], [ -132.167946, 56.045632 ], [ -132.20134, 56.044238 ], [ -132.155943, 56.008045 ], [ -132.168659, 55.990833 ], [ -132.13128, 55.947396 ], [ -132.172904, 55.927568 ], [ -132.206499, 55.960442 ], [ -132.239725, 55.922508 ], [ -132.307583, 55.920576 ], [ -132.290351, 55.90126 ], [ -132.341927, 55.8858 ], [ -132.308414, 55.865067 ], [ -132.312455, 55.841586 ], [ -132.333371, 55.867267 ], [ -132.377907, 55.855081 ], [ -132.399208, 55.903459 ], [ -132.363913, 55.9281 ], [ -132.463738, 55.975076 ], [ -132.437474, 55.988839 ], [ -132.465877, 55.99615 ], [ -132.403962, 56.004058 ], [ -132.379837, 56.03428 ], [ -132.471106, 56.015884 ], [ -132.485961, 56.025515 ], [ -132.46659, 56.07602 ], [ -132.538607, 56.070249 ], [ -132.541578, 56.052866 ], [ -132.592323, 56.07801 ], [ -132.616566, 56.04968 ], [ -132.596839, 56.015552 ], [ -132.642117, 56.032487 ], [ -132.72253, 56.143831 ], [ -132.7278, 56.170283 ], [ -132.689415, 56.168695 ], [ -132.708905, 56.194424 ], [ -132.689415, 56.205927 ], [ -132.716867, 56.216898 ], [ -132.693337, 56.239293 ], [ -132.599334, 56.240416 ], [ -132.52936, 56.338555 ], [ -132.419411, 56.347911 ], [ -132.378292, 56.308773 ], [ -132.397568, 56.238081 ], [ -132.318516, 56.192077 ], [ -132.235803, 56.197499 ], [ -132.329134, 56.236029 ], [ -132.36542, 56.283023 ], [ -132.340678, 56.341754 ], [ -132.364231, 56.374037 ], [ -132.335629, 56.396645 ], [ -132.381422, 56.444893 ], [ -132.388869, 56.489794 ], [ -132.253393, 56.449539 ], [ -132.237942, 56.397566 ], [ -132.170441, 56.368353 ], [ -132.209658, 56.459076 ], [ -132.362011, 56.531499 ], [ -132.366527, 56.594886 ], [ -132.319466, 56.637652 ], [ -132.480376, 56.603129 ], [ -132.565703, 56.628632 ], [ -132.555245, 56.654248 ], [ -132.592085, 56.676713 ], [ -132.543361, 56.675146 ], [ -132.534091, 56.697207 ], [ -132.566653, 56.738553 ], [ -132.530526, 56.754193 ], [ -132.789122, 56.843345 ], [ -132.815742, 56.891152 ], [ -132.953358, 56.984771 ], [ -132.860188, 57.001214 ], [ -132.846878, 57.024119 ], [ -132.815979, 56.973632 ], [ -132.787933, 56.975575 ], [ -132.83642, 57.061357 ], [ -132.813127, 57.076346 ], [ -132.824774, 57.107466 ], [ -132.870408, 57.077896 ], [ -132.87231, 57.030845 ], [ -132.98592, 57.053473 ], [ -132.999249, 57.01203 ], [ -133.009213, 57.054119 ], [ -133.18676, 57.089778 ], [ -133.198881, 57.137915 ], [ -133.315345, 57.10624 ], [ -133.574415, 57.184766 ], [ -133.52466, 57.195286 ], [ -133.497407, 57.221972 ], [ -133.534033, 57.260684 ], [ -133.488851, 57.291777 ], [ -133.522601, 57.305646 ], [ -133.271136, 57.288695 ], [ -133.190325, 57.325283 ], [ -133.356701, 57.332725 ], [ -133.466275, 57.36312 ], [ -133.471738, 57.387208 ], [ -133.422063, 57.412434 ], [ -133.505726, 57.449155 ], [ -133.527355, 57.492227 ], [ -133.516749, 57.543911 ], [ -133.462231, 57.576942 ], [ -133.561818, 57.562029 ], [ -133.618707, 57.57824 ], [ -133.676053, 57.629471 ], [ -133.652137, 57.716217 ], [ -133.585824, 57.712282 ], [ -133.577981, 57.737411 ], [ -133.529494, 57.68777 ], [ -133.222649, 57.602166 ], [ -133.08741, 57.517892 ], [ -133.056274, 57.508317 ], [ -133.059363, 57.525167 ], [ -133.256638, 57.650526 ], [ -133.328417, 57.663114 ], [ -133.525453, 57.761763 ], [ -133.584873, 57.761509 ], [ -133.596757, 57.772792 ], [ -133.555876, 57.778242 ], [ -133.554688, 57.799273 ], [ -133.579169, 57.830923 ], [ -133.58321, 57.926969 ], [ -133.605076, 57.909548 ], [ -133.603588, 57.860466 ], [ -133.651661, 57.880115 ], [ -133.624566, 57.837503 ], [ -133.631459, 57.790912 ], [ -133.719162, 57.800033 ], [ -133.852976, 57.947157 ], [ -133.760519, 57.995687 ], [ -133.725817, 57.949049 ], [ -133.691592, 57.946778 ], [ -133.769313, 58.056854 ], [ -133.810431, 58.045409 ], [ -133.785475, 58.009918 ], [ -133.887677, 57.97351 ], [ -134.052627, 58.061758 ], [ -134.082575, 58.125448 ], [ -134.064273, 58.134985 ], [ -134.085427, 58.213572 ], [ -134.054291, 58.231221 ], [ -134.081149, 58.27974 ], [ -133.966825, 58.317834 ], [ -134.003903, 58.341669 ], [ -134.01341, 58.403987 ], [ -134.040505, 58.401995 ], [ -134.057856, 58.333185 ], [ -134.143658, 58.30385 ], [ -134.14556, 58.271117 ], [ -134.101589, 58.236601 ], [ -134.147461, 58.200674 ], [ -134.279374, 58.191029 ], [ -134.460248, 58.229594 ], [ -134.506876, 58.216513 ], [ -134.589562, 58.230195 ], [ -134.670357, 58.279365 ], [ -134.686044, 58.306598 ], [ -134.603569, 58.325698 ], [ -134.608322, 58.341045 ], [ -134.649842, 58.348943 ], [ -134.645876, 58.385179 ], [ -134.730184, 58.374091 ], [ -134.774858, 58.391399 ], [ -134.748027, 58.39625 ], [ -134.787295, 58.494775 ], [ -134.84119, 58.513946 ], [ -134.831147, 58.532947 ], [ -134.941722, 58.612099 ], [ -134.990501, 58.676344 ], [ -134.920515, 58.680528 ], [ -134.947671, 58.71501 ], [ -134.935726, 58.781321 ], [ -134.989204, 58.808289 ], [ -134.960682, 58.83007 ], [ -134.994675, 58.82725 ], [ -135.004416, 58.777723 ], [ -135.034012, 58.789806 ], [ -135.023566, 58.732346 ], [ -135.153521, 58.854063 ], [ -135.140606, 58.874083 ], [ -135.206206, 59.076822 ], [ -135.283689, 59.198867 ], [ -135.324579, 59.198012 ], [ -135.373148, 59.268242 ], [ -135.32148, 59.447455 ], [ -135.355231, 59.480423 ], [ -135.401103, 59.287354 ], [ -135.53254, 59.324601 ], [ -135.544424, 59.310047 ], [ -135.444526, 59.277689 ], [ -135.427296, 59.250304 ], [ -135.441048, 59.22937 ], [ -135.371029, 59.21006 ], [ -135.330454, 59.154053 ], [ -135.36312, 59.159646 ], [ -135.300834, 59.085446 ], [ -135.36927, 59.112886 ], [ -135.401026, 59.173629 ], [ -135.384941, 59.173543 ], [ -135.449909, 59.218982 ], [ -135.563201, 59.26003 ], [ -135.634029, 59.263553 ], [ -135.547038, 59.231712 ], [ -135.470268, 59.174395 ], [ -135.440796, 59.113688 ], [ -135.379712, 59.097823 ], [ -135.398964, 59.037837 ], [ -135.375671, 59.026218 ], [ -135.401103, 59.010802 ], [ -135.401103, 58.973335 ], [ -135.375671, 58.925769 ], [ -135.324332, 58.915339 ], [ -135.339069, 58.889682 ], [ -135.318866, 58.851837 ], [ -135.241382, 58.782183 ], [ -135.246849, 58.70992 ], [ -135.194322, 58.692881 ], [ -135.141557, 58.620927 ], [ -135.144647, 58.577213 ], [ -135.163423, 58.614615 ], [ -135.214049, 58.61907 ], [ -135.123731, 58.50055 ], [ -135.135852, 58.484651 ], [ -135.054091, 58.348218 ], [ -135.053488, 58.290498 ], [ -135.096635, 58.296919 ], [ -135.1077, 58.265034 ], [ -135.054328, 58.19059 ], [ -135.31435, 58.245796 ], [ -135.3973, 58.324887 ], [ -135.45268, 58.45569 ], [ -135.497601, 58.503282 ], [ -135.513288, 58.495085 ], [ -135.484291, 58.47558 ], [ -135.478824, 58.450343 ], [ -135.515189, 58.475207 ], [ -135.458146, 58.408034 ], [ -135.475259, 58.375771 ], [ -135.618818, 58.425586 ], [ -135.721661, 58.392699 ], [ -135.921519, 58.382063 ], [ -135.898804, 58.449597 ], [ -135.87266, 58.463026 ], [ -135.939687, 58.449842 ], [ -135.996534, 58.469177 ], [ -135.930891, 58.516938 ], [ -135.954659, 58.520538 ], [ -135.995778, 58.592327 ], [ -135.905222, 58.57461 ], [ -135.844376, 58.599138 ], [ -135.91069, 58.61709 ], [ -135.955372, 58.698808 ], [ -135.988828, 58.690717 ], [ -136.018833, 58.723126 ], [ -135.991737, 58.73275 ], [ -136.086334, 58.810628 ], [ -136.013128, 58.85528 ], [ -136.060189, 58.854788 ], [ -136.053296, 58.918284 ], [ -136.126026, 58.959611 ], [ -136.111765, 58.976152 ], [ -136.161916, 58.973947 ], [ -136.1082, 58.914542 ], [ -136.137197, 58.903373 ], [ -136.10511, 58.863822 ], [ -136.152171, 58.796778 ], [ -136.151458, 58.754023 ], [ -136.234883, 58.750818 ], [ -136.401022, 58.82964 ], [ -136.488963, 58.83825 ], [ -136.530557, 58.947905 ], [ -136.558603, 58.959917 ], [ -136.590353, 58.907607 ], [ -136.711194, 59.001929 ], [ -136.622777, 58.903495 ], [ -136.670412, 58.893224 ], [ -136.713095, 58.919327 ], [ -136.875906, 58.963104 ], [ -137.042621, 59.065349 ], [ -137.070192, 59.050585 ], [ -137.04755, 59.022323 ], [ -137.008329, 59.017391 ], [ -136.917236, 58.935372 ], [ -137.046742, 58.915269 ], [ -137.133962, 58.837894 ], [ -137.100751, 58.833699 ], [ -136.999722, 58.902856 ], [ -136.8447, 58.881929 ], [ -136.817122, 58.840939 ], [ -136.799906, 58.876849 ], [ -136.745684, 58.876715 ], [ -136.560325, 58.831269 ], [ -136.488316, 58.794309 ], [ -136.585426, 58.762696 ], [ -136.523694, 58.722711 ], [ -136.509988, 58.757054 ], [ -136.350742, 58.6878 ], [ -136.534358, 58.600018 ], [ -136.468998, 58.587279 ], [ -136.413228, 58.622442 ], [ -136.358401, 58.596961 ], [ -136.387415, 58.626672 ], [ -136.345742, 58.647105 ], [ -136.308063, 58.623136 ], [ -136.330043, 58.664262 ], [ -136.313323, 58.670947 ], [ -136.208294, 58.615149 ], [ -136.197322, 58.597665 ], [ -136.228345, 58.602733 ], [ -136.218213, 58.578278 ], [ -136.196055, 58.586945 ], [ -136.203678, 58.568485 ], [ -136.15561, 58.563702 ], [ -136.099327, 58.512401 ], [ -136.102133, 58.476559 ], [ -136.072379, 58.467171 ], [ -136.086887, 58.445951 ], [ -136.038031, 58.382039 ], [ -136.106282, 58.344517 ], [ -136.28174, 58.314896 ], [ -136.304999, 58.334339 ], [ -136.276393, 58.36671 ], [ -136.382599, 58.373602 ], [ -136.358413, 58.330223 ], [ -136.369764, 58.3028 ], [ -136.510359, 58.307444 ], [ -136.48304, 58.283272 ], [ -136.596008, 58.35369 ], [ -136.636325, 58.329535 ], [ -136.586531, 58.298074 ], [ -136.567041, 58.244764 ], [ -136.595087, 58.216733 ], [ -136.67982, 58.209597 ], [ -136.730781, 58.266838 ], [ -136.678397, 58.272144 ], [ -136.676948, 58.297089 ], [ -136.791292, 58.291704 ], [ -136.770639, 58.329205 ], [ -136.806972, 58.350073 ], [ -136.822275, 58.308396 ], [ -136.867859, 58.310141 ], [ -136.844206, 58.368192 ], [ -136.900125, 58.341822 ], [ -136.893137, 58.385833 ], [ -137.008056, 58.409622 ], [ -137.093264, 58.38141 ], [ -137.667023, 58.614522 ], [ -137.687627, 58.664989 ], [ -137.938242, 58.790706 ], [ -137.923717, 58.841478 ], [ -137.943207, 58.880624 ], [ -138.207115, 59.02564 ], [ -138.610255, 59.12299 ], [ -138.886588, 59.236944 ], [ -139.321274, 59.346754 ], [ -139.857004, 59.534665 ], [ -139.841436, 59.558757 ], [ -139.731984, 59.546472 ], [ -139.753375, 59.556891 ], [ -139.715228, 59.563634 ], [ -139.702037, 59.583675 ], [ -139.712851, 59.618193 ], [ -139.674347, 59.613384 ], [ -139.676486, 59.5717 ], [ -139.637863, 59.568932 ], [ -139.655332, 59.575071 ], [ -139.582602, 59.607252 ], [ -139.605657, 59.614166 ], [ -139.586762, 59.64655 ], [ -139.481945, 59.695459 ], [ -139.582114, 59.774642 ], [ -139.635724, 59.873741 ], [ -139.627167, 59.902419 ], [ -139.533396, 59.936672 ], [ -139.489432, 59.992107 ], [ -139.535898, 60.043211 ], [ -139.605063, 59.999625 ], [ -139.612431, 59.94887 ], [ -139.708216, 59.924908 ], [ -139.762288, 59.883402 ], [ -139.780233, 59.826497 ], [ -140.314775, 59.69273 ], [ -140.874986, 59.738756 ], [ -141.423134, 59.877329 ], [ -141.457539, 59.890885 ], [ -141.483684, 59.913412 ], [ -141.439951, 59.914365 ], [ -141.460391, 59.903759 ], [ -141.442327, 59.887785 ], [ -141.381957, 59.928779 ], [ -141.288311, 59.932828 ], [ -141.289975, 59.972577 ], [ -141.259314, 59.998377 ], [ -141.328479, 60.058221 ], [ -141.155686, 60.121154 ], [ -141.141425, 60.151688 ], [ -141.16852, 60.17522 ], [ -141.184683, 60.125179 ], [ -141.343829, 60.083803 ], [ -141.375613, 60.110713 ], [ -141.380055, 60.158903 ], [ -141.438525, 60.132518 ], [ -141.549283, 60.170255 ], [ -141.52813, 60.12731 ], [ -141.368138, 60.024009 ], [ -141.595376, 59.961905 ], [ -141.73624, 59.961905 ], [ -141.991843, 60.018812 ], [ -142.698419, 60.093333 ], [ -143.622801, 60.039116 ], [ -143.881159, 59.986609 ], [ -144.010457, 60.017149 ], [ -144.255267, 60.0238 ], [ -144.041593, 60.043507 ], [ -144.1103, 60.098939 ], [ -144.278084, 60.135359 ], [ -144.31231, 60.163515 ], [ -144.233876, 60.181012 ], [ -144.477022, 60.165289 ], [ -144.929327, 60.228253 ], [ -144.731815, 60.263994 ], [ -144.951193, 60.284736 ], [ -144.966642, 60.306289 ], [ -144.807159, 60.461919 ], [ -145.053158, 60.400373 ], [ -145.125056, 60.296662 ], [ -145.219415, 60.301491 ], [ -145.496787, 60.390099 ], [ -145.49441, 60.417508 ], [ -145.595424, 60.447005 ], [ -145.755739, 60.464644 ], [ -145.87755, 60.445188 ], [ -145.963471, 60.466928 ], [ -145.756803, 60.538381 ], [ -145.77107, 60.545096 ], [ -145.62763, 60.665953 ], [ -145.833415, 60.61467 ], [ -145.902744, 60.613571 ], [ -145.812663, 60.641084 ], [ -145.898941, 60.627505 ], [ -145.874817, 60.64924 ], [ -145.902625, 60.652094 ], [ -145.84454, 60.690169 ], [ -145.898347, 60.674219 ], [ -145.937445, 60.625174 ], [ -146.010056, 60.617536 ], [ -145.963115, 60.660684 ], [ -145.978564, 60.668835 ], [ -145.911538, 60.696647 ], [ -145.929602, 60.701186 ], [ -146.148624, 60.632081 ], [ -146.25838, 60.626288 ], [ -146.264136, 60.653346 ], [ -146.057355, 60.736932 ], [ -146.087651, 60.735164 ], [ -146.073279, 60.748606 ], [ -146.022891, 60.745761 ], [ -146.061475, 60.757205 ], [ -146.050106, 60.789346 ], [ -146.12694, 60.732905 ], [ -146.202356, 60.735584 ], [ -146.176397, 60.758899 ], [ -146.255575, 60.713508 ], [ -146.316544, 60.721883 ], [ -146.274238, 60.776874 ], [ -146.319753, 60.766777 ], [ -146.401374, 60.693487 ], [ -146.494712, 60.669458 ], [ -146.527878, 60.690116 ], [ -146.665102, 60.693508 ], [ -146.655357, 60.706768 ], [ -146.700991, 60.743438 ], [ -146.62636, 60.718744 ], [ -146.626835, 60.748839 ], [ -146.597125, 60.76045 ], [ -146.575497, 60.729902 ], [ -146.535923, 60.748606 ], [ -146.521662, 60.734027 ], [ -146.500152, 60.742566 ], [ -146.551847, 60.770201 ], [ -146.444416, 60.767822 ], [ -146.193545, 60.818505 ], [ -146.25142, 60.818273 ], [ -146.245595, 60.841888 ], [ -146.091937, 60.83652 ], [ -146.196279, 60.876164 ], [ -146.247023, 60.858576 ], [ -146.22278, 60.872752 ], [ -146.241319, 60.881023 ], [ -146.35386, 60.817635 ], [ -146.415419, 60.814332 ], [ -146.392008, 60.842079 ], [ -146.447268, 60.812478 ], [ -146.558502, 60.808247 ], [ -146.580131, 60.821923 ], [ -146.553868, 60.8393 ], [ -146.578111, 60.854873 ], [ -146.635035, 60.817867 ], [ -146.614951, 60.867256 ], [ -146.635748, 60.887036 ], [ -146.662012, 60.861933 ], [ -146.7042, 60.873099 ], [ -146.697426, 60.892529 ], [ -146.763382, 60.948439 ], [ -146.741516, 60.960267 ], [ -146.702299, 60.930891 ], [ -146.599265, 60.922576 ], [ -146.610554, 60.947574 ], [ -146.720125, 60.96667 ], [ -146.667122, 61.035057 ], [ -146.561236, 61.019802 ], [ -146.654299, 61.049152 ], [ -146.657021, 61.067786 ], [ -146.61103, 61.085317 ], [ -146.233973, 61.086966 ], [ -146.239565, 61.109832 ], [ -146.290232, 61.127947 ], [ -146.58441, 61.115469 ], [ -146.571218, 61.136357 ], [ -146.606751, 61.142036 ], [ -146.591778, 61.131194 ], [ -146.696119, 61.055998 ], [ -146.767185, 61.043688 ], [ -146.795386, 61.068367 ], [ -146.80386, 61.040184 ], [ -146.785996, 61.041505 ], [ -146.86713, 60.970303 ], [ -146.978364, 60.929967 ], [ -147.051503, 60.944441 ], [ -146.970045, 60.97026 ], [ -146.996834, 61.005676 ], [ -146.990248, 61.036323 ], [ -147.062027, 61.118626 ], [ -146.997259, 61.145076 ], [ -147.086864, 61.155283 ], [ -147.127864, 61.132915 ], [ -147.095302, 61.112713 ], [ -147.132499, 61.089166 ], [ -147.084844, 61.02602 ], [ -147.148661, 60.976127 ], [ -147.13856, 60.94111 ], [ -147.216162, 60.947805 ], [ -147.222104, 61.008227 ], [ -147.282356, 60.97457 ], [ -147.255617, 60.947862 ], [ -147.25942, 60.917377 ], [ -147.33215, 60.929967 ], [ -147.303153, 60.906169 ], [ -147.383132, 60.871363 ], [ -147.369585, 60.88403 ], [ -147.388718, 60.899118 ], [ -147.453248, 60.894899 ], [ -147.402741, 60.922287 ], [ -147.456219, 60.921767 ], [ -147.391332, 60.96592 ], [ -147.451822, 60.94059 ], [ -147.472126, 60.956764 ], [ -147.456219, 60.990769 ], [ -147.408445, 61.011394 ], [ -147.47761, 60.984429 ], [ -147.509221, 60.92581 ], [ -147.492821, 60.907556 ], [ -147.552004, 60.90091 ], [ -147.531444, 60.9317 ], [ -147.55034, 60.979356 ], [ -147.520987, 61.012086 ], [ -147.544754, 61.01652 ], [ -147.523007, 61.035747 ], [ -147.542378, 61.050822 ], [ -147.4807, 61.069684 ], [ -147.511598, 61.078938 ], [ -147.543804, 61.135669 ], [ -147.516827, 61.143814 ], [ -147.54832, 61.149721 ], [ -147.571256, 61.130103 ], [ -147.551766, 61.092613 ], [ -147.602629, 61.029474 ], [ -147.583972, 61.019629 ], [ -147.595618, 61.000853 ], [ -147.625209, 60.964421 ], [ -147.67322, 60.958825 ], [ -147.594667, 60.954556 ], [ -147.613919, 60.918013 ], [ -147.599421, 60.894205 ], [ -147.641134, 60.893801 ], [ -147.590627, 60.882989 ], [ -147.600372, 60.850126 ], [ -147.673102, 60.842073 ], [ -147.682371, 60.871074 ], [ -147.660258, 60.892329 ], [ -147.73882, 60.889349 ], [ -147.719449, 60.897095 ], [ -147.733353, 60.939782 ], [ -147.760997, 60.912879 ], [ -147.809411, 60.916453 ], [ -147.765649, 60.902372 ], [ -147.813333, 60.868182 ], [ -147.750212, 60.852141 ], [ -147.732521, 60.815665 ], [ -147.831679, 60.81604 ], [ -147.810443, 60.849461 ], [ -147.878177, 60.827772 ], [ -147.916679, 60.887789 ], [ -147.948936, 60.895937 ], [ -147.930843, 60.875714 ], [ -147.949521, 60.848813 ], [ -147.919525, 60.811019 ], [ -147.961451, 60.802774 ], [ -147.981106, 60.825078 ], [ -147.990667, 60.791984 ], [ -148.033891, 60.78213 ], [ -148.144355, 60.797089 ], [ -148.104006, 60.911808 ], [ -147.951178, 61.011371 ], [ -147.908871, 61.066958 ], [ -147.949039, 61.071672 ], [ -147.763501, 61.185476 ], [ -147.620566, 61.228903 ], [ -147.763415, 61.205887 ], [ -147.697098, 61.263433 ], [ -147.730611, 61.27383 ], [ -147.992772, 61.095692 ], [ -148.001091, 61.054077 ], [ -148.067435, 61.004068 ], [ -148.121119, 61.043953 ], [ -148.153206, 61.099827 ], [ -148.141084, 61.126236 ], [ -148.195513, 61.084546 ], [ -148.408949, 61.051086 ], [ -148.357549, 61.035079 ], [ -148.441274, 60.983714 ], [ -148.432004, 60.971491 ], [ -148.286896, 61.046939 ], [ -148.164852, 61.070178 ], [ -148.192423, 60.969184 ], [ -148.239246, 60.958686 ], [ -148.245426, 60.936064 ], [ -148.318393, 60.953494 ], [ -148.265391, 60.91435 ], [ -148.310074, 60.866712 ], [ -148.290109, 60.863125 ], [ -148.306272, 60.834991 ], [ -148.373297, 60.858842 ], [ -148.401581, 60.845529 ], [ -148.3397, 60.806871 ], [ -148.513528, 60.835802 ], [ -148.718408, 60.786074 ], [ -148.45242, 60.799802 ], [ -148.587684, 60.766347 ], [ -148.669922, 60.719186 ], [ -148.682281, 60.683478 ], [ -148.621252, 60.720797 ], [ -148.65162, 60.683595 ], [ -148.71104, 60.664038 ], [ -148.679904, 60.668113 ], [ -148.687035, 60.646566 ], [ -148.523999, 60.764155 ], [ -148.362126, 60.766347 ], [ -148.362958, 60.739058 ], [ -148.401819, 60.714129 ], [ -148.381378, 60.682373 ], [ -148.449355, 60.65175 ], [ -148.422497, 60.638176 ], [ -148.430103, 60.614976 ], [ -148.351787, 60.655943 ], [ -148.349886, 60.690518 ], [ -148.269523, 60.757389 ], [ -148.155701, 60.758976 ], [ -148.103412, 60.737083 ], [ -148.089745, 60.661184 ], [ -148.125754, 60.639749 ], [ -148.168701, 60.630891 ], [ -148.184996, 60.665652 ], [ -148.245563, 60.692112 ], [ -148.190343, 60.607564 ], [ -148.296764, 60.567592 ], [ -148.32386, 60.525051 ], [ -148.408487, 60.545825 ], [ -148.440798, 60.563446 ], [ -148.42939, 60.577402 ], [ -148.498554, 60.569695 ], [ -148.715913, 60.459552 ], [ -148.668139, 60.446542 ], [ -148.447683, 60.545494 ], [ -148.438422, 60.516103 ], [ -148.367474, 60.511775 ], [ -148.397065, 60.491996 ], [ -148.326712, 60.498376 ], [ -148.358799, 60.4749 ], [ -148.266223, 60.487781 ], [ -148.282266, 60.431181 ], [ -148.242692, 60.44537 ], [ -148.230927, 60.469336 ], [ -148.252318, 60.507738 ], [ -148.191116, 60.560292 ], [ -148.183629, 60.50569 ], [ -148.157128, 60.498317 ], [ -148.169487, 60.541712 ], [ -148.147264, 60.582422 ], [ -148.082406, 60.595654 ], [ -148.070612, 60.561752 ], [ -148.036267, 60.560409 ], [ -148.078693, 60.545803 ], [ -148.093073, 60.520724 ], [ -148.003943, 60.538439 ], [ -148.012856, 60.517039 ], [ -147.960091, 60.50136 ], [ -148.009647, 60.46172 ], [ -147.987068, 60.460431 ], [ -147.999189, 60.442673 ], [ -147.955575, 60.462833 ], [ -147.936204, 60.437455 ], [ -147.959259, 60.418218 ], [ -148.098205, 60.371648 ], [ -148.153206, 60.390691 ], [ -148.12771, 60.352613 ], [ -148.219518, 60.345272 ], [ -148.209298, 60.300319 ], [ -148.327069, 60.261553 ], [ -148.315898, 60.244984 ], [ -148.340141, 60.245574 ], [ -148.345132, 60.286479 ], [ -148.407404, 60.273164 ], [ -148.339428, 60.235428 ], [ -148.45494, 60.178447 ], [ -148.350599, 60.195404 ], [ -148.275752, 60.24927 ], [ -148.215003, 60.260551 ], [ -148.183035, 60.247461 ], [ -148.295101, 60.208573 ], [ -148.187669, 60.21371 ], [ -148.214765, 60.146399 ], [ -148.169962, 60.173482 ], [ -148.141322, 60.239557 ], [ -148.086774, 60.214182 ], [ -148.132052, 60.184474 ], [ -148.117792, 60.131074 ], [ -148.088913, 60.139714 ], [ -148.082377, 60.191682 ], [ -148.042804, 60.19688 ], [ -148.150439, 60.035343 ], [ -148.230299, 60.012483 ], [ -148.316121, 60.028095 ], [ -148.191795, 60.035284 ], [ -148.306, 60.052552 ], [ -148.18312, 60.070464 ], [ -148.292452, 60.088721 ], [ -148.303861, 60.118042 ], [ -148.280093, 60.16561 ], [ -148.334284, 60.176014 ], [ -148.386692, 60.108863 ], [ -148.365658, 60.086528 ], [ -148.40131, 60.030713 ], [ -148.447776, 60.027567 ], [ -148.397756, 60.009607 ], [ -148.444567, 59.942617 ], [ -148.493886, 59.981463 ], [ -148.474158, 60.003691 ], [ -148.511593, 60.002087 ], [ -148.546057, 60.032078 ], [ -148.555207, 59.955412 ], [ -148.634777, 59.915747 ], [ -148.757591, 59.958685 ], [ -148.859556, 59.924398 ], [ -148.918382, 59.971176 ], [ -149.018207, 59.948867 ], [ -149.032706, 59.966834 ], [ -149.124807, 59.964752 ], [ -149.037439, 60.04053 ], [ -149.070738, 60.055401 ], [ -149.20847, 60.006543 ], [ -149.202409, 59.988716 ], [ -149.228197, 59.980274 ], [ -149.2074, 59.978966 ], [ -149.248044, 59.948093 ], [ -149.217145, 59.941784 ], [ -149.273475, 59.914153 ], [ -149.234734, 59.909387 ], [ -149.286191, 59.867235 ], [ -149.303661, 59.923684 ], [ -149.28524, 59.965585 ], [ -149.323745, 59.987883 ], [ -149.288449, 60.012721 ], [ -149.335272, 60.007137 ], [ -149.361773, 60.115318 ], [ -149.424283, 60.122837 ], [ -149.444961, 60.033859 ], [ -149.386492, 59.983841 ], [ -149.430463, 59.978966 ], [ -149.464213, 59.918561 ], [ -149.50759, 59.931246 ], [ -149.563563, 59.905156 ], [ -149.555126, 59.878449 ], [ -149.584242, 59.87493 ], [ -149.572714, 59.852317 ], [ -149.626192, 59.81816 ], [ -149.596007, 59.807404 ], [ -149.589827, 59.766918 ], [ -149.561543, 59.779482 ], [ -149.534566, 59.777687 ], [ -149.565703, 59.751057 ], [ -149.538698, 59.744462 ], [ -149.545975, 59.729977 ], [ -149.51163, 59.735967 ], [ -149.525059, 59.705108 ], [ -149.552155, 59.714579 ], [ -149.542885, 59.727641 ], [ -149.585549, 59.719612 ], [ -149.581271, 59.746507 ], [ -149.640928, 59.737944 ], [ -149.573427, 59.758659 ], [ -149.610862, 59.764524 ], [ -149.60183, 59.786479 ], [ -149.653517, 59.773814 ], [ -149.60801, 59.799275 ], [ -149.658516, 59.793177 ], [ -149.645325, 59.807703 ], [ -149.669687, 59.812543 ], [ -149.64485, 59.816965 ], [ -149.670995, 59.826045 ], [ -149.637363, 59.831421 ], [ -149.668974, 59.847602 ], [ -149.616447, 59.878688 ], [ -149.668737, 59.869442 ], [ -149.637838, 59.896336 ], [ -149.692148, 59.95208 ], [ -149.741348, 59.947557 ], [ -149.716911, 59.883524 ], [ -149.752994, 59.864073 ], [ -149.748716, 59.823477 ], [ -149.872191, 59.853511 ], [ -149.760243, 59.793177 ], [ -149.789121, 59.784745 ], [ -149.730296, 59.719732 ], [ -149.75038, 59.695695 ], [ -149.72471, 59.693356 ], [ -149.764165, 59.689338 ], [ -149.739922, 59.638559 ], [ -149.781278, 59.65033 ], [ -149.766185, 59.664198 ], [ -149.794707, 59.657535 ], [ -149.781516, 59.67914 ], [ -149.810513, 59.67812 ], [ -149.794826, 59.687118 ], [ -149.825724, 59.683999 ], [ -149.766304, 59.705288 ], [ -149.829765, 59.701451 ], [ -149.811582, 59.717515 ], [ -149.840104, 59.714818 ], [ -149.845689, 59.739381 ], [ -149.886689, 59.740339 ], [ -149.908556, 59.76973 ], [ -149.970709, 59.770448 ], [ -150.015987, 59.801606 ], [ -150.051045, 59.791383 ], [ -150.041537, 59.8181 ], [ -150.079447, 59.844259 ], [ -150.060195, 59.807822 ], [ -150.077902, 59.762071 ], [ -150.0413, 59.777328 ], [ -149.967975, 59.751057 ], [ -149.976888, 59.719672 ], [ -149.92555, 59.729798 ], [ -149.921153, 59.691137 ], [ -149.947654, 59.655554 ], [ -150.010996, 59.662157 ], [ -149.996616, 59.6397 ], [ -150.034407, 59.612539 ], [ -150.057581, 59.661857 ], [ -150.134114, 59.693776 ], [ -150.086934, 59.65045 ], [ -150.099769, 59.611277 ], [ -150.11403, 59.602378 ], [ -150.140056, 59.622997 ], [ -150.164893, 59.619391 ], [ -150.083369, 59.578016 ], [ -150.161803, 59.560199 ], [ -150.179629, 59.584454 ], [ -150.212786, 59.578437 ], [ -150.177134, 59.53442 ], [ -150.265432, 59.533456 ], [ -150.234296, 59.499394 ], [ -150.29633, 59.49668 ], [ -150.287892, 59.477733 ], [ -150.313681, 59.484311 ], [ -150.329249, 59.450321 ], [ -150.28504, 59.459924 ], [ -150.307857, 59.441621 ], [ -150.295379, 59.416659 ], [ -150.331031, 59.441561 ], [ -150.348978, 59.415294 ], [ -150.370367, 59.424699 ], [ -150.358008, 59.435881 ], [ -150.39259, 59.430079 ], [ -150.376003, 59.407219 ], [ -150.392828, 59.384718 ], [ -150.433828, 59.396699 ], [ -150.404474, 59.407043 ], [ -150.426645, 59.415039 ], [ -150.398651, 59.422946 ], [ -150.418854, 59.436364 ], [ -150.392828, 59.432194 ], [ -150.402601, 59.44574 ], [ -150.344698, 59.438419 ], [ -150.351234, 59.461554 ], [ -150.403354, 59.462432 ], [ -150.340895, 59.480208 ], [ -150.378805, 59.498791 ], [ -150.331507, 59.501867 ], [ -150.368585, 59.519353 ], [ -150.289794, 59.579941 ], [ -150.317721, 59.592094 ], [ -150.26353, 59.628766 ], [ -150.284921, 59.640661 ], [ -150.225383, 59.704988 ], [ -150.223481, 59.74489 ], [ -150.319385, 59.62492 ], [ -150.411129, 59.557851 ], [ -150.478742, 59.458498 ], [ -150.523195, 59.48057 ], [ -150.477561, 59.510611 ], [ -150.532821, 59.495956 ], [ -150.562412, 59.511154 ], [ -150.51963, 59.520317 ], [ -150.57085, 59.530443 ], [ -150.491465, 59.579821 ], [ -150.521175, 59.606407 ], [ -150.561343, 59.59444 ], [ -150.605314, 59.537372 ], [ -150.664377, 59.541469 ], [ -150.58012, 59.492215 ], [ -150.580833, 59.468196 ], [ -150.658673, 59.470188 ], [ -150.581182, 59.445233 ], [ -150.652612, 59.415691 ], [ -150.700859, 59.432951 ], [ -150.737939, 59.423974 ], [ -150.770501, 59.375154 ], [ -150.952168, 59.30731 ], [ -150.911092, 59.300245 ], [ -150.889402, 59.267231 ], [ -150.938065, 59.233957 ], [ -150.9919, 59.231343 ], [ -150.964804, 59.196672 ], [ -151.021134, 59.220216 ], [ -151.005091, 59.225263 ], [ -151.021847, 59.249212 ], [ -150.976213, 59.257293 ], [ -151.001407, 59.265736 ], [ -150.974668, 59.278306 ], [ -151.03243, 59.275762 ], [ -151.027195, 59.324779 ], [ -151.091532, 59.269187 ], [ -151.313005, 59.310316 ], [ -151.102064, 59.254863 ], [ -151.096835, 59.22429 ], [ -151.123455, 59.211518 ], [ -151.217481, 59.222589 ], [ -151.249901, 59.202149 ], [ -151.301596, 59.241555 ], [ -151.287063, 59.224789 ], [ -151.303498, 59.209572 ], [ -151.414494, 59.258508 ], [ -151.445019, 59.234627 ], [ -151.556033, 59.229033 ], [ -151.469415, 59.203285 ], [ -151.633397, 59.18736 ], [ -151.572432, 59.173965 ], [ -151.592279, 59.162149 ], [ -151.7442, 59.157425 ], [ -151.764792, 59.177253 ], [ -151.75853, 59.215743 ], [ -151.720863, 59.206408 ], [ -151.704226, 59.223804 ], [ -151.758536, 59.224777 ], [ -151.824594, 59.203138 ], [ -151.918138, 59.22879 ], [ -151.885457, 59.249942 ], [ -151.977073, 59.255619 ], [ -151.991419, 59.312691 ], [ -151.920158, 59.360501 ], [ -151.835425, 59.353747 ], [ -151.776934, 59.319255 ], [ -151.760317, 59.324055 ], [ -151.908015, 59.395274 ], [ -151.887833, 59.42479 ], [ -151.742373, 59.453643 ], [ -151.742492, 59.427692 ], [ -151.685212, 59.394854 ], [ -151.720982, 59.451952 ], [ -151.65158, 59.484915 ], [ -151.433628, 59.461011 ], [ -151.472845, 59.495654 ], [ -151.440283, 59.542192 ], [ -151.269391, 59.571456 ], [ -151.274795, 59.596986 ], [ -151.164259, 59.587013 ], [ -151.200701, 59.644685 ], [ -151.111096, 59.668099 ], [ -151.113711, 59.697853 ], [ -151.045021, 59.724346 ], [ -151.050963, 59.747824 ], [ -150.927312, 59.793431 ], [ -151.089705, 59.786479 ], [ -151.491384, 59.634954 ], [ -151.415088, 59.599251 ], [ -151.679864, 59.659696 ], [ -151.823185, 59.718354 ], [ -151.871434, 59.770329 ], [ -151.751405, 59.923028 ], [ -151.702898, 60.032253 ], [ -151.421702, 60.212931 ], [ -151.388468, 60.269147 ], [ -151.377281, 60.365522 ], [ -151.296249, 60.392326 ], [ -151.263924, 60.546845 ], [ -151.336654, 60.587607 ], [ -151.40927, 60.720558 ], [ -151.279635, 60.747676 ], [ -151.245861, 60.776377 ], [ -151.035989, 60.793083 ], [ -150.687313, 60.955389 ], [ -150.377171, 61.039144 ], [ -150.194128, 60.90134 ], [ -150.022523, 60.884113 ], [ -150.008262, 60.8619 ], [ -149.872191, 60.96035 ], [ -149.767136, 60.968195 ], [ -149.645919, 60.923843 ], [ -149.56583, 60.935413 ], [ -149.430819, 60.902033 ], [ -149.115062, 60.877578 ], [ -149.004897, 60.83168 ], [ -149.077865, 60.903941 ], [ -149.187435, 60.943617 ], [ -149.355475, 60.925315 ], [ -149.502836, 60.985261 ], [ -149.608315, 60.984494 ], [ -150.074575, 61.156282 ], [ -150.019552, 61.203717 ], [ -149.902376, 61.2214 ], [ -149.81182, 61.315203 ], [ -149.720194, 61.334193 ], [ -149.702386, 61.382096 ], [ -149.530499, 61.402101 ], [ -149.415219, 61.457651 ], [ -149.28273, 61.474674 ], [ -149.401096, 61.517455 ], [ -149.614886, 61.494719 ], [ -149.757391, 61.446808 ], [ -149.811701, 61.398431 ], [ -149.885619, 61.379765 ], [ -149.916399, 61.331456 ], [ -149.917231, 61.26748 ], [ -149.985874, 61.237515 ], [ -150.204894, 61.259548 ], [ -150.468812, 61.244627 ], [ -150.551717, 61.294719 ], [ -150.611137, 61.276905 ], [ -150.655939, 61.293634 ], [ -150.707516, 61.254223 ], [ -151.02565, 61.175368 ], [ -151.164693, 61.04682 ], [ -151.349608, 61.010268 ], [ -151.493523, 61.011074 ], [ -151.713913, 60.916546 ], [ -151.800248, 60.854782 ], [ -151.710444, 60.712657 ], [ -151.847133, 60.749637 ], [ -151.962992, 60.719553 ], [ -152.098048, 60.643072 ], [ -152.083328, 60.633154 ], [ -152.100475, 60.600512 ], [ -152.309121, 60.507202 ], [ -152.332532, 60.470439 ], [ -152.322431, 60.429178 ], [ -152.236451, 60.394568 ], [ -152.371987, 60.351436 ], [ -152.407996, 60.292124 ], [ -152.501047, 60.268911 ], [ -152.557615, 60.222319 ], [ -152.626905, 60.219422 ], [ -152.670403, 60.24432 ], [ -152.73944, 60.223381 ], [ -152.885019, 60.24232 ], [ -152.678356, 60.166142 ], [ -152.686373, 60.137717 ], [ -152.573008, 60.078458 ], [ -152.600041, 60.016938 ], [ -152.677287, 59.968797 ], [ -152.698797, 59.920408 ], [ -152.816924, 59.876481 ], [ -153.00885, 59.886201 ], [ -153.19733, 59.857868 ], [ -153.23524, 59.827539 ], [ -153.146229, 59.807523 ], [ -153.021447, 59.834467 ], [ -152.99138, 59.810512 ], [ -153.048981, 59.695648 ], [ -153.220147, 59.635435 ], [ -153.249144, 59.633032 ], [ -153.291332, 59.67074 ], [ -153.319616, 59.664018 ], [ -153.302028, 59.637177 ], [ -153.316051, 59.625762 ], [ -153.426334, 59.642283 ], [ -153.389019, 59.664438 ], [ -153.381355, 59.715053 ], [ -153.336491, 59.72141 ], [ -153.453192, 59.772901 ], [ -153.444517, 59.698273 ], [ -153.477317, 59.643844 ], [ -153.561218, 59.623358 ], [ -153.611725, 59.67446 ], [ -153.599722, 59.697134 ], [ -153.630026, 59.684719 ], [ -153.630026, 59.643123 ], [ -153.704063, 59.636516 ], [ -153.620875, 59.630749 ], [ -153.555751, 59.596605 ], [ -153.593067, 59.551106 ], [ -153.767405, 59.539059 ], [ -153.703469, 59.466505 ], [ -153.741379, 59.449052 ], [ -153.727546, 59.435346 ], [ -153.896227, 59.419138 ], [ -153.948754, 59.384294 ], [ -153.97989, 59.398938 ], [ -154.016255, 59.374791 ], [ -154.045371, 59.38962 ], [ -154.1408, 59.370977 ], [ -154.096354, 59.344084 ], [ -153.991299, 59.355716 ], [ -153.988922, 59.372006 ], [ -153.944595, 59.36147 ], [ -154.110971, 59.302733 ], [ -154.144484, 59.226145 ], [ -154.126777, 59.197311 ], [ -154.2657, 59.140364 ], [ -154.253697, 59.115362 ], [ -154.174431, 59.120974 ], [ -154.168608, 59.101573 ], [ -154.19713, 59.09077 ], [ -154.16645, 59.091871 ], [ -154.200814, 59.062005 ], [ -154.181205, 59.06903 ], [ -154.192495, 59.046483 ], [ -154.160884, 59.02074 ], [ -154.063554, 59.072665 ], [ -153.853683, 59.054337 ], [ -153.710124, 59.085428 ], [ -153.60911, 59.00627 ], [ -153.404943, 58.973086 ], [ -153.375471, 58.931592 ], [ -153.326152, 58.922268 ], [ -153.321874, 58.883599 ], [ -153.286222, 58.874693 ], [ -153.341126, 58.866522 ], [ -153.251046, 58.851202 ], [ -153.353191, 58.842889 ], [ -153.427555, 58.720793 ], [ -153.556226, 58.685775 ], [ -153.59268, 58.633793 ], [ -153.897155, 58.606237 ], [ -153.904546, 58.582846 ], [ -153.879243, 58.575025 ], [ -153.922627, 58.524922 ], [ -153.956896, 58.528072 ], [ -153.91168, 58.515071 ], [ -153.93312, 58.494924 ], [ -154.077812, 58.476051 ], [ -154.079971, 58.431949 ], [ -153.987602, 58.392224 ], [ -154.001132, 58.376431 ], [ -154.09606, 58.344022 ], [ -154.198373, 58.354799 ], [ -154.176976, 58.335751 ], [ -154.352699, 58.285409 ], [ -154.285718, 58.260298 ], [ -154.254345, 58.272561 ], [ -154.260901, 58.293872 ], [ -154.206946, 58.289719 ], [ -154.180948, 58.320458 ], [ -154.105709, 58.277077 ], [ -154.230892, 58.259546 ], [ -154.152846, 58.2337 ], [ -154.146484, 58.211604 ], [ -154.22268, 58.184134 ], [ -154.283214, 58.199806 ], [ -154.261493, 58.17841 ], [ -154.299509, 58.194717 ], [ -154.212843, 58.134916 ], [ -154.272257, 58.128841 ], [ -154.33838, 58.157139 ], [ -154.318084, 58.083153 ], [ -154.374195, 58.09499 ], [ -154.435561, 58.14725 ], [ -154.435109, 58.173931 ], [ -154.484471, 58.192239 ], [ -154.457087, 58.149124 ], [ -154.462754, 58.080264 ], [ -154.614311, 58.11798 ], [ -154.538117, 58.068331 ], [ -154.568431, 58.023763 ], [ -154.641115, 58.031628 ], [ -154.643255, 58.057856 ], [ -154.670776, 58.062846 ], [ -154.722404, 58.050705 ], [ -154.72829, 58.016038 ], [ -154.76972, 58.002255 ], [ -154.879487, 58.024582 ], [ -155.028948, 57.999977 ], [ -155.042913, 57.953837 ], [ -155.116713, 57.945955 ], [ -155.063538, 57.90403 ], [ -155.084054, 57.873731 ], [ -155.198499, 57.852147 ], [ -155.203619, 57.871169 ], [ -155.248968, 57.869926 ], [ -155.217487, 57.837254 ], [ -155.338881, 57.825489 ], [ -155.326227, 57.796672 ], [ -155.287157, 57.80073 ], [ -155.365224, 57.787492 ], [ -155.286297, 57.756687 ], [ -155.30139, 57.724781 ], [ -155.381412, 57.711915 ], [ -155.42118, 57.745907 ], [ -155.597615, 57.785143 ], [ -155.635656, 57.70565 ], [ -155.585101, 57.688625 ], [ -155.588082, 57.664278 ], [ -155.77768, 57.638513 ], [ -155.726706, 57.615312 ], [ -155.731471, 57.5443 ], [ -155.79719, 57.544747 ], [ -155.826543, 57.576747 ], [ -155.933737, 57.53384 ], [ -156.033206, 57.568272 ], [ -156.026194, 57.521462 ], [ -156.045565, 57.498034 ], [ -156.013263, 57.450845 ], [ -156.023342, 57.433866 ], [ -156.107599, 57.439175 ], [ -156.130298, 57.468137 ], [ -156.19574, 57.480059 ], [ -156.213248, 57.438024 ], [ -156.327928, 57.422926 ], [ -156.495255, 57.316745 ], [ -156.488006, 57.330989 ], [ -156.533544, 57.328527 ], [ -156.534234, 57.282525 ], [ -156.328523, 57.317644 ], [ -156.343378, 57.303074 ], [ -156.315094, 57.2937 ], [ -156.337554, 57.249945 ], [ -156.403748, 57.223062 ], [ -156.317827, 57.187274 ], [ -156.410166, 57.121851 ], [ -156.465664, 57.124883 ], [ -156.427873, 57.102621 ], [ -156.448907, 57.101266 ], [ -156.440826, 57.082542 ], [ -156.514864, 57.048169 ], [ -156.610886, 57.049009 ], [ -156.553368, 57.00807 ], [ -156.558002, 56.977028 ], [ -156.671376, 56.996064 ], [ -156.715644, 57.03776 ], [ -156.774469, 57.033687 ], [ -156.747136, 56.998362 ], [ -156.787898, 56.966049 ], [ -156.806419, 56.90495 ], [ -156.840188, 56.901014 ], [ -156.886298, 56.964041 ], [ -156.923613, 56.962486 ], [ -156.933824, 56.91765 ], [ -157.027123, 56.891343 ], [ -157.085592, 56.819284 ], [ -157.148102, 56.829039 ], [ -157.143586, 56.785254 ], [ -157.200748, 56.764351 ], [ -157.383167, 56.862056 ], [ -157.436932, 56.858522 ], [ -157.467146, 56.819273 ], [ -157.42112, 56.801691 ], [ -157.401587, 56.762853 ], [ -157.509731, 56.764807 ], [ -157.561783, 56.706011 ], [ -157.543957, 56.675403 ], [ -157.4761, 56.669723 ], [ -157.450074, 56.641242 ], [ -157.46683, 56.622809 ], [ -157.677771, 56.608161 ], [ -157.763698, 56.679247 ], [ -157.841057, 56.64379 ], [ -157.918541, 56.643137 ], [ -157.984616, 56.597237 ], [ -158.027398, 56.602602 ], [ -158.13376, 56.540276 ], [ -157.839987, 56.566606 ], [ -157.815982, 56.514254 ], [ -157.863042, 56.472859 ], [ -158.135423, 56.522122 ], [ -158.154319, 56.507435 ], [ -158.11427, 56.489658 ], [ -158.130082, 56.460939 ], [ -158.32628, 56.483097 ], [ -158.405309, 56.453687 ], [ -158.505372, 56.377826 ], [ -158.495389, 56.334305 ], [ -158.397337, 56.328921 ], [ -158.401744, 56.295021 ], [ -158.331271, 56.324817 ], [ -158.195794, 56.285986 ], [ -158.310712, 56.236416 ], [ -158.404358, 56.24203 ], [ -158.378451, 56.227234 ], [ -158.399129, 56.203775 ], [ -158.297996, 56.212103 ], [ -158.338521, 56.180499 ], [ -158.310712, 56.17911 ], [ -158.17493, 56.236227 ], [ -158.114508, 56.239322 ], [ -158.186287, 56.192073 ], [ -158.348266, 56.154231 ], [ -158.348741, 56.124369 ], [ -158.37548, 56.133442 ], [ -158.385409, 56.187946 ], [ -158.407038, 56.125732 ], [ -158.44269, 56.138249 ], [ -158.394425, 56.090078 ], [ -158.400264, 56.061892 ], [ -158.449583, 56.118379 ], [ -158.491771, 56.113278 ], [ -158.50116, 56.09419 ], [ -158.460279, 56.068726 ], [ -158.493554, 56.048753 ], [ -158.452316, 56.026911 ], [ -158.458139, 56.054991 ], [ -158.409653, 56.043775 ], [ -158.431401, 55.992762 ], [ -158.503893, 56.037867 ], [ -158.507696, 55.978868 ], [ -158.554043, 56.021465 ], [ -158.492484, 56.070318 ], [ -158.598367, 56.048822 ], [ -158.548339, 56.080664 ], [ -158.593617, 56.082057 ], [ -158.5954, 56.109699 ], [ -158.542278, 56.114006 ], [ -158.557727, 56.134078 ], [ -158.537287, 56.157381 ], [ -158.487374, 56.15983 ], [ -158.521362, 56.188078 ], [ -158.455168, 56.190128 ], [ -158.621901, 56.201963 ], [ -158.55024, 56.171608 ], [ -158.636518, 56.113211 ], [ -158.664564, 56.119241 ], [ -158.649353, 56.147783 ], [ -158.724103, 56.155793 ], [ -158.671932, 56.140633 ], [ -158.69677, 56.10632 ], [ -158.648402, 56.088621 ], [ -158.66504, 56.055058 ], [ -158.725529, 56.04935 ], [ -158.639964, 56.019738 ], [ -158.639608, 55.984453 ], [ -158.693442, 55.982325 ], [ -158.65375, 55.963173 ], [ -158.667892, 55.950732 ], [ -158.750723, 55.961044 ], [ -158.714239, 55.978403 ], [ -158.73266, 56.015155 ], [ -158.77152, 56.019273 ], [ -158.796239, 55.985251 ], [ -158.843656, 56.015354 ], [ -158.913058, 55.915384 ], [ -158.996603, 55.930299 ], [ -159.008171, 55.890073 ], [ -159.086089, 55.924174 ], [ -159.174031, 55.888602 ], [ -159.27552, 55.890801 ], [ -159.3145, 55.857065 ], [ -159.355024, 55.876803 ], [ -159.401134, 55.856665 ], [ -159.398044, 55.797657 ], [ -159.419673, 55.786767 ], [ -159.472675, 55.830643 ], [ -159.454094, 55.896242 ], [ -159.531976, 55.886735 ], [ -159.547426, 55.865935 ], [ -159.517835, 55.871136 ], [ -159.531501, 55.848593 ], [ -159.512368, 55.846592 ], [ -159.494404, 55.765798 ], [ -159.555269, 55.710718 ], [ -159.521519, 55.66751 ], [ -159.581414, 55.642032 ], [ -159.621819, 55.592303 ], [ -159.595793, 55.564828 ], [ -159.661631, 55.584244 ], [ -159.734004, 55.568994 ], [ -159.696926, 55.602241 ], [ -159.747195, 55.601972 ], [ -159.629425, 55.608685 ], [ -159.63917, 55.626939 ], [ -159.616709, 55.645654 ], [ -159.707622, 55.658863 ], [ -159.628474, 55.699803 ], [ -159.6791, 55.739763 ], [ -159.606251, 55.810481 ], [ -159.820995, 55.856198 ], [ -159.859143, 55.844323 ], [ -159.846427, 55.802266 ], [ -159.873166, 55.783826 ], [ -159.959681, 55.819962 ], [ -159.969426, 55.774202 ], [ -160.001156, 55.797122 ], [ -160.032173, 55.787234 ], [ -160.049881, 55.760364 ], [ -160.018269, 55.719353 ], [ -160.093019, 55.722231 ], [ -160.055466, 55.696387 ], [ -160.152915, 55.738693 ], [ -160.133782, 55.724172 ], [ -160.134382, 55.662171 ], [ -160.239193, 55.666505 ], [ -160.258445, 55.653768 ], [ -160.24252, 55.643106 ], [ -160.279479, 55.638679 ], [ -160.421612, 55.661075 ], [ -160.433022, 55.639979 ], [ -160.355418, 55.60788 ], [ -160.445261, 55.574369 ], [ -160.460472, 55.507329 ], [ -160.503374, 55.476359 ], [ -160.537481, 55.474743 ], [ -160.597005, 55.57682 ], [ -160.573846, 55.60751 ], [ -160.595237, 55.608719 ], [ -160.648596, 55.549301 ], [ -160.77112, 55.54325 ], [ -160.662144, 55.519239 ], [ -160.649995, 55.483278 ], [ -160.669631, 55.460865 ], [ -160.797859, 55.456418 ], [ -160.837789, 55.472116 ], [ -160.827093, 55.513251 ], [ -160.907904, 55.524755 ], [ -160.997335, 55.440265 ], [ -161.242082, 55.356155 ], [ -161.332519, 55.35879 ], [ -161.31398, 55.372906 ], [ -161.34785, 55.383911 ], [ -161.503886, 55.360884 ], [ -161.515533, 55.388367 ], [ -161.472275, 55.462415 ], [ -161.49224, 55.486797 ], [ -161.3744, 55.57197 ], [ -161.358783, 55.610632 ], [ -161.454805, 55.633648 ], [ -161.587587, 55.619846 ], [ -161.700566, 55.518297 ], [ -161.688445, 55.404159 ], [ -161.860762, 55.270873 ], [ -161.878313, 55.223738 ], [ -161.903407, 55.204941 ], [ -161.977701, 55.235652 ], [ -162.03926, 55.227046 ], [ -161.997309, 55.187987 ], [ -162.016205, 55.170615 ], [ -161.965579, 55.161858 ], [ -161.940983, 55.124319 ], [ -161.964038, 55.104132 ], [ -162.055782, 55.071826 ], [ -162.137663, 55.112834 ], [ -162.105101, 55.126902 ], [ -162.111281, 55.148231 ], [ -162.170701, 55.155022 ], [ -162.227506, 55.106852 ], [ -162.189603, 55.062434 ], [ -162.220494, 55.026552 ], [ -162.277775, 55.021716 ], [ -162.319963, 55.059849 ], [ -162.338086, 55.03765 ], [ -162.413015, 55.031593 ], [ -162.495252, 55.067063 ], [ -162.520986, 55.115417 ], [ -162.34801, 55.106648 ], [ -162.48218, 55.159707 ], [ -162.513554, 55.250579 ], [ -162.629601, 55.276373 ], [ -162.574645, 55.277884 ], [ -162.562134, 55.298503 ], [ -162.639762, 55.304664 ], [ -162.690246, 55.278233 ], [ -162.724494, 55.217238 ], [ -162.64713, 55.196352 ], [ -162.588066, 55.141304 ], [ -162.625976, 55.101617 ], [ -162.553484, 54.957148 ], [ -162.681355, 54.997796 ], [ -162.752184, 54.939402 ], [ -162.881125, 54.933736 ], [ -162.954806, 54.985047 ], [ -162.964313, 55.011972 ], [ -162.944586, 55.023964 ], [ -163.007333, 55.080534 ], [ -163.079113, 55.108449 ], [ -163.184642, 55.097707 ], [ -163.216214, 55.028256 ], [ -163.026585, 54.947559 ], [ -163.218868, 54.841354 ], [ -163.357198, 54.810822 ], [ -163.387309, 54.857454 ], [ -163.318885, 54.88012 ], [ -163.339565, 54.952693 ], [ -163.218736, 54.933671 ], [ -163.296695, 54.974343 ], [ -163.27982, 55.013339 ], [ -163.316696, 55.082037 ], [ -163.299785, 55.109982 ], [ -163.412921, 55.056517 ], [ -163.362295, 55.064276 ], [ -163.378219, 55.052841 ], [ -163.411494, 55.048484 ], [ -163.420764, 55.067542 ], [ -163.114632, 55.177223 ], [ -163.001972, 55.247602 ], [ -162.986998, 55.241098 ], [ -163.023363, 55.228629 ], [ -163.012192, 55.216835 ], [ -163.084447, 55.176273 ], [ -162.933758, 55.162155 ], [ -162.867921, 55.180209 ], [ -162.847956, 55.236897 ], [ -162.909753, 55.244079 ], [ -162.899295, 55.26995 ], [ -162.839162, 55.265211 ], [ -162.798043, 55.310958 ], [ -162.735294, 55.30779 ], [ -162.64165, 55.392576 ], [ -162.640461, 55.368271 ], [ -162.574862, 55.347869 ], [ -162.521859, 55.366785 ], [ -162.495355, 55.389369 ], [ -162.520671, 55.423489 ], [ -162.504458, 55.46278 ], [ -162.591262, 55.452736 ], [ -162.257033, 55.693373 ], [ -162.057671, 55.788796 ], [ -161.934497, 55.819351 ], [ -161.802403, 55.894624 ], [ -161.176592, 56.010529 ], [ -161.095543, 56.015312 ], [ -161.285212, 55.971179 ], [ -161.226971, 55.952783 ], [ -161.128105, 55.968918 ], [ -161.047057, 55.943903 ], [ -160.944854, 55.995512 ], [ -160.868138, 55.997116 ], [ -160.854536, 55.930324 ], [ -160.892174, 55.95321 ], [ -160.946756, 55.946964 ], [ -161.023764, 55.897022 ], [ -160.966008, 55.866893 ], [ -160.931069, 55.884494 ], [ -160.954361, 55.848751 ], [ -160.939388, 55.81164 ], [ -160.90017, 55.80937 ], [ -160.794165, 55.726338 ], [ -160.772152, 55.75122 ], [ -160.706611, 55.736029 ], [ -160.68538, 55.69595 ], [ -160.66463, 55.702372 ], [ -160.682218, 55.729149 ], [ -160.651557, 55.73932 ], [ -160.754948, 55.777702 ], [ -160.751145, 55.821522 ], [ -160.793215, 55.88596 ], [ -160.651082, 55.857557 ], [ -160.494678, 55.864193 ], [ -160.459037, 55.838076 ], [ -160.475804, 55.812989 ], [ -160.461889, 55.787593 ], [ -160.409619, 55.808539 ], [ -160.365153, 55.777034 ], [ -160.25178, 55.767809 ], [ -160.318806, 55.817516 ], [ -160.222546, 55.832069 ], [ -160.243699, 55.85222 ], [ -160.323084, 55.861025 ], [ -160.515842, 55.948028 ], [ -160.553871, 55.934584 ], [ -160.526502, 55.980626 ], [ -160.586909, 55.97969 ], [ -160.46379, 56.104091 ], [ -160.350355, 56.283504 ], [ -159.815162, 56.547676 ], [ -159.252931, 56.724367 ], [ -158.890979, 56.881214 ], [ -158.861775, 56.890021 ], [ -158.838774, 56.89001 ], [ -158.950008, 56.844281 ], [ -158.893084, 56.80728 ], [ -158.783395, 56.785283 ], [ -158.649343, 56.802791 ], [ -158.651245, 56.844346 ], [ -158.694384, 56.89001 ], [ -158.679529, 56.990753 ], [ -158.379577, 57.246502 ], [ -158.231265, 57.318956 ], [ -158.083785, 57.357181 ], [ -157.930006, 57.473981 ], [ -157.7565, 57.553894 ], [ -157.68068, 57.563457 ], [ -157.693633, 57.553193 ], [ -157.647497, 57.491829 ], [ -157.587747, 57.493784 ], [ -157.569921, 57.520916 ], [ -157.601806, 57.611966 ], [ -157.695835, 57.612772 ], [ -157.710152, 57.633887 ], [ -157.704316, 57.715414 ], [ -157.658219, 57.798791 ], [ -157.580617, 58.123276 ], [ -157.527257, 58.190928 ], [ -157.526307, 58.162479 ], [ -157.432661, 58.165613 ], [ -157.388334, 58.205333 ], [ -157.44193, 58.207336 ], [ -157.53617, 58.271641 ], [ -157.534625, 58.389315 ], [ -157.451918, 58.505618 ], [ -157.378351, 58.523231 ], [ -157.171213, 58.668257 ], [ -157.051779, 58.711919 ], [ -157.062594, 58.769702 ], [ -156.986655, 58.847005 ], [ -157.011136, 58.883259 ], [ -156.979881, 58.901433 ], [ -156.960846, 58.9655 ], [ -156.929255, 58.973788 ], [ -157.023733, 58.963312 ], [ -157.04346, 58.913339 ], [ -157.105851, 58.867717 ], [ -157.329389, 58.833416 ], [ -158.055654, 58.630393 ], [ -158.202862, 58.614391 ], [ -158.327038, 58.659835 ], [ -158.37922, 58.752568 ], [ -158.563303, 58.80462 ], [ -158.554866, 58.843009 ], [ -158.505666, 58.854505 ], [ -158.48166, 58.999444 ], [ -158.343594, 59.046447 ], [ -158.42486, 59.06685 ], [ -158.455343, 59.038423 ], [ -158.533825, 59.023525 ], [ -158.533881, 58.996146 ], [ -158.61569, 58.91343 ], [ -158.722416, 58.873023 ], [ -158.777245, 58.879911 ], [ -158.795754, 58.809791 ], [ -158.775076, 58.772597 ], [ -158.802766, 58.735981 ], [ -158.862031, 58.725752 ], [ -158.904778, 58.747004 ], [ -158.761409, 58.515722 ], [ -158.696879, 58.492191 ], [ -158.81198, 58.405583 ], [ -158.892036, 58.394273 ], [ -159.06154, 58.426359 ], [ -159.081628, 58.472047 ], [ -159.449849, 58.798218 ], [ -159.651045, 58.83975 ], [ -159.584732, 58.894803 ], [ -159.616106, 58.933827 ], [ -159.74267, 58.925486 ], [ -159.733163, 58.894803 ], [ -159.769766, 58.867226 ], [ -159.751227, 58.84307 ], [ -159.798525, 58.851186 ], [ -159.796505, 58.803266 ], [ -159.909878, 58.768346 ], [ -159.991521, 58.834215 ], [ -159.998022, 58.875637 ], [ -160.159679, 58.862249 ], [ -160.151004, 58.919229 ], [ -160.245244, 58.887619 ], [ -160.258316, 58.942779 ], [ -160.328907, 58.944128 ], [ -160.253302, 58.985062 ], [ -160.274673, 59.026848 ], [ -160.33382, 59.051037 ], [ -160.305421, 59.059486 ], [ -160.330237, 59.074308 ], [ -160.675088, 58.944128 ], [ -160.776933, 58.888448 ], [ -160.823756, 58.829079 ], [ -160.869034, 58.879328 ], [ -160.96577, 58.874844 ], [ -161.182772, 58.780791 ], [ -161.295075, 58.768531 ], [ -161.374214, 58.702669 ], [ -161.372678, 58.666403 ], [ -161.305058, 58.679193 ], [ -161.770078, 58.551329 ], [ -161.756055, 58.577485 ], [ -161.820942, 58.628747 ], [ -162.075497, 58.621013 ], [ -162.175203, 58.649899 ], [ -161.985535, 58.681541 ], [ -161.938474, 58.674869 ], [ -161.945486, 58.649528 ], [ -161.889156, 58.654474 ], [ -161.840313, 58.688212 ], [ -161.865625, 58.713216 ], [ -161.804542, 58.737092 ], [ -161.758907, 58.793293 ], [ -161.785646, 58.96417 ], [ -161.841263, 59.029055 ], [ -161.821774, 59.050575 ], [ -161.984109, 59.150052 ], [ -162.056363, 59.271047 ], [ -161.955944, 59.352321 ], [ -161.954874, 59.378905 ], [ -161.819278, 59.430923 ], [ -161.78529, 59.480688 ], [ -161.741676, 59.467891 ], [ -161.701151, 59.498366 ], [ -161.868834, 59.638676 ], [ -161.88155, 59.702348 ], [ -162.084885, 59.882859 ], [ -162.105682, 59.953327 ], [ -162.173777, 59.98901 ], [ -162.225591, 60.060676 ], [ -162.262075, 60.063582 ], [ -162.37257, 60.169115 ], [ -162.45128, 60.174367 ], [ -162.490022, 60.145687 ], [ -162.478138, 60.030067 ], [ -162.556097, 59.97826 ], [ -162.71974, 59.991695 ], [ -162.808513, 59.933933 ], [ -163.356721, 59.816644 ], [ -163.704795, 59.794805 ], [ -163.946642, 59.805469 ], [ -164.141421, 59.845191 ], [ -164.2214, 59.944261 ], [ -164.118128, 59.969607 ], [ -164.125853, 59.992616 ], [ -164.388251, 60.077348 ], [ -164.498059, 60.191089 ], [ -164.642093, 60.246663 ], [ -164.668951, 60.307175 ], [ -164.746445, 60.2924 ], [ -164.886309, 60.312179 ], [ -165.140626, 60.444576 ], [ -165.015155, 60.471414 ], [ -164.965694, 60.508643 ], [ -164.97128, 60.539558 ], [ -165.061241, 60.544018 ], [ -165.196006, 60.496706 ], [ -165.37795, 60.510807 ], [ -165.418355, 60.555412 ], [ -165.372245, 60.579589 ], [ -165.277411, 60.576378 ], [ -165.248771, 60.610863 ], [ -164.994929, 60.698863 ], [ -164.968899, 60.725847 ], [ -165.024244, 60.754099 ], [ -165.034146, 60.786681 ], [ -164.868483, 60.833222 ], [ -164.958801, 60.89681 ], [ -164.920297, 60.929567 ], [ -164.926239, 60.948327 ], [ -165.05735, 60.909426 ], [ -165.156153, 60.928847 ], [ -165.192408, 60.966691 ], [ -165.123157, 61.01445 ], [ -164.948581, 61.026369 ], [ -164.952384, 61.069285 ], [ -165.020123, 61.053701 ], [ -165.112105, 61.075033 ], [ -165.185081, 61.119133 ], [ -165.173189, 61.143244 ], [ -165.300137, 61.181096 ], [ -165.332791, 61.169903 ], [ -165.374741, 61.08193 ], [ -165.598228, 61.109416 ], [ -165.642052, 61.228409 ], [ -165.597447, 61.262774 ], [ -165.597447, 61.289902 ], [ -165.847094, 61.311383 ], [ -165.923321, 61.389782 ], [ -165.920054, 61.419603 ], [ -165.766318, 61.459678 ], [ -165.753306, 61.487557 ], [ -165.781478, 61.5136 ], [ -165.943877, 61.554693 ], [ -166.083415, 61.529945 ], [ -166.107936, 61.513057 ], [ -166.075816, 61.502056 ], [ -166.090968, 61.49254 ], [ -166.149339, 61.51187 ], [ -166.187537, 61.592314 ], [ -166.164077, 61.680395 ], [ -166.145893, 61.706421 ], [ -166.151003, 61.632712 ], [ -165.75384, 61.675228 ], [ -166.010772, 61.720078 ], [ -166.103229, 61.811941 ], [ -165.922395, 61.828999 ], [ -165.788066, 61.812447 ], [ -165.734714, 61.840874 ], [ -165.623354, 61.844651 ], [ -165.720902, 61.930443 ], [ -165.759804, 62.001906 ], [ -165.747898, 62.073592 ], [ -165.667926, 62.155394 ], [ -165.322884, 62.360527 ], [ -165.258159, 62.436927 ], [ -165.072419, 62.53067 ], [ -164.843925, 62.531881 ], [ -164.875964, 62.489392 ], [ -164.842647, 62.473454 ], [ -164.77987, 62.538399 ], [ -164.853596, 62.548649 ], [ -164.852321, 62.569872 ], [ -164.766281, 62.601716 ], [ -164.799437, 62.613089 ], [ -164.872524, 62.73371 ], [ -164.854935, 62.747263 ], [ -164.870028, 62.787886 ], [ -164.819283, 62.796308 ], [ -164.860046, 62.81852 ], [ -164.811321, 62.910555 ], [ -164.683212, 63.020154 ], [ -164.534305, 63.030935 ], [ -164.518975, 63.052539 ], [ -164.579393, 63.070602 ], [ -164.549636, 63.094139 ], [ -164.585288, 63.124669 ], [ -164.36686, 63.231325 ], [ -164.050701, 63.261702 ], [ -163.824356, 63.210684 ], [ -163.756617, 63.215183 ], [ -163.621734, 63.143063 ], [ -163.629578, 63.120774 ], [ -163.586017, 63.148663 ], [ -163.526068, 63.132216 ], [ -163.538071, 63.104651 ], [ -163.485187, 63.110779 ], [ -163.399206, 63.072548 ], [ -163.351017, 63.028213 ], [ -163.230989, 63.037644 ], [ -163.042271, 63.062043 ], [ -162.84924, 63.153226 ], [ -162.828597, 63.202702 ], [ -162.662578, 63.227177 ], [ -162.375556, 63.44018 ], [ -162.272545, 63.484953 ], [ -162.313783, 63.541718 ], [ -162.075253, 63.512867 ], [ -162.087155, 63.500017 ], [ -162.006093, 63.484318 ], [ -162.047018, 63.475945 ], [ -162.044729, 63.451244 ], [ -162.078361, 63.466909 ], [ -162.09179, 63.442585 ], [ -162.155844, 63.433445 ], [ -162.138494, 63.42898 ], [ -162.019078, 63.449092 ], [ -161.810496, 63.438865 ], [ -161.676844, 63.466776 ], [ -161.581072, 63.446856 ], [ -161.472534, 63.471643 ], [ -161.43857, 63.455946 ], [ -161.139798, 63.501884 ], [ -161.134972, 63.528524 ], [ -161.103072, 63.534647 ], [ -161.113793, 63.553056 ], [ -161.042935, 63.57609 ], [ -161.017216, 63.622684 ], [ -160.950024, 63.627851 ], [ -160.800999, 63.736335 ], [ -160.764504, 63.779415 ], [ -160.767961, 63.835341 ], [ -160.939209, 64.057017 ], [ -160.950024, 64.202984 ], [ -160.970746, 64.230032 ], [ -161.265781, 64.397941 ], [ -161.396149, 64.426478 ], [ -161.472919, 64.418064 ], [ -161.527823, 64.378368 ], [ -161.533409, 64.414266 ], [ -161.475534, 64.443145 ], [ -161.469046, 64.506575 ], [ -161.384502, 64.533025 ], [ -161.21884, 64.496668 ], [ -161.012296, 64.501682 ], [ -161.011226, 64.520195 ], [ -161.090017, 64.539462 ], [ -160.955491, 64.544673 ], [ -160.800349, 64.612105 ], [ -160.781628, 64.715503 ], [ -160.90225, 64.82234 ], [ -161.077777, 64.868207 ], [ -161.152322, 64.913293 ], [ -161.140643, 64.930618 ], [ -161.174869, 64.928101 ], [ -161.210156, 64.885049 ], [ -161.3561, 64.810608 ], [ -161.366676, 64.779079 ], [ -161.42631, 64.758963 ], [ -161.532969, 64.737959 ], [ -161.669298, 64.788488 ], [ -161.927805, 64.720599 ], [ -161.847774, 64.727032 ], [ -161.889073, 64.706231 ], [ -162.181086, 64.678137 ], [ -162.233809, 64.620288 ], [ -162.543429, 64.531491 ], [ -162.615574, 64.469948 ], [ -162.6022, 64.449908 ], [ -162.641711, 64.403925 ], [ -162.631412, 64.385434 ], [ -162.787691, 64.324804 ], [ -162.809882, 64.356107 ], [ -162.802076, 64.402485 ], [ -162.872705, 64.448145 ], [ -162.836969, 64.4894 ], [ -162.937857, 64.542788 ], [ -163.045561, 64.540494 ], [ -163.01962, 64.569588 ], [ -163.139173, 64.611198 ], [ -163.135721, 64.648872 ], [ -163.24247, 64.650155 ], [ -163.233539, 64.632848 ], [ -163.271786, 64.611055 ], [ -163.360681, 64.585575 ], [ -163.257775, 64.542476 ], [ -163.181123, 64.540893 ], [ -163.149512, 64.50869 ], [ -163.030321, 64.514354 ], [ -163.044576, 64.486586 ], [ -163.027158, 64.477945 ], [ -163.102095, 64.45847 ], [ -163.107261, 64.409728 ], [ -163.149907, 64.397996 ], [ -163.222897, 64.425464 ], [ -163.292239, 64.486689 ], [ -163.649076, 64.567964 ], [ -164.307273, 64.561488 ], [ -164.80311, 64.451278 ], [ -165.008388, 64.434513 ], [ -166.199894, 64.578874 ], [ -166.396098, 64.642262 ], [ -166.472275, 64.724587 ], [ -166.475246, 64.796037 ], [ -166.403585, 64.832147 ], [ -166.420292, 64.879551 ], [ -166.689299, 64.984714 ], [ -166.701292, 65.039649 ], [ -166.858646, 65.092159 ], [ -166.951556, 65.16085 ], [ -166.903426, 65.245581 ], [ -166.84258, 65.278801 ], [ -166.847927, 65.245133 ], [ -166.906299, 65.227898 ], [ -166.939715, 65.180298 ], [ -166.920063, 65.146619 ], [ -166.709361, 65.107878 ], [ -166.54441, 65.119383 ], [ -166.549521, 65.137926 ], [ -166.63152, 65.125382 ], [ -166.481188, 65.165237 ], [ -166.457746, 65.188302 ], [ -166.476062, 65.224027 ], [ -166.381225, 65.255741 ], [ -166.347189, 65.276341 ], [ -166.360618, 65.288631 ], [ -166.518622, 65.335546 ], [ -166.68892, 65.328652 ], [ -167.046271, 65.385586 ], [ -167.465028, 65.41349 ], [ -167.846658, 65.540058 ], [ -168.069693, 65.576989 ], [ -168.120181, 65.647881 ], [ -168.042862, 65.704526 ] ] ], [ [ [ -130.948173, 55.382525 ], [ -130.929634, 55.340848 ], [ -130.97004, 55.31597 ], [ -130.983112, 55.365981 ], [ -130.948173, 55.382525 ] ] ], [ [ [ -131.033025, 55.305825 ], [ -131.034926, 55.28485 ], [ -131.04479, 55.298518 ], [ -131.033025, 55.305825 ] ] ], [ [ [ -131.231012, 55.093038 ], [ -131.189751, 55.108268 ], [ -131.189371, 55.046767 ], [ -131.239379, 55.061798 ], [ -131.231012, 55.093038 ] ] ], [ [ [ -131.470213, 54.958542 ], [ -131.244132, 55.003279 ], [ -131.245463, 54.933533 ], [ -131.191462, 54.91463 ], [ -131.262766, 54.860384 ], [ -131.316767, 54.879422 ], [ -131.351944, 54.856881 ], [ -131.498355, 54.932113 ], [ -131.470213, 54.958542 ] ] ], [ [ [ -131.195646, 54.873843 ], [ -131.205343, 54.865746 ], [ -131.207054, 54.869794 ], [ -131.195646, 54.873843 ] ] ], [ [ [ -131.278548, 55.025737 ], [ -131.215421, 55.036417 ], [ -131.290337, 55.010039 ], [ -131.278548, 55.025737 ] ] ], [ [ [ -131.259177, 55.363888 ], [ -131.255612, 55.35166 ], [ -131.269992, 55.36078 ], [ -131.259177, 55.363888 ] ] ], [ [ [ -131.65104, 55.042137 ], [ -131.59162, 55.088277 ], [ -131.613724, 55.09671 ], [ -131.599226, 55.125939 ], [ -131.54551, 55.118056 ], [ -131.531962, 55.137625 ], [ -131.609684, 55.182705 ], [ -131.5814, 55.184197 ], [ -131.609921, 55.238576 ], [ -131.59162, 55.27393 ], [ -131.550739, 55.268378 ], [ -131.572368, 55.286114 ], [ -131.32637, 55.16981 ], [ -131.364161, 55.163158 ], [ -131.351564, 55.1186 ], [ -131.374143, 55.092766 ], [ -131.351088, 55.062151 ], [ -131.385552, 55.011757 ], [ -131.492745, 55.011757 ], [ -131.523644, 55.062968 ], [ -131.544797, 55.025383 ], [ -131.613962, 54.994854 ], [ -131.65104, 55.042137 ] ] ], [ [ [ -131.335282, 55.1882 ], [ -131.327439, 55.184944 ], [ -131.334688, 55.184944 ], [ -131.335282, 55.1882 ] ] ], [ [ [ -131.386692, 55.24937 ], [ -131.382507, 55.2496 ], [ -131.384201, 55.247552 ], [ -131.386692, 55.24937 ] ] ], [ [ [ -131.459898, 55.265082 ], [ -131.407965, 55.253502 ], [ -131.397507, 55.239682 ], [ -131.459898, 55.265082 ] ] ], [ [ [ -131.509573, 54.997935 ], [ -131.520411, 54.957996 ], [ -131.539616, 55.002406 ], [ -131.509573, 54.997935 ] ] ], [ [ [ -131.508194, 55.26716 ], [ -131.500113, 55.264587 ], [ -131.511997, 55.265128 ], [ -131.508194, 55.26716 ] ] ], [ [ [ -131.621948, 54.946531 ], [ -131.579736, 54.96662 ], [ -131.533911, 54.955048 ], [ -131.588673, 54.930802 ], [ -131.621948, 54.946531 ] ] ], [ [ [ -131.696105, 55.868801 ], [ -131.639175, 55.912903 ], [ -131.587182, 55.866548 ], [ -131.715733, 55.857096 ], [ -131.673722, 55.864301 ], [ -131.696105, 55.868801 ] ] ], [ [ [ -131.659311, 55.336388 ], [ -131.610706, 55.314617 ], [ -131.594068, 55.307516 ], [ -131.642436, 55.318539 ], [ -131.659311, 55.336388 ] ] ], [ [ [ -131.706105, 55.563057 ], [ -131.719286, 55.546296 ], [ -131.72231, 55.535811 ], [ -131.728714, 55.554845 ], [ -131.706105, 55.563057 ] ] ], [ [ [ -131.712432, 55.116039 ], [ -131.706372, 55.117466 ], [ -131.707841, 55.112738 ], [ -131.712432, 55.116039 ] ] ], [ [ [ -131.716113, 55.533705 ], [ -131.716468, 55.529872 ], [ -131.717836, 55.529827 ], [ -131.716113, 55.533705 ] ] ], [ [ [ -131.734004, 55.119909 ], [ -131.739053, 55.127073 ], [ -131.729902, 55.123175 ], [ -131.734004, 55.119909 ] ] ], [ [ [ -131.737151, 55.113796 ], [ -131.73984, 55.109538 ], [ -131.743569, 55.111961 ], [ -131.737151, 55.113796 ] ] ], [ [ [ -131.850984, 55.525463 ], [ -131.753654, 55.543352 ], [ -131.754843, 55.517592 ], [ -131.828999, 55.479627 ], [ -131.850984, 55.525463 ] ] ], [ [ [ -131.804595, 55.486769 ], [ -131.805606, 55.482736 ], [ -131.806722, 55.484003 ], [ -131.804595, 55.486769 ] ] ], [ [ [ -131.836026, 55.857697 ], [ -131.826162, 55.845556 ], [ -131.842087, 55.85136 ], [ -131.836026, 55.857697 ] ] ], [ [ [ -133.809004, 55.965254 ], [ -133.688976, 56.074847 ], [ -133.501446, 56.078959 ], [ -133.645005, 56.119922 ], [ -133.635735, 56.147736 ], [ -133.581544, 56.129196 ], [ -133.535435, 56.156077 ], [ -133.555875, 56.185981 ], [ -133.679468, 56.211765 ], [ -133.632408, 56.21877 ], [ -133.664732, 56.310903 ], [ -133.649521, 56.328829 ], [ -133.602936, 56.311694 ], [ -133.639063, 56.345956 ], [ -133.624802, 56.35873 ], [ -133.41707, 56.328038 ], [ -133.173179, 56.327325 ], [ -133.114266, 56.249417 ], [ -133.073861, 56.246116 ], [ -133.037852, 56.183005 ], [ -133.07695, 56.131448 ], [ -133.071721, 56.110116 ], [ -133.109394, 56.096264 ], [ -133.133994, 56.116941 ], [ -133.093469, 56.04625 ], [ -133.070445, 56.036571 ], [ -133.014422, 56.05635 ], [ -132.970022, 56.037224 ], [ -132.96721, 56.061238 ], [ -132.935769, 56.061182 ], [ -132.925311, 56.022215 ], [ -132.845569, 56.03616 ], [ -132.839927, 56.01254 ], [ -132.733741, 55.984007 ], [ -132.469798, 55.783645 ], [ -132.493209, 55.759447 ], [ -132.444128, 55.71944 ], [ -132.455774, 55.615282 ], [ -132.418102, 55.667664 ], [ -132.389581, 55.670345 ], [ -132.296529, 55.536075 ], [ -132.198367, 55.51428 ], [ -132.143209, 55.470776 ], [ -132.178473, 55.450977 ], [ -132.462612, 55.55595 ], [ -132.498328, 55.600954 ], [ -132.529882, 55.604254 ], [ -132.583157, 55.571399 ], [ -132.521119, 55.550739 ], [ -132.674202, 55.457246 ], [ -132.667191, 55.439924 ], [ -132.568078, 55.474358 ], [ -132.564038, 55.502301 ], [ -132.524345, 55.520739 ], [ -132.494397, 55.495906 ], [ -132.411328, 55.515289 ], [ -132.39683, 55.475436 ], [ -132.318633, 55.47914 ], [ -132.280604, 55.444306 ], [ -132.420954, 55.421314 ], [ -132.361891, 55.389669 ], [ -132.351433, 55.414164 ], [ -132.322555, 55.40094 ], [ -132.265512, 55.424214 ], [ -132.221185, 55.373128 ], [ -132.163072, 55.370291 ], [ -132.152495, 55.320623 ], [ -132.094739, 55.282604 ], [ -132.13966, 55.239263 ], [ -132.232712, 55.248003 ], [ -132.268126, 55.205438 ], [ -132.188266, 55.224219 ], [ -132.105672, 55.195401 ], [ -132.046965, 55.274143 ], [ -131.992418, 55.259585 ], [ -131.976612, 55.174164 ], [ -132.058849, 55.119765 ], [ -131.993131, 55.109637 ], [ -132.087371, 55.079104 ], [ -132.106623, 55.055014 ], [ -132.086301, 55.03704 ], [ -132.229979, 55.001544 ], [ -132.139304, 54.972769 ], [ -132.114704, 55.008427 ], [ -131.97994, 55.037857 ], [ -131.992418, 54.982318 ], [ -131.967105, 54.960285 ], [ -131.970314, 54.864921 ], [ -132.051244, 54.89555 ], [ -132.04031, 54.869914 ], [ -131.974235, 54.850351 ], [ -131.952369, 54.803115 ], [ -132.007867, 54.782081 ], [ -131.995151, 54.740048 ], [ -132.014641, 54.691309 ], [ -132.166875, 54.691653 ], [ -132.212747, 54.726942 ], [ -132.311859, 54.714862 ], [ -132.316375, 54.740665 ], [ -132.37532, 54.75164 ], [ -132.371042, 54.782903 ], [ -132.504855, 54.775501 ], [ -132.442345, 54.829341 ], [ -132.322317, 54.833722 ], [ -132.459696, 54.910992 ], [ -132.523157, 54.896233 ], [ -132.530049, 54.932573 ], [ -132.616327, 54.971337 ], [ -132.601116, 55.002839 ], [ -132.572119, 55.001475 ], [ -132.597075, 55.030502 ], [ -132.556194, 55.050521 ], [ -132.56998, 55.071212 ], [ -132.524583, 55.10889 ], [ -132.575208, 55.126288 ], [ -132.635104, 55.054334 ], [ -132.628686, 55.111065 ], [ -132.58329, 55.167037 ], [ -132.654593, 55.232419 ], [ -132.679312, 55.23269 ], [ -132.63035, 55.173689 ], [ -132.663863, 55.13811 ], [ -132.832853, 55.200013 ], [ -132.688819, 55.125201 ], [ -132.731781, 55.10956 ], [ -132.69286, 55.07924 ], [ -132.685967, 55.028458 ], [ -132.707121, 55.004065 ], [ -132.749903, 55.009926 ], [ -132.755607, 54.988386 ], [ -132.893937, 55.036631 ], [ -132.856384, 55.090803 ], [ -132.882766, 55.106442 ], [ -132.877062, 55.127104 ], [ -132.93767, 55.136072 ], [ -132.893224, 55.161878 ], [ -132.947653, 55.175317 ], [ -132.939334, 55.210321 ], [ -133.040348, 55.207744 ], [ -133.045814, 55.23269 ], [ -133.002319, 55.242719 ], [ -133.04938, 55.267508 ], [ -133.107611, 55.260872 ], [ -133.079565, 55.227133 ], [ -133.103333, 55.225642 ], [ -133.085031, 55.198114 ], [ -133.106185, 55.189838 ], [ -133.059837, 55.169073 ], [ -133.093826, 55.155903 ], [ -133.027988, 55.139333 ], [ -133.009212, 55.085226 ], [ -132.971658, 55.06046 ], [ -133.025374, 55.084954 ], [ -133.060075, 55.075022 ], [ -132.95407, 55.015923 ], [ -132.955496, 54.974474 ], [ -132.908673, 54.944862 ], [ -132.931966, 54.933802 ], [ -132.896076, 54.929023 ], [ -132.911525, 54.911948 ], [ -132.81574, 54.85986 ], [ -132.842598, 54.84125 ], [ -132.749903, 54.819893 ], [ -132.716866, 54.769331 ], [ -132.72661, 54.734216 ], [ -132.681927, 54.727079 ], [ -132.697614, 54.698521 ], [ -132.729225, 54.698521 ], [ -132.672182, 54.674477 ], [ -132.777474, 54.671729 ], [ -132.7461, 54.686844 ], [ -132.874923, 54.704838 ], [ -132.854958, 54.706211 ], [ -132.885143, 54.737784 ], [ -132.872308, 54.752875 ], [ -133.009449, 54.820304 ], [ -133.028226, 54.87217 ], [ -133.087408, 54.906619 ], [ -133.075762, 54.918096 ], [ -133.167744, 54.949366 ], [ -133.165367, 55.023145 ], [ -133.226451, 55.056376 ], [ -133.172022, 55.052564 ], [ -133.238097, 55.102091 ], [ -133.128289, 55.102499 ], [ -133.23168, 55.123706 ], [ -133.200068, 55.140419 ], [ -133.241187, 55.168938 ], [ -133.199593, 55.155496 ], [ -133.178202, 55.157533 ], [ -133.239761, 55.183461 ], [ -133.223836, 55.237976 ], [ -133.119733, 55.268997 ], [ -133.220984, 55.272924 ], [ -133.256161, 55.220084 ], [ -133.334833, 55.202726 ], [ -133.38427, 55.228082 ], [ -133.440838, 55.210728 ], [ -133.470786, 55.258163 ], [ -133.403522, 55.284567 ], [ -133.453673, 55.287951 ], [ -133.463655, 55.319203 ], [ -133.35456, 55.346513 ], [ -133.305123, 55.328264 ], [ -133.318671, 55.275632 ], [ -133.271135, 55.293635 ], [ -133.228352, 55.276715 ], [ -133.292526, 55.353269 ], [ -133.233581, 55.350972 ], [ -133.269709, 55.360701 ], [ -133.21528, 55.383661 ], [ -133.158237, 55.361646 ], [ -133.127814, 55.384606 ], [ -133.161802, 55.393516 ], [ -133.12306, 55.415378 ], [ -133.106423, 55.397026 ], [ -133.040053, 55.40706 ], [ -133.084301, 55.428369 ], [ -132.994542, 55.45214 ], [ -133.148492, 55.463917 ], [ -133.107163, 55.556266 ], [ -133.08225, 55.562573 ], [ -133.105854, 55.577426 ], [ -133.148503, 55.52648 ], [ -133.158032, 55.563482 ], [ -133.131139, 55.599547 ], [ -133.264462, 55.568492 ], [ -133.251426, 55.577991 ], [ -133.405372, 55.616569 ], [ -133.386571, 55.621877 ], [ -133.399361, 55.638506 ], [ -133.435452, 55.645717 ], [ -133.354829, 55.68927 ], [ -133.390592, 55.694258 ], [ -133.384427, 55.736311 ], [ -133.326683, 55.711232 ], [ -133.348618, 55.754565 ], [ -133.423487, 55.739716 ], [ -133.513093, 55.773286 ], [ -133.488612, 55.71308 ], [ -133.536148, 55.692857 ], [ -133.643579, 55.728743 ], [ -133.702286, 55.77997 ], [ -133.653561, 55.792131 ], [ -133.663544, 55.816371 ], [ -133.632863, 55.83372 ], [ -133.590101, 55.795873 ], [ -133.581782, 55.83727 ], [ -133.489562, 55.814173 ], [ -133.487186, 55.789592 ], [ -133.467696, 55.807629 ], [ -133.461754, 55.789592 ], [ -133.365256, 55.784915 ], [ -133.382369, 55.822585 ], [ -133.357175, 55.800281 ], [ -133.321998, 55.814039 ], [ -133.363354, 55.845277 ], [ -133.332218, 55.854617 ], [ -133.353134, 55.884089 ], [ -133.419685, 55.882356 ], [ -133.413505, 55.904746 ], [ -133.464368, 55.910475 ], [ -133.425151, 55.938972 ], [ -133.505487, 55.948423 ], [ -133.477678, 55.979685 ], [ -133.490988, 55.993513 ], [ -133.465081, 55.99338 ], [ -133.480055, 56.027661 ], [ -133.713786, 55.893891 ], [ -133.729022, 55.922581 ], [ -133.800199, 55.919437 ], [ -133.809004, 55.965254 ] ] ], [ [ [ -131.958786, 55.154138 ], [ -131.969125, 55.140623 ], [ -131.978514, 55.143204 ], [ -131.958786, 55.154138 ] ] ], [ [ [ -131.98342, 56.014472 ], [ -132.034939, 55.979718 ], [ -132.032954, 56.019169 ], [ -132.055929, 56.018661 ], [ -132.06742, 56.049361 ], [ -132.036087, 56.089238 ], [ -131.98342, 56.014472 ] ] ], [ [ [ -132.000655, 55.053466 ], [ -131.9954, 55.059068 ], [ -131.990239, 55.057298 ], [ -132.000655, 55.053466 ] ] ], [ [ [ -132.012349, 55.06848 ], [ -132.012669, 55.061167 ], [ -132.017812, 55.062074 ], [ -132.012349, 55.06848 ] ] ], [ [ [ -132.044639, 55.991761 ], [ -132.049327, 55.983388 ], [ -132.049133, 55.991639 ], [ -132.044639, 55.991761 ] ] ], [ [ [ -132.072755, 56.101877 ], [ -132.075554, 56.107965 ], [ -132.069467, 56.107008 ], [ -132.072755, 56.101877 ] ] ], [ [ [ -132.075368, 55.052695 ], [ -132.070465, 55.057298 ], [ -132.071037, 55.052761 ], [ -132.075368, 55.052695 ] ] ], [ [ [ -132.07513, 55.302295 ], [ -132.08333, 55.290725 ], [ -132.084638, 55.29262 ], [ -132.07513, 55.302295 ] ] ], [ [ [ -132.095606, 56.081858 ], [ -132.091634, 56.078726 ], [ -132.097745, 56.077056 ], [ -132.095606, 56.081858 ] ] ], [ [ [ -132.117439, 56.032089 ], [ -132.103772, 56.050875 ], [ -132.094621, 56.053065 ], [ -132.096166, 56.023389 ], [ -132.117439, 56.032089 ] ] ], [ [ [ -132.111165, 55.441634 ], [ -132.12717, 55.437286 ], [ -132.147831, 55.443585 ], [ -132.136246, 55.450348 ], [ -132.111165, 55.441634 ] ] ], [ [ [ -132.112182, 55.227399 ], [ -132.122322, 55.226978 ], [ -132.112302, 55.229373 ], [ -132.112182, 55.227399 ] ] ], [ [ [ -132.126833, 55.93372 ], [ -132.126247, 55.929458 ], [ -132.128744, 55.931837 ], [ -132.126833, 55.93372 ] ] ], [ [ [ -132.144983, 56.059193 ], [ -132.141532, 56.065243 ], [ -132.138457, 56.059122 ], [ -132.144983, 56.059193 ] ] ], [ [ [ -132.14279, 56.151304 ], [ -132.146902, 56.149083 ], [ -132.146905, 56.151178 ], [ -132.14279, 56.151304 ] ] ], [ [ [ -132.158634, 55.923873 ], [ -132.183565, 55.919615 ], [ -132.19306, 55.92091 ], [ -132.158634, 55.923873 ] ] ], [ [ [ -132.198248, 55.406473 ], [ -132.163191, 55.396553 ], [ -132.213103, 55.403504 ], [ -132.198248, 55.406473 ] ] ], [ [ [ -132.382213, 55.503512 ], [ -132.339549, 55.503378 ], [ -132.320772, 55.491395 ], [ -132.382213, 55.503512 ] ] ], [ [ [ -132.384913, 55.51558 ], [ -132.381401, 55.513677 ], [ -132.384443, 55.513971 ], [ -132.384913, 55.51558 ] ] ], [ [ [ -132.400818, 56.606926 ], [ -132.45079, 56.564098 ], [ -132.484654, 56.565825 ], [ -132.400818, 56.606926 ] ] ], [ [ [ -132.56178, 56.393608 ], [ -132.480255, 56.439229 ], [ -132.406812, 56.408996 ], [ -132.401821, 56.384924 ], [ -132.540388, 56.359652 ], [ -132.56178, 56.393608 ] ] ], [ [ [ -132.414466, 55.920018 ], [ -132.408478, 55.921309 ], [ -132.409743, 55.91657 ], [ -132.414466, 55.920018 ] ] ], [ [ [ -132.475147, 56.544604 ], [ -132.438782, 56.524682 ], [ -132.474434, 56.51498 ], [ -132.475147, 56.544604 ] ] ], [ [ [ -132.481564, 56.496748 ], [ -132.485605, 56.505012 ], [ -132.475384, 56.500159 ], [ -132.481564, 56.496748 ] ] ], [ [ [ -132.499471, 56.051934 ], [ -132.498558, 56.056184 ], [ -132.493686, 56.055392 ], [ -132.499471, 56.051934 ] ] ], [ [ [ -132.514035, 55.581291 ], [ -132.519617, 55.585128 ], [ -132.518322, 55.586286 ], [ -132.514035, 55.581291 ] ] ], [ [ [ -132.522445, 56.561765 ], [ -132.533141, 56.517471 ], [ -132.556196, 56.513013 ], [ -132.566653, 56.530319 ], [ -132.522445, 56.561765 ] ] ], [ [ [ -132.527041, 55.587632 ], [ -132.52797, 55.582278 ], [ -132.529292, 55.588102 ], [ -132.527041, 55.587632 ] ] ], [ [ [ -132.545461, 55.58436 ], [ -132.538772, 55.590251 ], [ -132.541694, 55.58174 ], [ -132.545461, 55.58436 ] ] ], [ [ [ -134.421386, 56.840148 ], [ -134.29185, 56.907041 ], [ -134.138785, 56.848468 ], [ -134.154234, 56.885493 ], [ -134.273074, 56.933376 ], [ -134.159463, 56.915475 ], [ -134.147103, 56.95697 ], [ -134.06035, 56.930134 ], [ -133.999504, 56.824544 ], [ -133.968844, 56.831307 ], [ -133.907522, 56.759849 ], [ -133.941748, 56.734957 ], [ -133.899203, 56.704046 ], [ -133.863789, 56.752031 ], [ -133.892311, 56.805681 ], [ -133.813876, 56.801257 ], [ -133.820531, 56.779907 ], [ -133.723288, 56.812242 ], [ -133.771027, 56.807759 ], [ -133.758316, 56.825266 ], [ -133.835268, 56.835598 ], [ -133.826473, 56.855226 ], [ -133.868067, 56.844568 ], [ -133.858322, 56.859904 ], [ -133.898253, 56.893283 ], [ -133.873296, 56.914957 ], [ -133.928438, 56.940508 ], [ -133.890409, 56.946601 ], [ -134.050516, 57.024234 ], [ -134.026124, 57.027794 ], [ -134.032066, 57.060893 ], [ -134.012101, 57.071619 ], [ -133.880902, 57.099774 ], [ -133.41071, 57.007818 ], [ -133.105353, 57.002044 ], [ -132.986276, 56.931949 ], [ -132.944206, 56.826755 ], [ -132.817998, 56.791625 ], [ -132.7379, 56.712657 ], [ -132.620962, 56.668539 ], [ -132.627855, 56.64424 ], [ -132.54538, 56.608154 ], [ -132.541577, 56.586302 ], [ -132.774867, 56.499578 ], [ -132.94278, 56.507427 ], [ -132.971539, 56.539285 ], [ -132.992336, 56.510673 ], [ -133.138019, 56.53625 ], [ -133.125675, 56.477412 ], [ -133.191155, 56.448064 ], [ -133.435664, 56.50428 ], [ -133.41744, 56.473984 ], [ -133.43579, 56.455929 ], [ -133.651166, 56.437205 ], [ -133.685529, 56.514509 ], [ -133.664613, 56.553305 ], [ -133.715239, 56.547933 ], [ -133.711674, 56.575961 ], [ -133.655106, 56.59049 ], [ -133.67935, 56.615609 ], [ -133.738532, 56.559068 ], [ -133.793198, 56.557103 ], [ -133.839783, 56.608154 ], [ -133.902056, 56.613386 ], [ -133.84121, 56.56889 ], [ -133.878288, 56.558806 ], [ -133.873534, 56.52054 ], [ -133.931052, 56.499688 ], [ -133.860699, 56.47738 ], [ -133.834792, 56.430096 ], [ -133.907047, 56.438769 ], [ -133.874722, 56.39591 ], [ -133.887557, 56.380779 ], [ -133.921308, 56.402618 ], [ -133.929151, 56.375646 ], [ -133.871633, 56.363799 ], [ -133.831465, 56.322964 ], [ -133.876624, 56.275884 ], [ -133.953394, 56.346022 ], [ -133.984055, 56.342992 ], [ -133.88114, 56.223197 ], [ -133.905858, 56.199668 ], [ -133.956009, 56.205486 ], [ -133.928676, 56.142771 ], [ -133.960525, 56.130322 ], [ -133.95791, 56.093745 ], [ -133.994275, 56.079821 ], [ -134.043713, 56.108062 ], [ -134.024223, 56.172024 ], [ -134.059162, 56.217118 ], [ -134.05013, 56.29475 ], [ -134.080315, 56.313342 ], [ -134.073898, 56.24156 ], [ -134.097191, 56.231388 ], [ -134.098141, 56.174406 ], [ -134.199868, 56.180095 ], [ -134.166118, 56.139196 ], [ -134.104083, 56.142903 ], [ -134.113115, 56.106339 ], [ -134.092675, 56.087911 ], [ -134.121909, 56.070138 ], [ -134.153283, 56.088839 ], [ -134.110738, 56.049569 ], [ -134.137121, 56.001355 ], [ -134.180616, 56.029653 ], [ -134.155422, 56.049038 ], [ -134.235996, 56.069342 ], [ -134.210802, 56.103953 ], [ -134.261427, 56.130719 ], [ -134.209375, 56.155216 ], [ -134.263329, 56.163555 ], [ -134.246929, 56.205353 ], [ -134.27759, 56.257406 ], [ -134.172773, 56.327445 ], [ -134.250019, 56.288286 ], [ -134.299456, 56.289605 ], [ -134.273074, 56.315583 ], [ -134.292801, 56.354056 ], [ -134.231955, 56.395778 ], [ -134.24574, 56.463332 ], [ -134.213891, 56.47633 ], [ -134.137596, 56.379726 ], [ -134.157086, 56.436666 ], [ -134.124048, 56.457816 ], [ -134.20177, 56.541251 ], [ -134.320134, 56.554484 ], [ -134.293989, 56.576484 ], [ -134.302784, 56.61744 ], [ -134.27854, 56.628816 ], [ -134.366957, 56.671674 ], [ -134.40047, 56.726742 ], [ -134.3912, 56.773787 ], [ -134.421386, 56.840148 ] ] ], [ [ [ -132.573784, 56.50934 ], [ -132.571645, 56.486776 ], [ -132.616804, 56.503045 ], [ -132.606346, 56.513013 ], [ -132.573784, 56.50934 ] ] ], [ [ [ -132.653762, 56.477051 ], [ -132.58222, 56.468781 ], [ -132.577704, 56.453023 ], [ -132.653762, 56.477051 ] ] ], [ [ [ -132.817998, 54.925882 ], [ -132.725422, 54.940152 ], [ -132.725541, 54.91953 ], [ -132.653762, 54.908054 ], [ -132.623101, 54.872717 ], [ -132.658159, 54.861296 ], [ -132.626428, 54.844466 ], [ -132.695118, 54.844877 ], [ -132.625597, 54.805033 ], [ -132.61086, 54.766383 ], [ -132.635223, 54.749514 ], [ -132.677886, 54.766383 ], [ -132.704506, 54.815032 ], [ -132.803975, 54.86793 ], [ -132.817998, 54.925882 ] ] ], [ [ [ -133.066017, 56.330904 ], [ -133.011351, 56.42474 ], [ -132.927688, 56.458178 ], [ -132.811581, 56.440444 ], [ -132.716271, 56.456733 ], [ -132.632965, 56.422308 ], [ -132.621794, 56.390286 ], [ -132.678005, 56.350467 ], [ -132.659109, 56.275917 ], [ -132.858523, 56.232676 ], [ -133.066017, 56.330904 ] ] ], [ [ [ -132.698327, 55.089579 ], [ -132.691457, 55.092947 ], [ -132.69413, 55.086466 ], [ -132.698327, 55.089579 ] ] ], [ [ [ -132.712232, 56.11745 ], [ -132.717461, 56.113342 ], [ -132.719272, 56.117425 ], [ -132.712232, 56.11745 ] ] ], [ [ [ -132.716232, 54.977161 ], [ -132.741081, 54.98039 ], [ -132.723406, 54.988916 ], [ -132.716232, 54.977161 ] ] ], [ [ [ -132.763807, 56.495621 ], [ -132.771601, 56.492554 ], [ -132.771796, 56.49484 ], [ -132.763807, 56.495621 ] ] ], [ [ [ -132.837384, 54.963067 ], [ -132.848645, 54.971159 ], [ -132.836324, 54.966137 ], [ -132.837384, 54.963067 ] ] ], [ [ [ -132.941354, 56.125321 ], [ -132.879201, 56.146578 ], [ -132.849253, 56.112601 ], [ -132.900235, 56.100672 ], [ -132.941354, 56.125321 ] ] ], [ [ [ -132.859353, 54.972534 ], [ -132.861277, 54.95845 ], [ -132.868382, 54.976362 ], [ -132.859353, 54.972534 ] ] ], [ [ [ -132.869494, 54.949153 ], [ -132.861264, 54.953182 ], [ -132.860325, 54.951172 ], [ -132.869494, 54.949153 ] ] ], [ [ [ -132.890015, 56.169014 ], [ -132.886179, 56.173399 ], [ -132.878844, 56.162595 ], [ -132.890015, 56.169014 ] ] ], [ [ [ -132.895363, 55.096788 ], [ -132.888233, 55.068218 ], [ -132.928876, 55.046845 ], [ -132.934818, 55.079648 ], [ -132.895363, 55.096788 ] ] ], [ [ [ -133.004339, 56.197189 ], [ -132.909862, 56.172917 ], [ -132.892749, 56.157698 ], [ -133.004339, 56.197189 ] ] ], [ [ [ -132.916043, 56.89323 ], [ -132.908675, 56.886348 ], [ -132.916993, 56.890503 ], [ -132.916043, 56.89323 ] ] ], [ [ [ -132.924717, 56.202875 ], [ -132.918656, 56.189982 ], [ -132.926143, 56.191503 ], [ -132.924717, 56.202875 ] ] ], [ [ [ -133.001962, 56.236838 ], [ -132.955853, 56.240008 ], [ -132.91509, 56.207898 ], [ -132.996971, 56.212591 ], [ -133.001962, 56.236838 ] ] ], [ [ [ -132.937196, 56.888556 ], [ -132.933156, 56.897643 ], [ -132.930303, 56.888296 ], [ -132.937196, 56.888556 ] ] ], [ [ [ -132.945224, 56.142233 ], [ -132.946345, 56.137971 ], [ -132.949595, 56.141384 ], [ -132.945224, 56.142233 ] ] ], [ [ [ -132.999586, 56.272354 ], [ -132.967855, 56.278424 ], [ -132.959299, 56.258297 ], [ -132.994594, 56.248064 ], [ -132.999586, 56.272354 ] ] ], [ [ [ -132.966905, 55.165136 ], [ -133.014441, 55.162828 ], [ -132.965716, 55.17301 ], [ -132.966905, 55.165136 ] ] ], [ [ [ -133.011945, 56.187535 ], [ -132.970708, 56.153528 ], [ -132.971777, 56.152403 ], [ -133.004815, 56.158625 ], [ -133.011945, 56.187535 ] ] ], [ [ [ -133.080753, 56.086585 ], [ -133.059124, 56.134097 ], [ -133.002885, 56.116639 ], [ -132.982116, 56.06158 ], [ -133.062975, 56.058374 ], [ -133.080753, 56.086585 ] ] ], [ [ [ -133.021823, 56.234887 ], [ -133.026841, 56.236163 ], [ -133.021627, 56.237156 ], [ -133.021823, 56.234887 ] ] ], [ [ [ -133.127338, 56.459688 ], [ -133.076356, 56.473343 ], [ -133.055084, 56.462905 ], [ -133.127338, 56.459688 ] ] ], [ [ [ -133.066515, 56.508763 ], [ -133.075388, 56.514178 ], [ -133.074466, 56.517044 ], [ -133.066515, 56.508763 ] ] ], [ [ [ -133.075287, 56.060452 ], [ -133.074692, 56.045454 ], [ -133.081823, 56.058461 ], [ -133.075287, 56.060452 ] ] ], [ [ [ -133.096172, 56.519142 ], [ -133.088938, 56.515783 ], [ -133.094556, 56.516185 ], [ -133.096172, 56.519142 ] ] ], [ [ [ -133.115544, 55.434372 ], [ -133.10466, 55.43564 ], [ -133.102237, 55.430274 ], [ -133.115544, 55.434372 ] ] ], [ [ [ -133.158951, 55.491292 ], [ -133.181413, 55.489135 ], [ -133.180748, 55.499243 ], [ -133.158951, 55.491292 ] ] ], [ [ [ -133.180564, 55.562026 ], [ -133.177145, 55.550798 ], [ -133.185758, 55.553917 ], [ -133.180564, 55.562026 ] ] ], [ [ [ -133.289555, 55.44525 ], [ -133.243445, 55.450507 ], [ -133.231799, 55.435003 ], [ -133.253903, 55.405731 ], [ -133.323305, 55.406945 ], [ -133.289555, 55.44525 ] ] ], [ [ [ -133.254542, 55.173923 ], [ -133.259165, 55.179717 ], [ -133.252882, 55.175485 ], [ -133.254542, 55.173923 ] ] ], [ [ [ -133.283258, 57.300767 ], [ -133.283733, 57.309497 ], [ -133.278029, 57.301665 ], [ -133.283258, 57.300767 ] ] ], [ [ [ -133.442052, 55.560277 ], [ -133.313085, 55.567871 ], [ -133.281236, 55.499945 ], [ -133.360859, 55.449024 ], [ -133.4488, 55.51798 ], [ -133.442052, 55.560277 ] ] ], [ [ [ -133.303418, 56.462871 ], [ -133.298125, 56.457113 ], [ -133.309497, 56.457797 ], [ -133.303418, 56.462871 ] ] ], [ [ [ -133.30729, 55.584868 ], [ -133.302133, 55.576504 ], [ -133.310286, 55.582645 ], [ -133.30729, 55.584868 ] ] ], [ [ [ -133.35455, 55.740431 ], [ -133.339834, 55.731721 ], [ -133.341865, 55.729795 ], [ -133.35455, 55.740431 ] ] ], [ [ [ -133.391621, 55.35677 ], [ -133.388436, 55.354443 ], [ -133.393336, 55.354098 ], [ -133.391621, 55.35677 ] ] ], [ [ [ -133.405465, 55.70916 ], [ -133.413037, 55.723566 ], [ -133.40246, 55.718643 ], [ -133.405465, 55.70916 ] ] ], [ [ [ -133.68957, 55.303715 ], [ -133.623733, 55.36374 ], [ -133.678161, 55.376572 ], [ -133.621118, 55.384133 ], [ -133.595211, 55.430283 ], [ -133.558608, 55.411263 ], [ -133.409345, 55.412342 ], [ -133.423844, 55.381298 ], [ -133.577385, 55.339011 ], [ -133.614463, 55.235604 ], [ -133.668416, 55.276241 ], [ -133.662237, 55.301551 ], [ -133.68957, 55.303715 ] ] ], [ [ [ -133.620643, 55.448755 ], [ -133.539723, 55.489234 ], [ -133.521293, 55.529282 ], [ -133.437154, 55.491059 ], [ -133.425983, 55.460885 ], [ -133.454505, 55.435542 ], [ -133.533177, 55.428125 ], [ -133.620643, 55.448755 ] ] ], [ [ [ -133.43817, 55.659338 ], [ -133.444636, 55.666982 ], [ -133.436972, 55.667006 ], [ -133.43817, 55.659338 ] ] ], [ [ [ -133.441552, 57.699456 ], [ -133.461993, 57.700091 ], [ -133.475065, 57.710377 ], [ -133.441552, 57.699456 ] ] ], [ [ [ -133.495553, 55.912663 ], [ -133.478594, 55.903582 ], [ -133.493592, 55.90582 ], [ -133.495553, 55.912663 ] ] ], [ [ [ -133.505487, 55.893552 ], [ -133.490988, 55.873556 ], [ -133.524977, 55.881422 ], [ -133.505487, 55.893552 ] ] ], [ [ [ -133.544942, 54.861775 ], [ -133.509646, 54.792839 ], [ -133.508696, 54.746565 ], [ -133.548507, 54.783725 ], [ -133.544942, 54.861775 ] ] ], [ [ [ -133.545419, 57.23934 ], [ -133.518323, 57.231236 ], [ -133.513332, 57.212063 ], [ -133.545419, 57.23934 ] ] ], [ [ [ -133.610471, 55.683251 ], [ -133.543951, 55.669976 ], [ -133.546849, 55.64577 ], [ -133.584118, 55.619854 ], [ -133.599026, 55.643512 ], [ -133.559439, 55.648462 ], [ -133.561816, 55.669594 ], [ -133.610471, 55.683251 ] ] ], [ [ [ -133.547626, 56.431505 ], [ -133.548773, 56.427085 ], [ -133.552565, 56.428466 ], [ -133.547626, 56.431505 ] ] ], [ [ [ -133.560868, 57.217211 ], [ -133.574415, 57.21232 ], [ -133.558016, 57.220171 ], [ -133.560868, 57.217211 ] ] ], [ [ [ -133.578931, 57.496952 ], [ -133.579169, 57.502827 ], [ -133.57085, 57.501294 ], [ -133.578931, 57.496952 ] ] ], [ [ [ -133.820531, 55.438778 ], [ -133.767766, 55.500214 ], [ -133.715952, 55.517577 ], [ -133.760161, 55.533721 ], [ -133.732828, 55.561554 ], [ -133.661999, 55.557253 ], [ -133.637518, 55.52982 ], [ -133.622544, 55.555371 ], [ -133.584278, 55.536814 ], [ -133.585942, 55.503714 ], [ -133.631576, 55.490385 ], [ -133.667466, 55.437969 ], [ -133.73972, 55.472068 ], [ -133.820531, 55.438778 ] ] ], [ [ [ -133.635499, 57.767468 ], [ -133.597708, 57.74997 ], [ -133.649522, 57.767468 ], [ -133.635499, 57.767468 ] ] ], [ [ [ -133.602041, 55.600995 ], [ -133.621664, 55.585066 ], [ -133.636631, 55.596386 ], [ -133.602041, 55.600995 ] ] ], [ [ [ -133.620308, 55.653079 ], [ -133.617139, 55.642834 ], [ -133.62413, 55.646789 ], [ -133.620308, 55.653079 ] ] ], [ [ [ -133.647088, 55.437998 ], [ -133.614416, 55.440892 ], [ -133.66295, 55.419154 ], [ -133.647088, 55.437998 ] ] ], [ [ [ -133.625278, 55.910008 ], [ -133.622425, 55.918533 ], [ -133.616246, 55.90841 ], [ -133.625278, 55.910008 ] ] ], [ [ [ -133.654829, 55.611375 ], [ -133.640036, 55.619385 ], [ -133.642622, 55.606286 ], [ -133.654829, 55.611375 ] ] ], [ [ [ -133.67671, 55.661423 ], [ -133.669605, 55.651507 ], [ -133.680776, 55.654994 ], [ -133.67671, 55.661423 ] ] ], [ [ [ -133.678755, 56.097524 ], [ -133.683747, 56.107466 ], [ -133.669011, 56.106935 ], [ -133.678755, 56.097524 ] ] ], [ [ [ -133.674046, 55.87423 ], [ -133.685456, 55.852497 ], [ -133.693537, 55.866158 ], [ -133.674046, 55.87423 ] ] ], [ [ [ -133.689808, 56.388806 ], [ -133.716903, 56.391963 ], [ -133.714764, 56.39933 ], [ -133.689808, 56.388806 ] ] ], [ [ [ -133.692519, 55.882751 ], [ -133.706819, 55.889478 ], [ -133.696316, 55.892263 ], [ -133.692519, 55.882751 ] ] ], [ [ [ -133.71479, 55.58354 ], [ -133.706445, 55.605348 ], [ -133.693768, 55.58423 ], [ -133.71479, 55.58354 ] ] ], [ [ [ -133.711503, 55.673334 ], [ -133.702963, 55.669295 ], [ -133.71399, 55.661498 ], [ -133.711503, 55.673334 ] ] ], [ [ [ -133.778002, 56.527762 ], [ -133.76828, 56.534552 ], [ -133.763246, 56.530093 ], [ -133.778002, 56.527762 ] ] ], [ [ [ -133.809598, 56.422867 ], [ -133.774184, 56.392095 ], [ -133.833841, 56.422604 ], [ -133.809598, 56.422867 ] ] ], [ [ [ -133.84121, 56.490241 ], [ -133.776323, 56.472916 ], [ -133.774897, 56.463988 ], [ -133.84121, 56.490241 ] ] ], [ [ [ -133.875673, 57.267613 ], [ -133.82576, 57.31616 ], [ -133.790346, 57.295875 ], [ -133.842636, 57.296132 ], [ -133.875673, 57.267613 ] ] ], [ [ [ -134.959968, 58.405097 ], [ -134.932635, 58.397625 ], [ -134.88605, 58.320819 ], [ -134.869887, 58.321568 ], [ -134.896056, 58.378784 ], [ -134.803812, 58.321817 ], [ -134.801198, 58.295346 ], [ -134.708741, 58.228206 ], [ -134.690677, 58.158932 ], [ -134.558765, 58.195402 ], [ -134.333682, 58.142753 ], [ -134.175863, 58.159559 ], [ -134.166831, 58.127445 ], [ -134.217932, 58.120541 ], [ -134.101469, 58.020734 ], [ -134.095051, 57.981312 ], [ -133.991423, 57.912188 ], [ -134.005922, 57.894002 ], [ -133.975261, 57.859373 ], [ -133.899916, 57.806987 ], [ -133.904195, 57.770119 ], [ -133.874722, 57.733213 ], [ -133.892548, 57.683947 ], [ -133.810073, 57.62876 ], [ -133.803894, 57.576421 ], [ -133.836694, 57.576676 ], [ -133.855233, 57.622397 ], [ -133.969794, 57.68725 ], [ -134.02969, 57.816229 ], [ -134.14948, 57.883769 ], [ -134.169683, 57.928977 ], [ -134.151382, 57.939576 ], [ -134.194402, 57.992148 ], [ -134.313717, 58.03722 ], [ -134.235758, 57.970347 ], [ -134.34105, 57.997439 ], [ -134.280442, 57.916986 ], [ -134.307537, 57.833569 ], [ -134.243364, 57.873911 ], [ -134.046565, 57.681151 ], [ -134.089585, 57.668442 ], [ -134.088159, 57.649878 ], [ -134.011626, 57.656618 ], [ -133.936044, 57.61425 ], [ -133.939847, 57.550797 ], [ -133.83907, 57.438656 ], [ -133.913226, 57.488638 ], [ -133.930102, 57.465893 ], [ -133.87805, 57.422662 ], [ -133.87496, 57.351823 ], [ -133.979064, 57.304479 ], [ -134.05726, 57.331943 ], [ -134.07984, 57.362849 ], [ -134.107886, 57.321294 ], [ -134.138785, 57.368232 ], [ -134.192738, 57.389374 ], [ -134.15875, 57.357849 ], [ -134.169445, 57.336305 ], [ -134.127376, 57.320524 ], [ -134.16279, 57.305249 ], [ -134.093863, 57.280847 ], [ -134.117393, 57.241386 ], [ -134.151382, 57.245372 ], [ -134.157799, 57.205873 ], [ -134.213654, 57.173933 ], [ -134.263329, 57.180761 ], [ -134.255485, 57.158469 ], [ -134.334157, 57.142998 ], [ -134.329166, 57.123779 ], [ -134.39334, 57.12752 ], [ -134.380029, 57.111778 ], [ -134.409264, 57.112036 ], [ -134.373612, 57.092027 ], [ -134.484133, 57.047967 ], [ -134.474388, 57.025595 ], [ -134.572075, 57.015762 ], [ -134.573976, 57.039175 ], [ -134.619135, 57.015633 ], [ -134.608202, 57.044347 ], [ -134.63815, 57.135518 ], [ -134.603686, 57.156922 ], [ -134.640051, 57.175093 ], [ -134.651697, 57.231096 ], [ -134.636486, 57.246272 ], [ -134.537849, 57.228394 ], [ -134.617947, 57.272239 ], [ -134.509327, 57.317058 ], [ -134.57873, 57.343488 ], [ -134.579205, 57.40026 ], [ -134.527629, 57.40551 ], [ -134.531194, 57.388861 ], [ -134.483658, 57.372333 ], [ -134.409502, 57.378228 ], [ -134.467496, 57.38425 ], [ -134.555675, 57.472794 ], [ -134.611292, 57.470111 ], [ -134.575878, 57.483145 ], [ -134.605825, 57.510221 ], [ -134.591089, 57.514689 ], [ -134.612005, 57.563548 ], [ -134.678318, 57.611959 ], [ -134.69852, 57.690553 ], [ -134.727755, 57.714809 ], [ -134.705651, 57.830912 ], [ -134.766497, 57.99832 ], [ -134.809517, 58.045397 ], [ -134.763882, 58.100075 ], [ -134.801436, 58.104722 ], [ -134.912432, 58.213686 ], [ -134.879632, 58.250225 ], [ -134.916473, 58.243345 ], [ -134.943093, 58.272105 ], [ -134.959968, 58.405097 ] ] ], [ [ [ -133.840021, 56.540333 ], [ -133.840496, 56.533781 ], [ -133.844775, 56.538499 ], [ -133.840021, 56.540333 ] ] ], [ [ [ -133.906928, 55.929187 ], [ -133.855114, 55.930785 ], [ -133.84014, 55.884555 ], [ -133.865096, 55.880956 ], [ -133.843705, 55.867088 ], [ -133.871989, 55.843876 ], [ -133.909067, 55.845611 ], [ -133.94567, 55.897217 ], [ -133.906928, 55.929187 ] ] ], [ [ [ -133.918218, 56.86731 ], [ -133.935093, 56.867829 ], [ -133.949116, 56.88757 ], [ -133.935331, 56.880818 ], [ -133.918218, 56.86731 ] ] ], [ [ [ -133.99222, 57.123676 ], [ -133.975693, 57.131709 ], [ -133.971204, 57.130881 ], [ -133.99222, 57.123676 ] ] ], [ [ [ -134.005684, 57.299343 ], [ -134.004971, 57.281618 ], [ -134.023748, 57.290225 ], [ -134.005684, 57.299343 ] ] ], [ [ [ -133.998174, 56.914661 ], [ -134.016036, 56.930067 ], [ -133.993792, 56.914749 ], [ -133.998174, 56.914661 ] ] ], [ [ [ -134.043925, 57.776112 ], [ -134.054884, 57.779624 ], [ -134.049417, 57.789888 ], [ -134.043925, 57.776112 ] ] ], [ [ [ -134.054651, 57.263479 ], [ -134.062175, 57.255159 ], [ -134.067481, 57.261315 ], [ -134.054651, 57.263479 ] ] ], [ [ [ -134.066627, 57.803963 ], [ -134.057521, 57.808402 ], [ -134.056282, 57.803901 ], [ -134.066627, 57.803963 ] ] ], [ [ [ -134.103133, 55.978688 ], [ -134.124286, 55.927855 ], [ -134.130703, 55.928255 ], [ -134.139498, 55.951683 ], [ -134.103133, 55.978688 ] ] ], [ [ [ -134.219358, 57.893371 ], [ -134.110263, 57.802934 ], [ -134.102895, 57.776076 ], [ -134.18941, 57.834455 ], [ -134.172535, 57.845841 ], [ -134.219358, 57.893371 ] ] ], [ [ [ -134.131061, 58.105863 ], [ -134.108719, 58.083252 ], [ -134.149125, 58.104733 ], [ -134.131061, 58.105863 ] ] ], [ [ [ -134.337485, 55.928122 ], [ -134.266656, 55.929586 ], [ -134.256674, 55.888821 ], [ -134.176813, 55.9184 ], [ -134.118582, 55.913605 ], [ -134.282105, 55.822652 ], [ -134.341763, 55.839071 ], [ -134.318233, 55.877623 ], [ -134.366719, 55.904146 ], [ -134.337485, 55.928122 ] ] ], [ [ [ -134.284958, 57.954208 ], [ -134.201057, 57.93945 ], [ -134.17515, 57.909032 ], [ -134.246691, 57.908653 ], [ -134.284958, 57.954208 ] ] ], [ [ [ -134.258813, 57.894255 ], [ -134.266656, 57.883769 ], [ -134.267607, 57.893876 ], [ -134.258813, 57.894255 ] ] ], [ [ [ -135.6635, 57.368617 ], [ -135.486904, 57.354901 ], [ -135.632126, 57.398339 ], [ -135.531825, 57.452213 ], [ -135.551077, 57.508306 ], [ -135.425345, 57.562273 ], [ -135.345485, 57.549267 ], [ -135.290818, 57.509838 ], [ -135.416788, 57.458734 ], [ -135.404191, 57.439167 ], [ -135.349287, 57.473689 ], [ -135.223079, 57.488766 ], [ -135.159619, 57.459501 ], [ -135.216108, 57.433192 ], [ -135.156291, 57.444923 ], [ -135.041968, 57.407942 ], [ -134.913774, 57.427152 ], [ -134.832747, 57.414476 ], [ -134.846098, 57.389981 ], [ -134.803575, 57.340666 ], [ -134.812739, 57.299851 ], [ -134.90245, 57.342077 ], [ -135.011307, 57.335279 ], [ -134.950699, 57.327453 ], [ -134.97613, 57.312309 ], [ -134.939528, 57.297673 ], [ -134.928832, 57.259901 ], [ -134.90245, 57.270697 ], [ -134.923128, 57.298572 ], [ -134.907916, 57.303066 ], [ -134.874403, 57.284188 ], [ -134.886525, 57.265813 ], [ -134.841841, 57.250001 ], [ -134.83994, 57.222475 ], [ -134.865847, 57.213596 ], [ -134.80001, 57.163109 ], [ -134.824015, 57.156406 ], [ -134.79692, 57.144029 ], [ -134.808566, 57.128165 ], [ -134.751048, 57.03258 ], [ -134.7703, 57.026759 ], [ -134.739164, 57.00528 ], [ -134.759366, 56.970576 ], [ -134.737024, 56.96941 ], [ -134.715871, 56.922092 ], [ -134.746056, 56.923778 ], [ -134.696144, 56.898994 ], [ -134.7047, 56.841188 ], [ -134.672376, 56.819732 ], [ -134.659541, 56.780559 ], [ -134.676178, 56.77027 ], [ -134.630306, 56.724526 ], [ -134.628642, 56.549636 ], [ -134.646468, 56.544527 ], [ -134.66786, 56.586695 ], [ -134.684022, 56.539547 ], [ -134.6391, 56.476986 ], [ -134.657877, 56.431147 ], [ -134.631019, 56.372488 ], [ -134.70779, 56.31756 ], [ -134.632683, 56.314924 ], [ -134.678318, 56.277732 ], [ -134.668573, 56.252917 ], [ -134.643616, 56.271661 ], [ -134.623414, 56.256085 ], [ -134.652173, 56.234559 ], [ -134.665958, 56.166731 ], [ -134.711949, 56.181351 ], [ -134.687944, 56.198809 ], [ -134.707433, 56.216126 ], [ -134.691984, 56.232247 ], [ -134.773033, 56.217448 ], [ -134.761862, 56.232379 ], [ -134.808923, 56.240041 ], [ -134.780401, 56.274367 ], [ -134.818905, 56.254039 ], [ -134.839583, 56.296135 ], [ -134.8952, 56.314331 ], [ -134.91778, 56.372422 ], [ -134.955571, 56.388871 ], [ -134.93822, 56.406366 ], [ -135.061576, 56.528472 ], [ -135.047791, 56.583488 ], [ -134.95153, 56.613451 ], [ -135.026875, 56.635156 ], [ -135.138584, 56.593435 ], [ -135.132642, 56.644959 ], [ -135.152845, 56.646919 ], [ -135.135732, 56.684926 ], [ -135.21179, 56.662335 ], [ -135.237459, 56.683621 ], [ -135.19848, 56.720678 ], [ -135.292838, 56.696412 ], [ -135.286421, 56.716374 ], [ -135.317082, 56.726156 ], [ -135.279291, 56.769814 ], [ -135.329917, 56.779973 ], [ -135.352021, 56.749881 ], [ -135.368421, 56.781405 ], [ -135.402647, 56.776587 ], [ -135.389749, 56.804204 ], [ -135.413248, 56.816946 ], [ -135.381731, 56.830689 ], [ -135.376026, 56.866822 ], [ -135.397655, 56.887278 ], [ -135.358557, 56.892147 ], [ -135.38185, 56.914729 ], [ -135.317201, 56.899741 ], [ -135.412391, 56.952337 ], [ -135.382563, 56.952791 ], [ -135.377571, 56.988612 ], [ -135.308763, 56.981295 ], [ -135.36438, 57.010359 ], [ -135.256711, 57.011718 ], [ -135.221416, 57.033647 ], [ -135.174236, 57.011136 ], [ -135.150231, 57.014242 ], [ -135.227358, 57.048194 ], [ -135.271328, 57.031254 ], [ -135.338404, 57.04782 ], [ -135.402409, 57.101161 ], [ -135.37567, 57.14635 ], [ -135.282262, 57.163366 ], [ -135.345485, 57.184754 ], [ -135.393734, 57.142611 ], [ -135.42178, 57.16298 ], [ -135.346673, 57.250516 ], [ -135.475971, 57.257715 ], [ -135.551791, 57.234054 ], [ -135.603605, 57.288426 ], [ -135.569744, 57.292076 ], [ -135.690833, 57.351439 ], [ -135.6635, 57.368617 ] ] ], [ [ [ -134.663824, 58.342291 ], [ -134.656679, 58.333777 ], [ -134.668449, 58.331271 ], [ -134.663824, 58.342291 ] ] ], [ [ [ -134.690559, 58.347781 ], [ -134.706009, 58.354765 ], [ -134.696264, 58.36262 ], [ -134.690559, 58.347781 ] ] ], [ [ [ -134.736549, 58.27023 ], [ -134.721575, 58.250225 ], [ -134.728706, 58.244596 ], [ -134.736549, 58.27023 ] ] ], [ [ [ -134.746414, 58.335681 ], [ -134.73144, 58.331688 ], [ -134.733104, 58.329317 ], [ -134.746414, 58.335681 ] ] ], [ [ [ -134.921218, 58.485469 ], [ -134.862031, 58.439992 ], [ -134.80876, 58.374725 ], [ -134.843031, 58.37351 ], [ -134.921218, 58.485469 ] ] ], [ [ [ -136.565927, 58.005467 ], [ -136.537405, 58.097467 ], [ -136.467884, 58.098849 ], [ -136.371267, 58.149682 ], [ -136.273937, 58.102177 ], [ -136.304241, 58.132558 ], [ -136.28998, 58.147487 ], [ -136.356293, 58.191299 ], [ -136.354986, 58.222667 ], [ -136.281543, 58.22323 ], [ -136.238315, 58.157979 ], [ -136.199126, 58.155819 ], [ -136.158487, 58.221221 ], [ -136.040417, 58.218599 ], [ -135.995614, 58.188417 ], [ -135.79727, 58.288006 ], [ -135.734047, 58.23981 ], [ -135.643069, 58.231012 ], [ -135.495536, 58.171249 ], [ -135.539031, 58.100419 ], [ -135.610811, 58.053855 ], [ -135.671894, 58.054358 ], [ -135.63446, 58.032784 ], [ -135.690671, 58.041968 ], [ -135.626022, 58.022212 ], [ -135.633152, 57.987013 ], [ -135.590845, 57.991864 ], [ -135.545092, 58.062783 ], [ -135.447881, 58.102743 ], [ -135.466301, 58.131993 ], [ -135.416389, 58.1441 ], [ -135.31995, 58.117801 ], [ -135.344847, 58.109335 ], [ -135.297549, 58.090056 ], [ -135.116318, 58.091061 ], [ -135.078051, 58.071017 ], [ -135.109544, 58.060771 ], [ -134.965985, 58.045868 ], [ -134.913339, 57.977499 ], [ -134.938296, 57.969306 ], [ -134.922371, 57.92377 ], [ -134.999617, 57.888474 ], [ -134.93706, 57.848735 ], [ -135.028376, 57.898896 ], [ -135.205567, 57.935065 ], [ -134.955409, 57.814741 ], [ -135.023979, 57.778324 ], [ -135.1181, 57.777754 ], [ -135.094808, 57.752209 ], [ -135.022791, 57.743837 ], [ -134.929739, 57.757281 ], [ -134.903238, 57.693125 ], [ -134.922252, 57.677497 ], [ -134.898009, 57.662434 ], [ -134.937464, 57.66771 ], [ -134.860337, 57.605878 ], [ -134.858554, 57.532778 ], [ -134.829557, 57.479598 ], [ -134.882679, 57.506038 ], [ -134.89991, 57.490649 ], [ -134.874598, 57.46292 ], [ -135.088153, 57.464837 ], [ -135.566127, 57.67038 ], [ -135.655732, 57.628219 ], [ -135.511223, 57.594989 ], [ -135.613544, 57.562049 ], [ -135.565651, 57.547193 ], [ -135.580506, 57.516954 ], [ -135.547825, 57.478959 ], [ -135.553292, 57.4525 ], [ -135.596193, 57.443803 ], [ -135.584547, 57.432994 ], [ -135.624715, 57.408677 ], [ -135.675222, 57.406565 ], [ -135.652167, 57.385434 ], [ -135.712181, 57.366725 ], [ -135.843856, 57.390301 ], [ -135.858473, 57.426596 ], [ -135.885093, 57.42135 ], [ -136.051469, 57.514848 ], [ -136.0933, 57.56122 ], [ -136.054083, 57.581613 ], [ -136.074761, 57.599511 ], [ -136.136915, 57.606642 ], [ -136.162346, 57.556566 ], [ -136.227471, 57.591168 ], [ -136.181004, 57.613263 ], [ -136.245653, 57.62351 ], [ -136.226995, 57.635726 ], [ -136.267044, 57.665867 ], [ -136.172329, 57.721695 ], [ -136.214636, 57.74149 ], [ -136.203227, 57.764825 ], [ -136.238523, 57.751955 ], [ -136.263598, 57.771607 ], [ -136.258369, 57.743076 ], [ -136.292001, 57.729564 ], [ -136.320285, 57.752716 ], [ -136.302815, 57.776297 ], [ -136.347499, 57.786117 ], [ -136.334783, 57.799925 ], [ -136.36687, 57.828791 ], [ -136.420704, 57.819108 ], [ -136.486066, 57.854725 ], [ -136.496049, 57.870656 ], [ -136.472637, 57.8874 ], [ -136.521362, 57.901106 ], [ -136.509359, 57.927178 ], [ -136.569016, 57.907042 ], [ -136.562837, 57.9838 ], [ -136.533246, 57.99791 ], [ -136.565927, 58.005467 ] ] ], [ [ [ -134.891901, 57.43022 ], [ -134.88391, 57.43405 ], [ -134.867932, 57.429116 ], [ -134.891901, 57.43022 ] ] ], [ [ [ -134.926575, 58.576841 ], [ -134.908868, 58.551987 ], [ -134.935726, 58.577584 ], [ -134.926575, 58.576841 ] ] ], [ [ [ -135.029823, 58.519719 ], [ -134.968645, 58.500984 ], [ -134.93941, 58.471168 ], [ -134.996929, 58.48024 ], [ -135.029823, 58.519719 ] ] ], [ [ [ -134.982549, 58.453701 ], [ -134.994908, 58.463274 ], [ -134.978508, 58.454447 ], [ -134.982549, 58.453701 ] ] ], [ [ [ -135.036933, 58.525673 ], [ -135.038217, 58.53314 ], [ -135.027545, 58.524217 ], [ -135.036933, 58.525673 ] ] ], [ [ [ -135.085227, 58.266554 ], [ -135.048862, 58.223148 ], [ -135.079047, 58.247547 ], [ -135.085227, 58.266554 ] ] ], [ [ [ -135.116437, 57.89757 ], [ -135.104, 57.899373 ], [ -135.102539, 57.898485 ], [ -135.116437, 57.89757 ] ] ], [ [ [ -135.266339, 59.033801 ], [ -135.24875, 59.006396 ], [ -135.278698, 59.037837 ], [ -135.266339, 59.033801 ] ] ], [ [ [ -135.255881, 58.178248 ], [ -135.259208, 58.170415 ], [ -135.259565, 58.17994 ], [ -135.255881, 58.178248 ] ] ], [ [ [ -135.275608, 59.080119 ], [ -135.270379, 59.070958 ], [ -135.280124, 59.078409 ], [ -135.275608, 59.080119 ] ] ], [ [ [ -135.274657, 59.045417 ], [ -135.285828, 59.063872 ], [ -135.27133, 59.048718 ], [ -135.274657, 59.045417 ] ] ], [ [ [ -135.353092, 59.015574 ], [ -135.296762, 58.963655 ], [ -135.305793, 58.90061 ], [ -135.353092, 59.015574 ] ] ], [ [ [ -135.329708, 57.028297 ], [ -135.324664, 57.031948 ], [ -135.322875, 57.026793 ], [ -135.329708, 57.028297 ] ] ], [ [ [ -135.333675, 57.024139 ], [ -135.336239, 57.027767 ], [ -135.331504, 57.025006 ], [ -135.333675, 57.024139 ] ] ], [ [ [ -135.341262, 57.023216 ], [ -135.346198, 57.02595 ], [ -135.341006, 57.026168 ], [ -135.341262, 57.023216 ] ] ], [ [ [ -135.358024, 57.05496 ], [ -135.350956, 57.039872 ], [ -135.373493, 57.05345 ], [ -135.358024, 57.05496 ] ] ], [ [ [ -135.514576, 57.227569 ], [ -135.390635, 57.242271 ], [ -135.436538, 57.189349 ], [ -135.419252, 57.179092 ], [ -135.514576, 57.227569 ] ] ], [ [ [ -135.398803, 59.149498 ], [ -135.39685, 59.141626 ], [ -135.402123, 59.14903 ], [ -135.398803, 59.149498 ] ] ], [ [ [ -135.403502, 56.925938 ], [ -135.405792, 56.921919 ], [ -135.408936, 56.923895 ], [ -135.403502, 56.925938 ] ] ], [ [ [ -135.40539, 57.075576 ], [ -135.410707, 57.08588 ], [ -135.403973, 57.07642 ], [ -135.40539, 57.075576 ] ] ], [ [ [ -135.42379, 56.841217 ], [ -135.413847, 56.840537 ], [ -135.422325, 56.838337 ], [ -135.42379, 56.841217 ] ] ], [ [ [ -135.42572, 57.129472 ], [ -135.422276, 57.140708 ], [ -135.417609, 57.139194 ], [ -135.42572, 57.129472 ] ] ], [ [ [ -135.428983, 56.851653 ], [ -135.425953, 56.846603 ], [ -135.431855, 56.849797 ], [ -135.428983, 56.851653 ] ] ], [ [ [ -135.435845, 56.879885 ], [ -135.439425, 56.894347 ], [ -135.432704, 56.879894 ], [ -135.435845, 56.879885 ] ] ], [ [ [ -135.875748, 57.223826 ], [ -135.833916, 57.255466 ], [ -135.860774, 57.26652 ], [ -135.827499, 57.305698 ], [ -135.863389, 57.329955 ], [ -135.764752, 57.350733 ], [ -135.741697, 57.326362 ], [ -135.626933, 57.301364 ], [ -135.577222, 57.256237 ], [ -135.567477, 57.227686 ], [ -135.65637, 57.25148 ], [ -135.602179, 57.199886 ], [ -135.604793, 57.163946 ], [ -135.549414, 57.188425 ], [ -135.539907, 57.221896 ], [ -135.556306, 57.226271 ], [ -135.536341, 57.228458 ], [ -135.433901, 57.1566 ], [ -135.473832, 57.170003 ], [ -135.526359, 57.154795 ], [ -135.512573, 57.139838 ], [ -135.566764, 57.15531 ], [ -135.57128, 57.090154 ], [ -135.63688, 57.009874 ], [ -135.852455, 56.992917 ], [ -135.847702, 57.088734 ], [ -135.762375, 57.113779 ], [ -135.734804, 57.150669 ], [ -135.829638, 57.167684 ], [ -135.802067, 57.234633 ], [ -135.811812, 57.248651 ], [ -135.875748, 57.223826 ] ] ], [ [ [ -135.447354, 57.114212 ], [ -135.442045, 57.086973 ], [ -135.469211, 57.107425 ], [ -135.447354, 57.114212 ] ] ], [ [ [ -135.451742, 56.814191 ], [ -135.453382, 56.833868 ], [ -135.442561, 56.830426 ], [ -135.451742, 56.814191 ] ] ], [ [ [ -135.444719, 57.56286 ], [ -135.451379, 57.563227 ], [ -135.445451, 57.564439 ], [ -135.444719, 57.56286 ] ] ], [ [ [ -135.457108, 58.317997 ], [ -135.462479, 58.328544 ], [ -135.450075, 58.319241 ], [ -135.457108, 58.317997 ] ] ], [ [ [ -135.469226, 56.836788 ], [ -135.475332, 56.821311 ], [ -135.493592, 56.827546 ], [ -135.469226, 56.836788 ] ] ], [ [ [ -135.480724, 57.104227 ], [ -135.472341, 57.110542 ], [ -135.480844, 57.099898 ], [ -135.480724, 57.104227 ] ] ], [ [ [ -135.481423, 58.343327 ], [ -135.486668, 58.340733 ], [ -135.488621, 58.343642 ], [ -135.481423, 58.343327 ] ] ], [ [ [ -135.486839, 57.098478 ], [ -135.490999, 57.092687 ], [ -135.491895, 57.099967 ], [ -135.486839, 57.098478 ] ] ], [ [ [ -135.48995, 58.188918 ], [ -135.49411, 58.18328 ], [ -135.50124, 58.189044 ], [ -135.48995, 58.188918 ] ] ], [ [ [ -135.49209, 58.149431 ], [ -135.496605, 58.153194 ], [ -135.491139, 58.15194 ], [ -135.49209, 58.149431 ] ] ], [ [ [ -135.563685, 56.847083 ], [ -135.506516, 56.862584 ], [ -135.50371, 56.852685 ], [ -135.542032, 56.834876 ], [ -135.563685, 56.847083 ] ] ], [ [ [ -135.655544, 58.384798 ], [ -135.58614, 58.367593 ], [ -135.537601, 58.339858 ], [ -135.679893, 58.331475 ], [ -135.732663, 58.369232 ], [ -135.655544, 58.384798 ] ] ], [ [ [ -135.702479, 56.982428 ], [ -135.712937, 56.989162 ], [ -135.698914, 56.983982 ], [ -135.702479, 56.982428 ] ] ], [ [ [ -135.907078, 57.403012 ], [ -135.875705, 57.412358 ], [ -135.865722, 57.404804 ], [ -135.907078, 57.403012 ] ] ], [ [ [ -135.993063, 58.651946 ], [ -135.986811, 58.65598 ], [ -135.988412, 58.649439 ], [ -135.993063, 58.651946 ] ] ], [ [ [ -135.989598, 58.519762 ], [ -136.005523, 58.506045 ], [ -136.027151, 58.506045 ], [ -136.019189, 58.519948 ], [ -135.989598, 58.519762 ] ] ], [ [ [ -136.156925, 58.278553 ], [ -136.03856, 58.319395 ], [ -136.037134, 58.272929 ], [ -136.100832, 58.257177 ], [ -136.156925, 58.278553 ] ] ], [ [ [ -136.051632, 58.727445 ], [ -136.05496, 58.718683 ], [ -136.060664, 58.722632 ], [ -136.051632, 58.727445 ] ] ], [ [ [ -136.06222, 58.672597 ], [ -136.061895, 58.668523 ], [ -136.067411, 58.672521 ], [ -136.06222, 58.672597 ] ] ], [ [ [ -136.079679, 58.790682 ], [ -136.068745, 58.78982 ], [ -136.071835, 58.782922 ], [ -136.079679, 58.790682 ] ] ], [ [ [ -136.107915, 58.602558 ], [ -136.096295, 58.561153 ], [ -136.151933, 58.594525 ], [ -136.144271, 58.609013 ], [ -136.107915, 58.602558 ] ] ], [ [ [ -136.18295, 58.630888 ], [ -136.178672, 58.624454 ], [ -136.186991, 58.632373 ], [ -136.18295, 58.630888 ] ] ], [ [ [ -136.233339, 58.676883 ], [ -136.202678, 58.636332 ], [ -136.206481, 58.632373 ], [ -136.246886, 58.657973 ], [ -136.233339, 58.676883 ] ] ], [ [ [ -136.291763, 57.715856 ], [ -136.252546, 57.728168 ], [ -136.230442, 57.703667 ], [ -136.263954, 57.689187 ], [ -136.291763, 57.715856 ] ] ], [ [ [ -136.239346, 58.197023 ], [ -136.243944, 58.203098 ], [ -136.237385, 58.199608 ], [ -136.239346, 58.197023 ] ] ], [ [ [ -136.406726, 58.267679 ], [ -136.324183, 58.256633 ], [ -136.343246, 58.270777 ], [ -136.279971, 58.266117 ], [ -136.311892, 58.229656 ], [ -136.361804, 58.22828 ], [ -136.406726, 58.267679 ] ] ], [ [ [ -136.404706, 58.201144 ], [ -136.369173, 58.199703 ], [ -136.406607, 58.194192 ], [ -136.404706, 58.201144 ] ] ], [ [ [ -136.381352, 57.80397 ], [ -136.384193, 57.79832 ], [ -136.38796, 57.802154 ], [ -136.381352, 57.80397 ] ] ], [ [ [ -136.405062, 58.17853 ], [ -136.38581, 58.155589 ], [ -136.413024, 58.175961 ], [ -136.405062, 58.17853 ] ] ], [ [ [ -136.479381, 58.783725 ], [ -136.437692, 58.760771 ], [ -136.481923, 58.773296 ], [ -136.479381, 58.783725 ] ] ], [ [ [ -136.47314, 58.759406 ], [ -136.512419, 58.77059 ], [ -136.513486, 58.774114 ], [ -136.47314, 58.759406 ] ] ], [ [ [ -136.562406, 58.896989 ], [ -136.566209, 58.880286 ], [ -136.577855, 58.890972 ], [ -136.562406, 58.896989 ] ] ], [ [ [ -136.783092, 58.27721 ], [ -136.776781, 58.276046 ], [ -136.785005, 58.274713 ], [ -136.783092, 58.27721 ] ] ], [ [ [ -136.810306, 58.941774 ], [ -136.787964, 58.905582 ], [ -136.864259, 58.935765 ], [ -136.848573, 58.948886 ], [ -136.810306, 58.941774 ] ] ], [ [ [ -139.502742, 59.698277 ], [ -139.509516, 59.704033 ], [ -139.500603, 59.702474 ], [ -139.502742, 59.698277 ] ] ], [ [ [ -139.597457, 59.714942 ], [ -139.551348, 59.729502 ], [ -139.516765, 59.717818 ], [ -139.597457, 59.714942 ] ] ], [ [ [ -139.531264, 59.974391 ], [ -139.53162, 59.960176 ], [ -139.546594, 59.970942 ], [ -139.531264, 59.974391 ] ] ], [ [ [ -139.651173, 59.672904 ], [ -139.646657, 59.663301 ], [ -139.655808, 59.664922 ], [ -139.651173, 59.672904 ] ] ], [ [ [ -139.67304, 59.630212 ], [ -139.64024, 59.626066 ], [ -139.676011, 59.625465 ], [ -139.67304, 59.630212 ] ] ], [ [ [ -139.657234, 59.64595 ], [ -139.66068, 59.635919 ], [ -139.666266, 59.644749 ], [ -139.657234, 59.64595 ] ] ], [ [ [ -139.655689, 59.598774 ], [ -139.660918, 59.591616 ], [ -139.659848, 59.60148 ], [ -139.655689, 59.598774 ] ] ], [ [ [ -139.806734, 59.584879 ], [ -139.728538, 59.638863 ], [ -139.713564, 59.635679 ], [ -139.748028, 59.615789 ], [ -139.732103, 59.610379 ], [ -139.718555, 59.576033 ], [ -139.76728, 59.593241 ], [ -139.76419, 59.573987 ], [ -139.782372, 59.576154 ], [ -139.765378, 59.558095 ], [ -139.785343, 59.557011 ], [ -139.806734, 59.584879 ] ] ], [ [ [ -144.571381, 59.841964 ], [ -144.331325, 59.990294 ], [ -144.192282, 60.000991 ], [ -144.413086, 59.904117 ], [ -144.603468, 59.788666 ], [ -144.571381, 59.841964 ] ] ], [ [ [ -144.433527, 60.155591 ], [ -144.325145, 60.124587 ], [ -144.346061, 60.091302 ], [ -144.433527, 60.155591 ] ] ], [ [ [ -144.394547, 60.051102 ], [ -144.366026, 59.989819 ], [ -144.393597, 59.993504 ], [ -144.394547, 60.051102 ] ] ], [ [ [ -145.0755, 60.352292 ], [ -145.040323, 60.358758 ], [ -145.090474, 60.319826 ], [ -145.0755, 60.352292 ] ] ], [ [ [ -145.611586, 60.393533 ], [ -145.651754, 60.392242 ], [ -145.653656, 60.394355 ], [ -145.611586, 60.393533 ] ] ], [ [ [ -145.729119, 60.619985 ], [ -145.726505, 60.62564 ], [ -145.722464, 60.626048 ], [ -145.729119, 60.619985 ] ] ], [ [ [ -145.743023, 60.603481 ], [ -145.735061, 60.594613 ], [ -145.748965, 60.593213 ], [ -145.743023, 60.603481 ] ] ], [ [ [ -146.013503, 60.394943 ], [ -145.757522, 60.39095 ], [ -145.742548, 60.37709 ], [ -145.831202, 60.350293 ], [ -146.013503, 60.394943 ] ] ], [ [ [ -146.336985, 60.463911 ], [ -146.290162, 60.516595 ], [ -146.14494, 60.521858 ], [ -145.998054, 60.570127 ], [ -145.939347, 60.559381 ], [ -145.971196, 60.573513 ], [ -145.760374, 60.615408 ], [ -145.792698, 60.593009 ], [ -145.766554, 60.585072 ], [ -145.822646, 60.552487 ], [ -146.101682, 60.473752 ], [ -146.311553, 60.452192 ], [ -146.336985, 60.463911 ] ] ], [ [ [ -145.771669, 60.548029 ], [ -145.774625, 60.548164 ], [ -145.77029, 60.550082 ], [ -145.771669, 60.548029 ] ] ], [ [ [ -145.802681, 60.619169 ], [ -145.797808, 60.614679 ], [ -145.807672, 60.612463 ], [ -145.802681, 60.619169 ] ] ], [ [ [ -145.962933, 60.684176 ], [ -145.965877, 60.678875 ], [ -145.970528, 60.679708 ], [ -145.962933, 60.684176 ] ] ], [ [ [ -145.988546, 60.675063 ], [ -145.9851, 60.672444 ], [ -146.010175, 60.672328 ], [ -145.988546, 60.675063 ] ] ], [ [ [ -145.998291, 60.460865 ], [ -146.017543, 60.467778 ], [ -145.992349, 60.462271 ], [ -145.998291, 60.460865 ] ] ], [ [ [ -146.730107, 60.389423 ], [ -146.613882, 60.482887 ], [ -146.444179, 60.467426 ], [ -146.392364, 60.482887 ], [ -146.349582, 60.476095 ], [ -146.376202, 60.4502 ], [ -146.357663, 60.447972 ], [ -146.359802, 60.406447 ], [ -146.12545, 60.431674 ], [ -146.124262, 60.413372 ], [ -146.087897, 60.409264 ], [ -146.075062, 60.36722 ], [ -146.378104, 60.329004 ], [ -146.62838, 60.2338 ], [ -146.701348, 60.278491 ], [ -146.526178, 60.335945 ], [ -146.515245, 60.359816 ], [ -146.613406, 60.353232 ], [ -146.65405, 60.328063 ], [ -146.724641, 60.343238 ], [ -146.730107, 60.389423 ] ] ], [ [ [ -146.814008, 60.833045 ], [ -146.794043, 60.865173 ], [ -146.751142, 60.853946 ], [ -146.765165, 60.881659 ], [ -146.701348, 60.848332 ], [ -146.731177, 60.840168 ], [ -146.714064, 60.821518 ], [ -146.734029, 60.810333 ], [ -146.797608, 60.805696 ], [ -146.814008, 60.833045 ] ] ], [ [ [ -146.708487, 60.85729 ], [ -146.712044, 60.863032 ], [ -146.705625, 60.858138 ], [ -146.708487, 60.85729 ] ] ], [ [ [ -146.732795, 60.878248 ], [ -146.732825, 60.874377 ], [ -146.737303, 60.87699 ], [ -146.732795, 60.878248 ] ] ], [ [ [ -146.816741, 60.894321 ], [ -146.777881, 60.897673 ], [ -146.757797, 60.885822 ], [ -146.816741, 60.894321 ] ] ], [ [ [ -146.820901, 60.855046 ], [ -146.832191, 60.845321 ], [ -146.846451, 60.844569 ], [ -146.820901, 60.855046 ] ] ], [ [ [ -147.913316, 59.837181 ], [ -147.861977, 59.871915 ], [ -147.754783, 59.882531 ], [ -147.814916, 59.908758 ], [ -147.740047, 59.955082 ], [ -147.666604, 59.965196 ], [ -147.707247, 59.982917 ], [ -147.695363, 59.996706 ], [ -147.404919, 60.112621 ], [ -147.374258, 60.160315 ], [ -147.316026, 60.190459 ], [ -147.31151, 60.223998 ], [ -147.197662, 60.245827 ], [ -147.18554, 60.255734 ], [ -147.225946, 60.254908 ], [ -147.192195, 60.275656 ], [ -147.233314, 60.289559 ], [ -147.167239, 60.309696 ], [ -147.215488, 60.327586 ], [ -147.210542, 60.34707 ], [ -147.113153, 60.38059 ], [ -147.08885, 60.364689 ], [ -147.140485, 60.335316 ], [ -147.002051, 60.344289 ], [ -147.111146, 60.262218 ], [ -146.915536, 60.303927 ], [ -146.965686, 60.24854 ], [ -147.199326, 60.151208 ], [ -147.35762, 60.044925 ], [ -147.38329, 59.978279 ], [ -147.339794, 59.962102 ], [ -147.342884, 59.957581 ], [ -147.421081, 59.966147 ], [ -147.496188, 59.938894 ], [ -147.490721, 59.911618 ], [ -147.44271, 59.901727 ], [ -147.435104, 59.871318 ], [ -147.456257, 59.860938 ], [ -147.534929, 59.834075 ], [ -147.616097, 59.850553 ], [ -147.68241, 59.798943 ], [ -147.872316, 59.763773 ], [ -147.92924, 59.783875 ], [ -147.897629, 59.801932 ], [ -147.913316, 59.837181 ] ] ], [ [ [ -147.028315, 60.985229 ], [ -147.058583, 60.956902 ], [ -147.070813, 60.962565 ], [ -147.028315, 60.985229 ] ] ], [ [ [ -147.324632, 60.878438 ], [ -147.133026, 60.913091 ], [ -147.145967, 60.897572 ], [ -147.116365, 60.899523 ], [ -147.170132, 60.874405 ], [ -147.124476, 60.874051 ], [ -147.100025, 60.903481 ], [ -147.072241, 60.893605 ], [ -147.148676, 60.852309 ], [ -147.191634, 60.86136 ], [ -147.178664, 60.881359 ], [ -147.229023, 60.865634 ], [ -147.324632, 60.878438 ] ] ], [ [ [ -147.166974, 60.90972 ], [ -147.169134, 60.912648 ], [ -147.165088, 60.911669 ], [ -147.166974, 60.90972 ] ] ], [ [ [ -147.237641, 70.221143 ], [ -147.180836, 70.219776 ], [ -147.265093, 70.212817 ], [ -147.237641, 70.221143 ] ] ], [ [ [ -147.261839, 60.965944 ], [ -147.256648, 60.959549 ], [ -147.266168, 60.963963 ], [ -147.261839, 60.965944 ] ] ], [ [ [ -147.502903, 60.654618 ], [ -147.434689, 60.656714 ], [ -147.480086, 60.691055 ], [ -147.409495, 60.688379 ], [ -147.379547, 60.651706 ], [ -147.334864, 60.676392 ], [ -147.302301, 60.661722 ], [ -147.345797, 60.628166 ], [ -147.388104, 60.627117 ], [ -147.389768, 60.651822 ], [ -147.473906, 60.617322 ], [ -147.438254, 60.649026 ], [ -147.502903, 60.654618 ] ] ], [ [ [ -147.387632, 60.52795 ], [ -147.315854, 60.530333 ], [ -147.408476, 60.518633 ], [ -147.387632, 60.52795 ] ] ], [ [ [ -147.498564, 60.264105 ], [ -147.392322, 60.30428 ], [ -147.339794, 60.303692 ], [ -147.351441, 60.269291 ], [ -147.50308, 60.234383 ], [ -147.498564, 60.264105 ] ] ], [ [ [ -147.418289, 60.698734 ], [ -147.355304, 60.702339 ], [ -147.376933, 60.68419 ], [ -147.418289, 60.698734 ] ] ], [ [ [ -147.486503, 60.727917 ], [ -147.404741, 60.742673 ], [ -147.382162, 60.737213 ], [ -147.410446, 60.717339 ], [ -147.486503, 60.727917 ] ] ], [ [ [ -147.386617, 59.874897 ], [ -147.411811, 59.86404 ], [ -147.417753, 59.868932 ], [ -147.386617, 59.874897 ] ] ], [ [ [ -147.430641, 60.513937 ], [ -147.426384, 60.521883 ], [ -147.420953, 60.518199 ], [ -147.430641, 60.513937 ] ] ], [ [ [ -147.43118, 60.878119 ], [ -147.447029, 60.8677 ], [ -147.460063, 60.879808 ], [ -147.43118, 60.878119 ] ] ], [ [ [ -147.461929, 60.930851 ], [ -147.455647, 60.931365 ], [ -147.45811, 60.927827 ], [ -147.461929, 60.930851 ] ] ], [ [ [ -147.456391, 59.845389 ], [ -147.462539, 59.843482 ], [ -147.46063, 59.846243 ], [ -147.456391, 59.845389 ] ] ], [ [ [ -147.464856, 60.86328 ], [ -147.467058, 60.856579 ], [ -147.470728, 60.857383 ], [ -147.464856, 60.86328 ] ] ], [ [ [ -147.469425, 60.920554 ], [ -147.458848, 60.918052 ], [ -147.460259, 60.916626 ], [ -147.469425, 60.920554 ] ] ], [ [ [ -147.578317, 60.867717 ], [ -147.557957, 60.877589 ], [ -147.548105, 60.868467 ], [ -147.578317, 60.867717 ] ] ], [ [ [ -147.60531, 60.543391 ], [ -147.576672, 60.551496 ], [ -147.585261, 60.573069 ], [ -147.551561, 60.571361 ], [ -147.582814, 60.52358 ], [ -147.615954, 60.535084 ], [ -147.621647, 60.567789 ], [ -147.60531, 60.543391 ] ] ], [ [ [ -147.586889, 60.501265 ], [ -147.576385, 60.493122 ], [ -147.587137, 60.497451 ], [ -147.586889, 60.501265 ] ] ], [ [ [ -147.583477, 60.515357 ], [ -147.591208, 60.518268 ], [ -147.58059, 60.517585 ], [ -147.583477, 60.515357 ] ] ], [ [ [ -147.922883, 60.291853 ], [ -147.743673, 60.325053 ], [ -147.765539, 60.342816 ], [ -147.89246, 60.315285 ], [ -147.90482, 60.336817 ], [ -147.869881, 60.347637 ], [ -147.882953, 60.361863 ], [ -147.791446, 60.478017 ], [ -147.768391, 60.475206 ], [ -147.781226, 60.43829 ], [ -147.731551, 60.44427 ], [ -147.721093, 60.507752 ], [ -147.668566, 60.495463 ], [ -147.645986, 60.507752 ], [ -147.649251, 60.542178 ], [ -147.602951, 60.500439 ], [ -147.639094, 60.488673 ], [ -147.623073, 60.46284 ], [ -147.65255, 60.452293 ], [ -147.612535, 60.423487 ], [ -147.694235, 60.397692 ], [ -147.626021, 60.392173 ], [ -147.617702, 60.366094 ], [ -147.745574, 60.255907 ], [ -147.734879, 60.236327 ], [ -147.698038, 60.242815 ], [ -147.721806, 60.201501 ], [ -147.7634, 60.201737 ], [ -147.745574, 60.184252 ], [ -147.76031, 60.155404 ], [ -147.795011, 60.164865 ], [ -147.78693, 60.185197 ], [ -147.848252, 60.194059 ], [ -147.812837, 60.221102 ], [ -147.954495, 60.228302 ], [ -147.969231, 60.250364 ], [ -147.922883, 60.291853 ] ] ], [ [ [ -147.607542, 60.527714 ], [ -147.612494, 60.519586 ], [ -147.614842, 60.524344 ], [ -147.607542, 60.527714 ] ] ], [ [ [ -147.672864, 60.803681 ], [ -147.664294, 60.812858 ], [ -147.658146, 60.812949 ], [ -147.672864, 60.803681 ] ] ], [ [ [ -147.71029, 60.796397 ], [ -147.721817, 60.785726 ], [ -147.74, 60.788916 ], [ -147.727403, 60.796745 ], [ -147.71029, 60.796397 ] ] ], [ [ [ -147.707517, 60.817855 ], [ -147.717763, 60.814766 ], [ -147.725402, 60.813858 ], [ -147.707517, 60.817855 ] ] ], [ [ [ -147.756348, 60.684832 ], [ -147.735742, 60.693607 ], [ -147.774273, 60.66036 ], [ -147.756348, 60.684832 ] ] ], [ [ [ -147.799182, 60.765999 ], [ -147.815106, 60.758221 ], [ -147.800251, 60.767218 ], [ -147.799182, 60.765999 ] ] ], [ [ [ -148.057506, 59.949581 ], [ -147.862371, 60.0774 ], [ -147.815548, 60.05973 ], [ -147.899924, 59.975517 ], [ -148.031599, 59.937915 ], [ -148.057506, 59.949581 ] ] ], [ [ [ -147.838043, 60.79054 ], [ -147.853016, 60.794715 ], [ -147.837805, 60.793846 ], [ -147.838043, 60.79054 ] ] ], [ [ [ -148.021408, 60.724029 ], [ -147.973674, 60.702645 ], [ -147.947044, 60.703751 ], [ -147.981462, 60.741101 ], [ -147.962118, 60.7508 ], [ -147.924433, 60.71002 ], [ -147.934734, 60.739382 ], [ -147.845547, 60.691948 ], [ -147.87268, 60.669189 ], [ -147.922172, 60.68383 ], [ -147.935236, 60.655525 ], [ -148.001058, 60.686413 ], [ -147.99729, 60.711003 ], [ -148.021408, 60.724029 ] ] ], [ [ [ -148.135702, 60.006543 ], [ -148.157807, 60.010939 ], [ -148.121442, 60.025429 ], [ -148.077233, 60.091624 ], [ -148.018051, 60.122896 ], [ -148.001651, 60.09909 ], [ -147.976932, 60.160644 ], [ -147.962909, 60.125975 ], [ -147.890655, 60.116029 ], [ -148.121204, 59.985624 ], [ -148.158044, 59.996442 ], [ -148.135702, 60.006543 ] ] ], [ [ [ -147.939307, 60.500084 ], [ -147.941039, 60.51168 ], [ -147.934861, 60.511202 ], [ -147.939307, 60.500084 ] ] ], [ [ [ -147.982558, 70.312561 ], [ -147.988945, 70.318834 ], [ -147.962303, 70.315469 ], [ -147.982558, 70.312561 ] ] ], [ [ [ -148.148441, 60.328583 ], [ -148.055271, 60.376551 ], [ -147.987532, 60.370794 ], [ -148.025798, 60.276301 ], [ -148.151056, 60.294208 ], [ -148.148441, 60.328583 ] ] ], [ [ [ -148.176583, 59.952794 ], [ -148.216989, 59.952318 ], [ -148.183238, 59.971949 ], [ -148.220554, 59.97635 ], [ -148.11218, 59.966935 ], [ -147.994283, 60.035877 ], [ -148.104091, 59.950652 ], [ -148.162323, 59.936248 ], [ -148.251215, 59.935414 ], [ -148.176583, 59.952794 ] ] ], [ [ [ -148.046097, 60.161176 ], [ -148.001057, 60.174064 ], [ -148.037897, 60.147277 ], [ -148.046097, 60.161176 ] ] ], [ [ [ -148.079794, 59.92793 ], [ -148.08342, 59.922859 ], [ -148.085958, 59.926603 ], [ -148.079794, 59.92793 ] ] ], [ [ [ -148.154072, 60.618466 ], [ -148.142272, 60.630501 ], [ -148.138408, 60.629591 ], [ -148.154072, 60.618466 ] ] ], [ [ [ -148.18815, 60.269173 ], [ -148.19199, 60.26607 ], [ -148.194127, 60.268471 ], [ -148.18815, 60.269173 ] ] ], [ [ [ -148.948708, 70.480869 ], [ -148.902537, 70.482465 ], [ -148.899946, 70.482007 ], [ -148.948708, 70.480869 ] ] ], [ [ [ -149.161791, 70.518122 ], [ -149.147478, 70.516644 ], [ -149.146667, 70.515204 ], [ -149.161791, 70.518122 ] ] ], [ [ [ -149.271043, 70.531514 ], [ -149.251021, 70.52934 ], [ -149.25002, 70.527875 ], [ -149.257874, 70.523677 ], [ -149.271043, 70.531514 ] ] ], [ [ [ -149.334916, 59.909566 ], [ -149.350484, 59.937974 ], [ -149.308414, 59.939343 ], [ -149.339669, 59.897766 ], [ -149.364625, 59.902713 ], [ -149.334916, 59.909566 ] ] ], [ [ [ -149.382214, 59.888407 ], [ -149.365576, 59.87827 ], [ -149.384115, 59.882564 ], [ -149.382214, 59.888407 ] ] ], [ [ [ -149.382773, 59.869064 ], [ -149.363996, 59.849253 ], [ -149.369225, 59.838984 ], [ -149.383248, 59.835043 ], [ -149.380871, 59.853192 ], [ -149.411532, 59.851043 ], [ -149.382773, 59.869064 ] ] ], [ [ [ -149.426819, 70.549443 ], [ -149.581853, 70.555079 ], [ -149.591009, 70.562492 ], [ -149.426819, 70.549443 ] ] ], [ [ [ -149.506401, 59.781097 ], [ -149.515196, 59.765183 ], [ -149.524584, 59.783728 ], [ -149.506401, 59.781097 ] ] ], [ [ [ -149.563563, 59.70283 ], [ -149.558216, 59.696894 ], [ -149.573308, 59.70247 ], [ -149.563563, 59.70283 ] ] ], [ [ [ -149.655842, 59.694348 ], [ -149.644621, 59.679201 ], [ -149.652971, 59.65126 ], [ -149.619308, 59.665233 ], [ -149.594256, 59.629497 ], [ -149.665758, 59.640842 ], [ -149.655842, 59.694348 ] ] ], [ [ [ -149.632159, 59.61686 ], [ -149.627737, 59.61159 ], [ -149.638353, 59.612947 ], [ -149.632159, 59.61686 ] ] ], [ [ [ -149.714847, 59.656094 ], [ -149.711163, 59.660476 ], [ -149.712113, 59.655494 ], [ -149.714847, 59.656094 ] ] ], [ [ [ -149.72004, 59.910928 ], [ -149.713777, 59.918442 ], [ -149.717651, 59.903677 ], [ -149.72004, 59.910928 ] ] ], [ [ [ -149.717223, 59.67788 ], [ -149.728751, 59.67962 ], [ -149.728038, 59.68268 ], [ -149.717223, 59.67788 ] ] ], [ [ [ -149.846046, 59.67608 ], [ -149.801005, 59.653212 ], [ -149.760719, 59.608271 ], [ -149.846046, 59.67608 ] ] ], [ [ [ -150.228184, 61.165142 ], [ -150.17709, 61.175128 ], [ -150.158897, 61.171582 ], [ -150.225281, 61.126849 ], [ -150.285859, 61.127036 ], [ -150.249086, 61.133016 ], [ -150.228184, 61.165142 ] ] ], [ [ [ -150.439651, 59.367647 ], [ -150.389857, 59.373096 ], [ -150.364663, 59.382479 ], [ -150.385341, 59.341963 ], [ -150.432639, 59.344387 ], [ -150.383202, 59.357836 ], [ -150.439651, 59.367647 ] ] ], [ [ [ -150.769907, 59.336872 ], [ -150.689809, 59.391012 ], [ -150.710012, 59.393674 ], [ -150.706209, 59.417142 ], [ -150.603293, 59.384597 ], [ -150.625873, 59.387381 ], [ -150.618743, 59.351294 ], [ -150.720945, 59.288595 ], [ -150.714765, 59.309588 ], [ -150.775849, 59.307404 ], [ -150.750179, 59.324142 ], [ -150.769907, 59.336872 ] ] ], [ [ [ -150.701336, 59.420468 ], [ -150.694444, 59.422946 ], [ -150.690165, 59.421556 ], [ -150.701336, 59.420468 ] ] ], [ [ [ -150.911861, 59.304242 ], [ -150.898967, 59.307495 ], [ -150.894415, 59.305238 ], [ -150.911861, 59.304242 ] ] ], [ [ [ -151.528818, 59.147586 ], [ -151.432083, 59.134969 ], [ -151.432796, 59.111549 ], [ -151.520618, 59.127957 ], [ -151.528818, 59.147586 ] ] ], [ [ [ -151.476766, 59.538547 ], [ -151.470943, 59.542523 ], [ -151.470111, 59.539571 ], [ -151.476766, 59.538547 ] ] ], [ [ [ -151.495187, 59.532793 ], [ -151.48972, 59.511817 ], [ -151.516102, 59.522789 ], [ -151.495187, 59.532793 ] ] ], [ [ [ -151.501983, 59.506126 ], [ -151.528384, 59.503965 ], [ -151.530654, 59.5056 ], [ -151.522717, 59.509412 ], [ -151.501983, 59.506126 ] ] ], [ [ [ -151.726568, 59.115088 ], [ -151.638389, 59.117406 ], [ -151.639102, 59.11039 ], [ -151.713733, 59.101115 ], [ -151.726568, 59.115088 ] ] ], [ [ [ -151.725086, 70.510699 ], [ -151.737297, 70.517392 ], [ -151.71959, 70.514935 ], [ -151.725086, 70.510699 ] ] ], [ [ [ -151.894944, 58.189038 ], [ -151.839327, 58.26688 ], [ -151.789177, 58.251 ], [ -151.807954, 58.186908 ], [ -151.85644, 58.16673 ], [ -151.894944, 58.189038 ] ] ], [ [ [ -151.881885, 59.156005 ], [ -151.797072, 59.174847 ], [ -151.792717, 59.140212 ], [ -151.881885, 59.156005 ] ] ], [ [ [ -152.021013, 60.367106 ], [ -152.019825, 60.401169 ], [ -151.959217, 60.446217 ], [ -151.979182, 60.488277 ], [ -151.953037, 60.512153 ], [ -151.834672, 60.483242 ], [ -151.976092, 60.402695 ], [ -151.958504, 60.369339 ], [ -152.086375, 60.344535 ], [ -152.021013, 60.367106 ] ] ], [ [ [ -151.883114, 70.576245 ], [ -151.878004, 70.570435 ], [ -151.927085, 70.577865 ], [ -151.883114, 70.576245 ] ] ], [ [ [ -151.885467, 59.367895 ], [ -151.884431, 59.371924 ], [ -151.878577, 59.368854 ], [ -151.885467, 59.367895 ] ] ], [ [ [ -152.02438, 58.913863 ], [ -151.980885, 58.925581 ], [ -151.954027, 58.917115 ], [ -152.02438, 58.913863 ] ] ], [ [ [ -151.957508, 70.579446 ], [ -151.964638, 70.57668 ], [ -151.994586, 70.582251 ], [ -151.957508, 70.579446 ] ] ], [ [ [ -153.41966, 58.060766 ], [ -153.276339, 58.148172 ], [ -153.163204, 58.088669 ], [ -153.041274, 58.110774 ], [ -153.153459, 58.10663 ], [ -153.222861, 58.160838 ], [ -153.218583, 58.188036 ], [ -153.176038, 58.216841 ], [ -153.008712, 58.200062 ], [ -153.004433, 58.21972 ], [ -153.101407, 58.255753 ], [ -153.047216, 58.305612 ], [ -152.907222, 58.27188 ], [ -152.812897, 58.286259 ], [ -152.911738, 58.308484 ], [ -152.936695, 58.331078 ], [ -152.922672, 58.341059 ], [ -152.894749, 58.34479 ], [ -152.797141, 58.307488 ], [ -152.774096, 58.309995 ], [ -152.80811, 58.34318 ], [ -152.7784, 58.366249 ], [ -152.837345, 58.372232 ], [ -152.824272, 58.37971 ], [ -152.883692, 58.409729 ], [ -152.792898, 58.410102 ], [ -152.741797, 58.459496 ], [ -152.658134, 58.481744 ], [ -152.516715, 58.467452 ], [ -152.655995, 58.507083 ], [ -152.640308, 58.525454 ], [ -152.671682, 58.568737 ], [ -152.567578, 58.621497 ], [ -152.520993, 58.589801 ], [ -152.453492, 58.633252 ], [ -152.420692, 58.607758 ], [ -152.381475, 58.636469 ], [ -152.313498, 58.633129 ], [ -152.382426, 58.546544 ], [ -152.358658, 58.53079 ], [ -152.419028, 58.513787 ], [ -152.409283, 58.494292 ], [ -152.478924, 58.46969 ], [ -152.533352, 58.412343 ], [ -152.469179, 58.403503 ], [ -152.486529, 58.352783 ], [ -152.435904, 58.37323 ], [ -152.386942, 58.342556 ], [ -152.344872, 58.390674 ], [ -152.35842, 58.424542 ], [ -152.313498, 58.412468 ], [ -152.327284, 58.434995 ], [ -152.218664, 58.383697 ], [ -152.240768, 58.369116 ], [ -152.215812, 58.35216 ], [ -152.125969, 58.397525 ], [ -152.116224, 58.372482 ], [ -152.069401, 58.365127 ], [ -152.118363, 58.339312 ], [ -152.146885, 58.26663 ], [ -152.137615, 58.216841 ], [ -152.082949, 58.307735 ], [ -152.056804, 58.309733 ], [ -152.061796, 58.266505 ], [ -151.987164, 58.353282 ], [ -151.963634, 58.330079 ], [ -151.980747, 58.282378 ], [ -151.964822, 58.258504 ], [ -151.989066, 58.24262 ], [ -151.972903, 58.228731 ], [ -152.04801, 58.20194 ], [ -152.083662, 58.153439 ], [ -152.201551, 58.175881 ], [ -152.224369, 58.196429 ], [ -152.206305, 58.211958 ], [ -152.244809, 58.24337 ], [ -152.311122, 58.240869 ], [ -152.283313, 58.183525 ], [ -152.346061, 58.183901 ], [ -152.272855, 58.124583 ], [ -152.317539, 58.126215 ], [ -152.339643, 58.10123 ], [ -152.35533, 58.127093 ], [ -152.443985, 58.138889 ], [ -152.522181, 58.115671 ], [ -152.546425, 58.083266 ], [ -152.571143, 58.1055 ], [ -152.561161, 58.177009 ], [ -152.593723, 58.186532 ], [ -152.627711, 58.076982 ], [ -152.705195, 58.050202 ], [ -152.783391, 58.074091 ], [ -152.759386, 58.011695 ], [ -152.890823, 57.969238 ], [ -153.058387, 57.989402 ], [ -153.226664, 58.049699 ], [ -153.365231, 58.038 ], [ -153.41966, 58.060766 ] ] ], [ [ [ -152.078453, 58.913986 ], [ -152.041731, 58.95023 ], [ -152.003108, 58.941403 ], [ -152.078453, 58.913986 ] ] ], [ [ [ -152.045653, 58.891029 ], [ -152.043276, 58.883845 ], [ -152.051238, 58.885503 ], [ -152.045653, 58.891029 ] ] ], [ [ [ -152.143577, 58.967573 ], [ -152.159026, 58.967389 ], [ -152.162591, 58.969901 ], [ -152.143577, 58.967573 ] ] ], [ [ [ -154.796539, 57.346207 ], [ -154.718104, 57.369796 ], [ -154.693623, 57.409632 ], [ -154.716441, 57.430366 ], [ -154.665577, 57.45633 ], [ -154.62636, 57.512289 ], [ -154.53105, 57.541639 ], [ -154.522019, 57.573898 ], [ -154.423857, 57.581034 ], [ -154.349225, 57.639855 ], [ -154.261522, 57.642145 ], [ -154.232287, 57.663764 ], [ -153.993894, 57.656517 ], [ -153.970839, 57.567397 ], [ -153.984625, 57.544191 ], [ -153.924729, 57.533092 ], [ -153.920451, 57.506799 ], [ -153.873866, 57.511651 ], [ -153.873164, 57.551641 ], [ -153.806127, 57.586131 ], [ -153.878619, 57.632476 ], [ -153.868637, 57.648886 ], [ -153.647832, 57.651557 ], [ -153.797095, 57.696295 ], [ -153.925205, 57.703661 ], [ -153.934712, 57.803846 ], [ -153.862933, 57.839541 ], [ -153.847959, 57.871914 ], [ -153.789014, 57.868248 ], [ -153.725554, 57.90047 ], [ -153.620499, 57.884047 ], [ -153.626679, 57.84536 ], [ -153.570349, 57.831823 ], [ -153.530419, 57.781677 ], [ -153.553711, 57.728416 ], [ -153.522338, 57.711026 ], [ -153.488587, 57.775594 ], [ -153.437486, 57.768369 ], [ -153.479793, 57.843083 ], [ -153.317695, 57.803593 ], [ -153.265881, 57.816128 ], [ -153.489775, 57.897438 ], [ -153.533509, 57.927235 ], [ -153.503561, 57.966212 ], [ -153.343365, 57.93039 ], [ -153.213767, 57.847284 ], [ -153.232185, 57.894194 ], [ -153.087621, 57.844981 ], [ -153.167957, 57.917011 ], [ -153.305336, 57.986378 ], [ -153.280142, 58.000109 ], [ -153.127552, 57.949063 ], [ -152.933367, 57.948558 ], [ -152.805569, 57.913776 ], [ -152.79884, 57.89908 ], [ -152.862042, 57.87914 ], [ -152.845547, 57.867259 ], [ -152.913937, 57.819457 ], [ -152.893012, 57.792883 ], [ -152.910256, 57.757586 ], [ -152.864456, 57.722141 ], [ -152.842755, 57.729711 ], [ -152.853745, 57.782437 ], [ -152.831381, 57.839841 ], [ -152.786091, 57.857049 ], [ -152.735121, 57.817365 ], [ -152.709711, 57.863697 ], [ -152.635599, 57.893306 ], [ -152.628758, 57.919036 ], [ -152.588378, 57.923834 ], [ -152.557183, 57.888543 ], [ -152.530368, 57.907761 ], [ -152.471294, 57.895991 ], [ -152.461445, 57.872161 ], [ -152.402515, 57.85393 ], [ -152.446296, 57.838912 ], [ -152.427899, 57.814612 ], [ -152.359022, 57.836665 ], [ -152.324989, 57.822632 ], [ -152.40021, 57.776648 ], [ -152.468784, 57.767986 ], [ -152.528825, 57.708944 ], [ -152.443545, 57.724254 ], [ -152.477156, 57.707439 ], [ -152.46625, 57.68151 ], [ -152.508008, 57.659554 ], [ -152.49366, 57.646597 ], [ -152.416176, 57.685497 ], [ -152.370304, 57.678889 ], [ -152.468466, 57.598741 ], [ -152.427109, 57.594538 ], [ -152.343446, 57.653973 ], [ -152.310646, 57.619113 ], [ -152.14736, 57.627895 ], [ -152.157581, 57.588169 ], [ -152.294009, 57.517395 ], [ -152.324907, 57.469241 ], [ -152.314925, 57.432413 ], [ -152.339406, 57.422688 ], [ -152.438043, 57.437786 ], [ -152.482726, 57.421408 ], [ -152.452541, 57.458759 ], [ -152.487242, 57.468091 ], [ -152.52028, 57.43382 ], [ -152.585642, 57.446739 ], [ -152.612975, 57.476654 ], [ -152.685705, 57.466557 ], [ -152.746551, 57.506161 ], [ -152.919582, 57.501691 ], [ -152.888208, 57.486748 ], [ -152.903182, 57.467963 ], [ -152.810962, 57.471159 ], [ -152.724209, 57.422304 ], [ -152.626998, 57.406175 ], [ -152.602992, 57.360054 ], [ -152.700679, 57.278432 ], [ -152.744887, 57.31272 ], [ -152.816666, 57.265453 ], [ -152.859687, 57.273678 ], [ -152.842019, 57.303239 ], [ -152.881522, 57.289292 ], [ -152.914828, 57.318881 ], [ -152.873678, 57.352278 ], [ -153.095916, 57.312313 ], [ -153.144427, 57.321576 ], [ -153.156934, 57.358487 ], [ -153.168385, 57.31349 ], [ -153.205582, 57.305689 ], [ -153.096946, 57.285214 ], [ -153.012134, 57.297815 ], [ -152.942637, 57.256713 ], [ -153.071459, 57.213107 ], [ -153.212166, 57.218383 ], [ -153.159876, 57.188 ], [ -153.170572, 57.158108 ], [ -152.969495, 57.189932 ], [ -152.868005, 57.150889 ], [ -152.912451, 57.126256 ], [ -153.17176, 57.096959 ], [ -153.215018, 57.069319 ], [ -153.196241, 57.040365 ], [ -153.229992, 57.005305 ], [ -153.305811, 56.991583 ], [ -153.360715, 57.004399 ], [ -153.320785, 57.026526 ], [ -153.325776, 57.045795 ], [ -153.361904, 57.046959 ], [ -153.317458, 57.083271 ], [ -153.392802, 57.061307 ], [ -153.400646, 57.081204 ], [ -153.352397, 57.102381 ], [ -153.387098, 57.105609 ], [ -153.274438, 57.207057 ], [ -153.366657, 57.198302 ], [ -153.359527, 57.170222 ], [ -153.448419, 57.11232 ], [ -153.510454, 57.139026 ], [ -153.483596, 57.089082 ], [ -153.494054, 57.066605 ], [ -153.576053, 57.093215 ], [ -153.705826, 57.064925 ], [ -153.579381, 57.049803 ], [ -153.608378, 57.020963 ], [ -153.539926, 57.000646 ], [ -153.550146, 56.976172 ], [ -153.601485, 56.933013 ], [ -153.696081, 56.949349 ], [ -153.691803, 56.911479 ], [ -153.773803, 56.867725 ], [ -153.684673, 56.881233 ], [ -153.699409, 56.855382 ], [ -153.83251, 56.839004 ], [ -153.903576, 56.766389 ], [ -153.974404, 56.744368 ], [ -154.043807, 56.765086 ], [ -154.14696, 56.746454 ], [ -154.070189, 56.845894 ], [ -153.844631, 56.944812 ], [ -153.836313, 56.962957 ], [ -153.860794, 56.97669 ], [ -153.967512, 56.955311 ], [ -153.966799, 56.996891 ], [ -153.919738, 57.063892 ], [ -153.749322, 57.139928 ], [ -153.804226, 57.158881 ], [ -153.820388, 57.129094 ], [ -153.972503, 57.064667 ], [ -154.075656, 56.970084 ], [ -154.117012, 56.968658 ], [ -154.163835, 56.916539 ], [ -154.21042, 56.909533 ], [ -154.227058, 56.87474 ], [ -154.310721, 56.842904 ], [ -154.300026, 56.886817 ], [ -154.323081, 56.925101 ], [ -154.524871, 56.994691 ], [ -154.526297, 57.170738 ], [ -154.58025, 57.247327 ], [ -154.620893, 57.271237 ], [ -154.68269, 57.266867 ], [ -154.691722, 57.28614 ], [ -154.790597, 57.286654 ], [ -154.745437, 57.300524 ], [ -154.742823, 57.325297 ], [ -154.796539, 57.346207 ] ] ], [ [ [ -152.321124, 58.917115 ], [ -152.29593, 58.948575 ], [ -152.317321, 58.961691 ], [ -152.252078, 58.93846 ], [ -152.152728, 58.944713 ], [ -152.279649, 58.905517 ], [ -152.359034, 58.915704 ], [ -152.321124, 58.917115 ] ] ], [ [ [ -152.206681, 58.903246 ], [ -152.217733, 58.890108 ], [ -152.226408, 58.892442 ], [ -152.206681, 58.903246 ] ] ], [ [ [ -152.309458, 57.74935 ], [ -152.243858, 57.794347 ], [ -152.212247, 57.791433 ], [ -152.309458, 57.74935 ] ] ], [ [ [ -152.290919, 57.394907 ], [ -152.253603, 57.384019 ], [ -152.31849, 57.3639 ], [ -152.290919, 57.394907 ] ] ], [ [ [ -152.328235, 57.800553 ], [ -152.309933, 57.78155 ], [ -152.34915, 57.759114 ], [ -152.36151, 57.78079 ], [ -152.328235, 57.800553 ] ] ], [ [ [ -152.517824, 57.916783 ], [ -152.420237, 57.971482 ], [ -152.437615, 57.957025 ], [ -152.409845, 57.94262 ], [ -152.426021, 57.928137 ], [ -152.325604, 57.913239 ], [ -152.362461, 57.883541 ], [ -152.517824, 57.916783 ] ] ], [ [ [ -152.351162, 70.600299 ], [ -152.330722, 70.609179 ], [ -152.329652, 70.60693 ], [ -152.351162, 70.600299 ] ] ], [ [ [ -152.380522, 57.787599 ], [ -152.380205, 57.783544 ], [ -152.387097, 57.783609 ], [ -152.380522, 57.787599 ] ] ], [ [ [ -152.395518, 57.7725 ], [ -152.389999, 57.773417 ], [ -152.395087, 57.771981 ], [ -152.395518, 57.7725 ] ] ], [ [ [ -152.406473, 57.767929 ], [ -152.401274, 57.76724 ], [ -152.409031, 57.766234 ], [ -152.406473, 57.767929 ] ] ], [ [ [ -152.531451, 58.647353 ], [ -152.546187, 58.63783 ], [ -152.559259, 58.643148 ], [ -152.531451, 58.647353 ] ] ], [ [ [ -152.641315, 60.16386 ], [ -152.567636, 60.158927 ], [ -152.559511, 60.094914 ], [ -152.641315, 60.16386 ] ] ], [ [ [ -152.716817, 60.2258 ], [ -152.725893, 60.221884 ], [ -152.726145, 60.224247 ], [ -152.716817, 60.2258 ] ] ], [ [ [ -152.8604, 57.953351 ], [ -152.724922, 57.986882 ], [ -152.720644, 57.976801 ], [ -152.780777, 57.921177 ], [ -152.8604, 57.953351 ] ] ], [ [ [ -152.803496, 58.319917 ], [ -152.803207, 58.315953 ], [ -152.805993, 58.317722 ], [ -152.803496, 58.319917 ] ] ], [ [ [ -152.855875, 70.894693 ], [ -152.801328, 70.887768 ], [ -152.800377, 70.884499 ], [ -152.855875, 70.894693 ] ] ], [ [ [ -153.579004, 59.372044 ], [ -153.390524, 59.410891 ], [ -153.341087, 59.356904 ], [ -153.415243, 59.321391 ], [ -153.520772, 59.321512 ], [ -153.579004, 59.372044 ] ] ], [ [ [ -153.376778, 59.007922 ], [ -153.384384, 59.000579 ], [ -153.394842, 59.00321 ], [ -153.376778, 59.007922 ] ] ], [ [ [ -153.438337, 59.634834 ], [ -153.437149, 59.63952 ], [ -153.430969, 59.637718 ], [ -153.438337, 59.634834 ] ] ], [ [ [ -153.548007, 56.908105 ], [ -153.589601, 56.887336 ], [ -153.617885, 56.900059 ], [ -153.569636, 56.913166 ], [ -153.548007, 56.908105 ] ] ], [ [ [ -153.566209, 58.603654 ], [ -153.549452, 58.597525 ], [ -153.578212, 58.597401 ], [ -153.566209, 58.603654 ] ] ], [ [ [ -153.548738, 57.923367 ], [ -153.557441, 57.9231 ], [ -153.557119, 57.925042 ], [ -153.548738, 57.923367 ] ] ], [ [ [ -153.557236, 57.934442 ], [ -153.561333, 57.930222 ], [ -153.562995, 57.931869 ], [ -153.557236, 57.934442 ] ] ], [ [ [ -153.847008, 56.736547 ], [ -153.858654, 56.745932 ], [ -153.838452, 56.748799 ], [ -153.847008, 56.736547 ] ] ], [ [ [ -154.317376, 56.581354 ], [ -154.221591, 56.617205 ], [ -154.096572, 56.61982 ], [ -154.022653, 56.552938 ], [ -153.865785, 56.551104 ], [ -153.951587, 56.505092 ], [ -154.230148, 56.493548 ], [ -154.361822, 56.525811 ], [ -154.317376, 56.581354 ] ] ], [ [ [ -153.870301, 56.732897 ], [ -153.898347, 56.7209 ], [ -153.902625, 56.72716 ], [ -153.870301, 56.732897 ] ] ], [ [ [ -153.946596, 56.722465 ], [ -153.936613, 56.728594 ], [ -153.928532, 56.727812 ], [ -153.946596, 56.722465 ] ] ], [ [ [ -153.967293, 58.390781 ], [ -153.95636, 58.39184 ], [ -153.951844, 58.389909 ], [ -153.967293, 58.390781 ] ] ], [ [ [ -153.986189, 58.456992 ], [ -154.006624, 58.45688 ], [ -153.985976, 58.458196 ], [ -153.986189, 58.456992 ] ] ], [ [ [ -154.156229, 56.681885 ], [ -154.05165, 56.732114 ], [ -154.0179, 56.689978 ], [ -154.156229, 56.681885 ] ] ], [ [ [ -154.026832, 59.365951 ], [ -154.05987, 59.358078 ], [ -154.067, 59.360077 ], [ -154.0588, 59.365467 ], [ -154.026832, 59.365951 ] ] ], [ [ [ -154.0343, 56.994691 ], [ -154.027645, 56.988476 ], [ -154.035726, 56.985497 ], [ -154.0343, 56.994691 ] ] ], [ [ [ -154.211153, 58.311089 ], [ -154.196616, 58.31334 ], [ -154.208884, 58.308856 ], [ -154.211153, 58.311089 ] ] ], [ [ [ -154.276904, 58.286118 ], [ -154.280335, 58.294527 ], [ -154.270874, 58.293771 ], [ -154.276904, 58.286118 ] ] ], [ [ [ -154.727374, 56.500108 ], [ -154.513224, 56.600985 ], [ -154.387729, 56.571012 ], [ -154.470442, 56.511256 ], [ -154.59974, 56.483837 ], [ -154.728087, 56.4058 ], [ -154.768492, 56.404617 ], [ -154.793686, 56.436561 ], [ -154.727374, 56.500108 ] ] ], [ [ [ -154.445029, 58.05686 ], [ -154.423158, 58.057971 ], [ -154.44531, 58.05565 ], [ -154.445029, 58.05686 ] ] ], [ [ [ -154.428607, 58.078094 ], [ -154.439762, 58.078302 ], [ -154.439079, 58.080854 ], [ -154.428607, 58.078094 ] ] ], [ [ [ -154.461192, 58.062728 ], [ -154.501122, 58.049147 ], [ -154.515383, 58.064489 ], [ -154.499696, 58.071277 ], [ -154.461192, 58.062728 ] ] ], [ [ [ -156.061513848298063, 19.72800552047347 ], [ -155.972996832461149, 19.848024552837391 ], [ -155.922104821537573, 19.857165556499098 ], [ -155.890684816780862, 19.928611575209342 ], [ -155.83240080531175, 19.973922588121091 ], [ -155.82308280488715, 20.027623601810678 ], [ -155.883534820613704, 20.106185619826171 ], [ -155.904377827973093, 20.196111641766151 ], [ -155.882586825037833, 20.256829657570506 ], [ -155.837043815297932, 20.267025661376898 ], [ -155.757191796792483, 20.238751656480076 ], [ -155.589072756008392, 20.119181631074774 ], [ -155.556114749027927, 20.129216634479018 ], [ -155.437827721776785, 20.092677628490783 ], [ -155.205643666751627, 19.969438603727614 ], [ -155.080755635556869, 19.847780576460234 ], [ -155.087122633500513, 19.728008546245945 ], [ -155.003528615248371, 19.736325550489326 ], [ -154.980880607431203, 19.638268526471478 ], [ -154.806777565459555, 19.516036500236371 ], [ -154.835231570228501, 19.461672485883174 ], [ -154.971877597291638, 19.349939454436086 ], [ -155.157101635776513, 19.265266428560075 ], [ -155.29324066573173, 19.263896424755135 ], [ -155.509998709593646, 19.128998385532419 ], [ -155.599192724639067, 18.968391343215483 ], [ -155.682797741337936, 18.910356326630147 ], [ -155.72361775187025, 18.966432339545666 ], [ -155.879596787963436, 19.033529352224964 ], [ -155.906783795250874, 19.079889363056338 ], [ -155.916436799579628, 19.156611381902614 ], [ -155.885245798035498, 19.338816428110565 ], [ -155.919764809622109, 19.475341461237885 ], [ -155.960170819667894, 19.514999470054033 ], [ -155.973791825300964, 19.603854491855198 ], [ -156.028986838808891, 19.650093501910167 ], [ -156.061513848298063, 19.72800552047347 ] ] ], [ [ [ -155.660742, 55.858779 ], [ -155.618197, 55.909435 ], [ -155.56258, 55.907704 ], [ -155.58516, 55.847172 ], [ -155.562105, 55.791223 ], [ -155.586111, 55.763285 ], [ -155.725866, 55.775452 ], [ -155.723727, 55.804182 ], [ -155.752486, 55.822746 ], [ -155.660742, 55.858779 ] ] ], [ [ [ -156.688790025294793, 20.953432809029792 ], [ -156.641090017105853, 21.02327282792174 ], [ -156.588539005757383, 21.030812831358851 ], [ -156.525409990368786, 20.98730182231154 ], [ -156.479694977321998, 20.898070801291784 ], [ -156.321767944046201, 20.947094818166839 ], [ -156.240287925661846, 20.935896817714514 ], [ -156.166750907107996, 20.865641802204827 ], [ -156.130361898857558, 20.859447801693118 ], [ -156.116095894639983, 20.826626793865934 ], [ -156.000482867927076, 20.791469788333476 ], [ -155.978952862301611, 20.764606782200808 ], [ -155.987633862420381, 20.708186767796509 ], [ -156.049881874348273, 20.6505597515837 ], [ -156.139035893012476, 20.618118740930342 ], [ -156.191316904890158, 20.628498742049029 ], [ -156.299617927334651, 20.583078727594433 ], [ -156.412309952176656, 20.582896724332343 ], [ -156.453723963056035, 20.63702573668812 ], [ -156.461263969325785, 20.778460771871369 ], [ -156.499713978397637, 20.796461775264181 ], [ -156.537679986052751, 20.774582768685836 ], [ -156.622930005978475, 20.80897077480963 ], [ -156.689265023017526, 20.881943791125718 ], [ -156.688790025294793, 20.953432809029792 ] ] ], [ [ [ -156.180805, 57.422478 ], [ -156.196492, 57.40699 ], [ -156.204692, 57.406734 ], [ -156.180805, 57.422478 ] ] ], [ [ [ -156.23357, 57.387075 ], [ -156.244978, 57.384193 ], [ -156.252465, 57.388292 ], [ -156.23357, 57.387075 ] ] ], [ [ [ -156.268509, 57.386115 ], [ -156.263161, 57.373366 ], [ -156.282532, 57.378364 ], [ -156.268509, 57.386115 ] ] ], [ [ [ -156.296198, 57.371508 ], [ -156.283601, 57.354267 ], [ -156.307963, 57.364138 ], [ -156.296198, 57.371508 ] ] ], [ [ [ -156.321132, 57.344488 ], [ -156.302762, 57.33487 ], [ -156.33612, 57.334338 ], [ -156.321132, 57.344488 ] ] ], [ [ [ -156.334092, 57.325296 ], [ -156.342726, 57.327589 ], [ -156.332665, 57.329653 ], [ -156.334092, 57.325296 ] ] ], [ [ [ -156.473496, 71.379723 ], [ -156.456314, 71.385492 ], [ -156.455039, 71.384032 ], [ -156.473496, 71.379723 ] ] ], [ [ [ -156.46911, 57.010949 ], [ -156.470774, 56.998783 ], [ -156.489075, 57.013926 ], [ -156.46911, 57.010949 ] ] ], [ [ [ -156.505475, 57.041349 ], [ -156.474339, 57.024406 ], [ -156.513556, 57.029063 ], [ -156.505475, 57.041349 ] ] ], [ [ [ -156.700991013846306, 20.524812701510818 ], [ -156.568409987220377, 20.603085724897458 ], [ -156.539032979877192, 20.576171719014585 ], [ -156.554048981909744, 20.536877708759867 ], [ -156.531790976730832, 20.528252707243055 ], [ -156.672613006831853, 20.501004696384179 ], [ -156.700991013846306, 20.524812701510818 ] ] ], [ [ [ -156.751692, 56.03539 ], [ -156.696788, 56.053179 ], [ -156.730063, 56.084357 ], [ -156.697501, 56.069766 ], [ -156.683003, 56.09881 ], [ -156.634041, 56.048003 ], [ -156.678724, 56.039639 ], [ -156.672069, 55.995267 ], [ -156.751692, 56.03539 ] ] ], [ [ [ -156.706612, 56.993378 ], [ -156.722893, 56.986256 ], [ -156.730617, 56.979845 ], [ -156.724319, 56.993119 ], [ -156.706612, 56.993378 ] ] ], [ [ [ -157.283024162934765, 21.152749841045608 ], [ -157.251380156843766, 21.177811848270526 ], [ -157.254109159052547, 21.224140859761814 ], [ -156.998217101148924, 21.179183856292699 ], [ -156.970618096311796, 21.21551486621539 ], [ -156.943913088965587, 21.172944856367927 ], [ -156.90139407921626, 21.161975854900902 ], [ -156.770165050749483, 21.176215862395534 ], [ -156.709111036675694, 21.158650859816074 ], [ -156.774949048620243, 21.082159838701457 ], [ -156.874501069329114, 21.045473826555462 ], [ -157.06687111357499, 21.100497834545816 ], [ -157.29884616435757, 21.093365825736058 ], [ -157.283024162934765, 21.152749841045608 ] ] ], [ [ [ -156.804932, 56.156302 ], [ -156.795663, 56.223884 ], [ -156.767141, 56.229962 ], [ -156.782115, 56.208685 ], [ -156.745275, 56.19467 ], [ -156.774034, 56.146637 ], [ -156.804932, 56.156302 ] ] ], [ [ [ -156.758555, 56.929709 ], [ -156.759614, 56.926639 ], [ -156.761252, 56.928674 ], [ -156.758555, 56.929709 ] ] ], [ [ [ -156.765452, 56.95048 ], [ -156.759261, 56.947784 ], [ -156.770175, 56.947314 ], [ -156.765452, 56.95048 ] ] ], [ [ [ -156.777796, 56.915654 ], [ -156.784265, 56.913555 ], [ -156.779346, 56.917004 ], [ -156.777796, 56.915654 ] ] ], [ [ [ -156.986959090149071, 20.92883679404137 ], [ -156.893290068955508, 20.911684792540829 ], [ -156.828821052892295, 20.855878780498404 ], [ -156.80623904627808, 20.806599768845537 ], [ -156.836874051480009, 20.760280756369383 ], [ -156.966405079067243, 20.733354745828816 ], [ -156.991839087779169, 20.826598768357663 ], [ -157.061133105172189, 20.89063078228487 ], [ -157.05205610396456, 20.913933788375541 ], [ -156.986959090149071, 20.92883679404137 ] ] ], [ [ [ -157.325213, 56.525942 ], [ -157.244877, 56.587506 ], [ -157.095615, 56.583318 ], [ -156.971783, 56.537739 ], [ -157.119383, 56.552545 ], [ -157.193539, 56.522402 ], [ -157.325213, 56.525942 ] ] ], [ [ [ -157.419413, 56.648037 ], [ -157.398497, 56.633138 ], [ -157.429633, 56.64366 ], [ -157.419413, 56.648037 ] ] ], [ [ [ -158.281580397171297, 21.575158914948144 ], [ -158.122828362703956, 21.583508922154905 ], [ -158.027758345762493, 21.689663951673211 ], [ -157.967388333272282, 21.710422958794588 ], [ -157.876937307806401, 21.557397923520899 ], [ -157.836805298069294, 21.531922918443179 ], [ -157.840995296366657, 21.459478900244211 ], [ -157.778049280833898, 21.411811890346499 ], [ -157.757501277146758, 21.434730896709816 ], [ -157.772753281294456, 21.456931901766236 ], [ -157.722511270343091, 21.45922090392154 ], [ -157.743294273273676, 21.413741891922147 ], [ -157.651037248916907, 21.29881186614741 ], [ -157.698724258028591, 21.260677855151471 ], [ -157.71941626340984, 21.284354860407863 ], [ -157.806206281399454, 21.255038850386327 ], [ -157.970240319973072, 21.328341863479032 ], [ -158.108303349088629, 21.297609851452552 ], [ -158.14113235913095, 21.3763788700033 ], [ -158.231149382720304, 21.482680893565735 ], [ -158.231536384811506, 21.537178907114722 ], [ -158.281580397171297, 21.575158914948144 ] ] ], [ [ [ -157.656576251301232, 21.331676874171734 ], [ -157.656503251079926, 21.325906872734794 ], [ -157.659830251904935, 21.328563873293614 ], [ -157.656576251301232, 21.331676874171734 ] ] ], [ [ [ -157.730417, 56.510779 ], [ -157.705936, 56.496219 ], [ -157.73529, 56.480997 ], [ -157.740519, 56.48933 ], [ -157.730417, 56.510779 ] ] ], [ [ [ -157.790439284264636, 21.43158589488684 ], [ -157.787218283709905, 21.435817896043829 ], [ -157.788039283721957, 21.431144894852586 ], [ -157.790439284264636, 21.43158589488684 ] ] ], [ [ [ -157.90634, 56.343809 ], [ -157.807465, 56.356452 ], [ -157.818636, 56.341043 ], [ -157.793442, 56.324836 ], [ -157.827668, 56.309677 ], [ -157.90634, 56.343809 ] ] ], [ [ [ -158.159469, 56.144519 ], [ -158.089354, 56.156037 ], [ -158.114785, 56.13366 ], [ -158.159469, 56.144519 ] ] ], [ [ [ -158.520231, 56.174783 ], [ -158.524531, 56.172031 ], [ -158.526645, 56.174103 ], [ -158.520231, 56.174783 ] ] ], [ [ [ -158.887086, 55.863629 ], [ -158.799857, 55.893227 ], [ -158.699556, 55.831738 ], [ -158.797956, 55.844951 ], [ -158.816495, 55.868563 ], [ -158.876628, 55.822927 ], [ -158.838123, 55.809974 ], [ -158.885184, 55.809172 ], [ -158.887086, 55.863629 ] ] ], [ [ [ -158.855325, 55.926024 ], [ -158.851782, 55.931223 ], [ -158.849545, 55.927741 ], [ -158.855325, 55.926024 ] ] ], [ [ [ -159.061014, 55.863668 ], [ -159.080028, 55.857999 ], [ -159.086089, 55.862401 ], [ -159.061014, 55.863668 ] ] ], [ [ [ -159.078365, 55.840453 ], [ -159.082049, 55.844457 ], [ -159.0748, 55.841454 ], [ -159.078365, 55.840453 ] ] ], [ [ [ -159.151689, 55.866802 ], [ -159.100112, 55.862868 ], [ -159.112353, 55.84786 ], [ -159.083356, 55.834648 ], [ -159.187222, 55.839719 ], [ -159.151689, 55.866802 ] ] ], [ [ [ -159.120434, 55.888335 ], [ -159.120078, 55.88207 ], [ -159.129347, 55.885936 ], [ -159.120434, 55.888335 ] ] ], [ [ [ -159.344446, 54.898792 ], [ -159.279559, 54.925571 ], [ -159.325194, 54.927892 ], [ -159.277182, 54.949874 ], [ -159.266724, 54.927073 ], [ -159.207067, 54.928302 ], [ -159.199461, 54.910817 ], [ -159.290017, 54.862831 ], [ -159.344446, 54.898792 ] ] ], [ [ [ -159.367502, 55.79131 ], [ -159.314024, 55.815289 ], [ -159.273262, 55.774336 ], [ -159.31141, 55.748593 ], [ -159.327691, 55.784428 ], [ -159.367502, 55.79131 ] ] ], [ [ [ -159.297623, 55.060422 ], [ -159.318539, 55.053479 ], [ -159.334701, 55.060966 ], [ -159.297623, 55.060422 ] ] ], [ [ [ -159.783751743643478, 22.064892985735536 ], [ -159.72207873370175, 22.150319009030021 ], [ -159.559010701314662, 22.226648033651561 ], [ -159.510761689874528, 22.203544029615333 ], [ -159.487944685950765, 22.229508036847569 ], [ -159.402471667445781, 22.232599040596853 ], [ -159.339969652849732, 22.208515036797383 ], [ -159.29328464010473, 22.144337022494895 ], [ -159.335462645389669, 22.046005996655907 ], [ -159.329887640779077, 21.960172975575585 ], [ -159.44487366218496, 21.868622948953675 ], [ -159.603284697540062, 21.89224394933531 ], [ -159.668720714193995, 21.953580962232859 ], [ -159.759410734920152, 21.979505965480435 ], [ -159.787948743150139, 22.030097976986742 ], [ -159.783751743643478, 22.064892985735536 ] ] ], [ [ [ -159.401134, 55.714333 ], [ -159.370948, 55.772464 ], [ -159.326859, 55.765512 ], [ -159.401134, 55.714333 ] ] ], [ [ [ -159.477309, 55.011115 ], [ -159.434051, 55.052254 ], [ -159.45877, 55.064505 ], [ -159.411471, 55.05416 ], [ -159.34397, 55.058516 ], [ -159.346585, 55.033324 ], [ -159.382712, 55.045718 ], [ -159.395784, 55.025151 ], [ -159.328521, 54.977438 ], [ -159.456868, 54.941547 ], [ -159.444271, 54.988485 ], [ -159.401726, 54.975391 ], [ -159.397211, 54.992303 ], [ -159.421929, 55.003755 ], [ -159.411471, 55.037002 ], [ -159.477309, 55.011115 ] ] ], [ [ [ -159.372256, 55.831577 ], [ -159.34932, 55.82824 ], [ -159.351934, 55.819962 ], [ -159.372256, 55.831577 ] ] ], [ [ [ -159.411947, 55.061102 ], [ -159.428109, 55.071038 ], [ -159.398161, 55.071854 ], [ -159.411947, 55.061102 ] ] ], [ [ [ -159.471842, 55.082059 ], [ -159.489906, 55.078862 ], [ -159.496798, 55.079678 ], [ -159.471842, 55.082059 ] ] ], [ [ [ -159.656995, 55.123804 ], [ -159.552653, 55.103957 ], [ -159.589969, 55.139023 ], [ -159.536491, 55.149347 ], [ -159.606131, 55.171615 ], [ -159.562873, 55.165099 ], [ -159.586879, 55.212046 ], [ -159.547662, 55.207706 ], [ -159.517714, 55.252436 ], [ -159.506781, 55.22208 ], [ -159.541482, 55.192514 ], [ -159.49252, 55.156952 ], [ -159.522943, 55.153149 ], [ -159.526033, 55.144593 ], [ -159.494422, 55.137257 ], [ -159.543384, 55.126522 ], [ -159.521517, 55.116873 ], [ -159.522943, 55.065594 ], [ -159.484201, 55.056474 ], [ -159.512248, 55.042313 ], [ -159.565488, 55.086821 ], [ -159.570004, 55.045582 ], [ -159.626809, 55.052526 ], [ -159.635603, 55.035912 ], [ -159.644635, 55.081243 ], [ -159.594009, 55.091854 ], [ -159.656995, 55.123804 ] ] ], [ [ [ -159.494067, 55.852196 ], [ -159.497038, 55.841988 ], [ -159.498345, 55.855531 ], [ -159.494067, 55.852196 ] ] ], [ [ [ -159.585334, 54.825469 ], [ -159.51094, 54.789443 ], [ -159.51403, 54.764631 ], [ -159.59603, 54.757363 ], [ -159.58058, 54.773818 ], [ -159.605299, 54.814788 ], [ -159.585334, 54.825469 ] ] ], [ [ [ -159.652241, 55.183694 ], [ -159.666977, 55.176637 ], [ -159.665313, 55.19075 ], [ -159.652241, 55.183694 ] ] ], [ [ [ -159.823965, 54.813556 ], [ -159.739351, 54.84217 ], [ -159.693716, 54.834368 ], [ -159.773101, 54.792047 ], [ -159.823965, 54.813556 ] ] ], [ [ [ -159.753968, 55.089677 ], [ -159.727585, 55.127474 ], [ -159.708333, 55.123669 ], [ -159.715939, 55.09335 ], [ -159.753968, 55.089677 ] ] ], [ [ [ -159.827649, 55.066547 ], [ -159.767991, 55.085188 ], [ -159.752779, 55.066139 ], [ -159.827649, 55.066547 ] ] ], [ [ [ -160.226475, 54.864473 ], [ -160.253689, 54.933013 ], [ -160.185594, 54.935198 ], [ -160.189516, 54.965432 ], [ -160.080777, 55.037274 ], [ -160.174186, 55.051981 ], [ -160.167174, 55.073011 ], [ -160.1112, 55.068316 ], [ -160.187733, 55.118368 ], [ -160.057128, 55.087637 ], [ -160.122371, 55.134268 ], [ -160.106922, 55.160618 ], [ -160.054276, 55.112523 ], [ -160.012445, 55.101238 ], [ -159.969543, 55.120882 ], [ -160.01292, 55.121154 ], [ -159.998897, 55.153625 ], [ -160.060456, 55.200314 ], [ -160.005433, 55.197194 ], [ -159.952668, 55.161229 ], [ -159.965146, 55.214622 ], [ -159.909648, 55.225401 ], [ -159.944349, 55.251081 ], [ -159.864608, 55.285071 ], [ -159.840959, 55.244917 ], [ -159.905608, 55.226892 ], [ -159.878869, 55.20696 ], [ -159.912381, 55.147513 ], [ -159.876016, 55.129444 ], [ -159.861043, 55.175008 ], [ -159.811962, 55.180098 ], [ -159.826817, 55.127949 ], [ -159.859616, 55.130056 ], [ -159.846663, 55.109328 ], [ -159.866866, 55.094846 ], [ -159.944825, 55.127881 ], [ -159.946964, 55.10151 ], [ -159.974535, 55.100082 ], [ -159.92997, 55.066887 ], [ -160.005908, 55.073487 ], [ -159.989152, 55.046603 ], [ -160.11334, 54.984053 ], [ -160.121777, 54.947759 ], [ -160.185357, 54.93158 ], [ -160.196646, 54.874936 ], [ -160.226475, 54.864473 ] ] ], [ [ [ -159.858785, 55.040271 ], [ -159.811249, 55.026377 ], [ -159.811962, 55.01425 ], [ -159.858785, 55.040271 ] ] ], [ [ [ -159.967499, 58.611224 ], [ -159.977719, 58.591659 ], [ -159.995545, 58.617413 ], [ -159.967499, 58.611224 ] ] ], [ [ [ -160.112717, 55.333515 ], [ -160.062271, 55.343033 ], [ -160.028961, 55.31353 ], [ -160.104156, 55.31353 ], [ -160.112717, 55.333515 ] ] ], [ [ [ -160.050949, 54.952058 ], [ -160.046314, 54.932604 ], [ -160.057485, 54.951444 ], [ -160.050949, 54.952058 ] ] ], [ [ [ -160.061794, 55.512634 ], [ -160.042304, 55.50577 ], [ -160.065121, 55.500924 ], [ -160.061794, 55.512634 ] ] ], [ [ [ -160.210616829429085, 21.900124930018343 ], [ -160.125527813209231, 21.953702946236557 ], [ -160.104949810568456, 21.998230957946724 ], [ -160.053034799087214, 21.992275958314728 ], [ -160.082982802956963, 21.92790894137924 ], [ -160.074848799855971, 21.89478893349861 ], [ -160.15903981686742, 21.865276923255099 ], [ -160.203542822999481, 21.77915590047126 ], [ -160.233433829991554, 21.792466902695253 ], [ -160.246504834768984, 21.840721914115864 ], [ -160.210616829429085, 21.900124930018343 ] ] ], [ [ [ -160.10261981081058, 22.016547962547691 ], [ -160.088278808043384, 22.024827965098766 ], [ -160.093001808712216, 22.016149962790397 ], [ -160.10261981081058, 22.016547962547691 ] ] ], [ [ [ -160.249974, 55.460559 ], [ -160.201963, 55.439126 ], [ -160.137032, 55.450709 ], [ -160.15609, 55.415928 ], [ -160.142505, 55.383491 ], [ -160.250449, 55.414714 ], [ -160.321132, 55.393677 ], [ -160.348015, 55.418792 ], [ -160.249974, 55.460559 ] ] ], [ [ [ -160.191536, 54.984394 ], [ -160.18607, 54.976005 ], [ -160.203183, 54.977847 ], [ -160.191536, 54.984394 ] ] ], [ [ [ -160.234311, 58.849341 ], [ -160.183447, 58.831325 ], [ -160.182972, 58.820928 ], [ -160.234311, 58.849341 ] ] ], [ [ [ -160.302865, 58.722708 ], [ -160.274581, 58.717154 ], [ -160.277908, 58.682333 ], [ -160.246772, 58.66837 ], [ -160.265787, 58.638201 ], [ -160.317126, 58.682827 ], [ -160.302865, 58.722708 ] ] ], [ [ [ -160.528335, 55.319976 ], [ -160.491494, 55.3585 ], [ -160.427083, 55.337958 ], [ -160.332724, 55.359445 ], [ -160.351501, 55.332145 ], [ -160.317275, 55.338364 ], [ -160.307768, 55.303202 ], [ -160.337715, 55.242679 ], [ -160.379547, 55.25853 ], [ -160.389054, 55.28737 ], [ -160.472242, 55.2894 ], [ -160.528335, 55.319976 ] ] ], [ [ [ -160.317477, 55.360819 ], [ -160.320584, 55.357685 ], [ -160.321854, 55.360559 ], [ -160.317477, 55.360819 ] ] ], [ [ [ -160.40331, 55.550175 ], [ -160.360409, 55.542981 ], [ -160.406757, 55.546612 ], [ -160.40331, 55.550175 ] ] ], [ [ [ -160.430024, 58.678256 ], [ -160.403641, 58.749475 ], [ -160.381775, 58.7116 ], [ -160.430024, 58.678256 ] ] ], [ [ [ -160.865721, 55.32126 ], [ -160.800716, 55.380786 ], [ -160.729649, 55.407243 ], [ -160.648601, 55.387334 ], [ -160.667853, 55.321734 ], [ -160.698989, 55.321869 ], [ -160.666427, 55.301985 ], [ -160.597499, 55.327007 ], [ -160.616514, 55.351338 ], [ -160.572305, 55.389157 ], [ -160.533326, 55.384162 ], [ -160.526909, 55.342284 ], [ -160.579436, 55.305638 ], [ -160.526433, 55.246067 ], [ -160.568027, 55.232922 ], [ -160.494346, 55.22384 ], [ -160.489117, 55.194412 ], [ -160.457031, 55.18817 ], [ -160.542358, 55.186406 ], [ -160.495297, 55.166047 ], [ -160.536416, 55.131345 ], [ -160.54212, 55.159734 ], [ -160.612949, 55.147783 ], [ -160.689957, 55.196786 ], [ -160.756507, 55.194751 ], [ -160.817829, 55.124278 ], [ -160.806658, 55.166115 ], [ -160.852054, 55.206281 ], [ -160.834585, 55.252096 ], [ -160.859541, 55.274103 ], [ -160.836249, 55.298805 ], [ -160.865721, 55.32126 ] ] ], [ [ [ -160.517882, 55.280941 ], [ -160.521149, 55.278674 ], [ -160.521883, 55.281521 ], [ -160.517882, 55.280941 ] ] ], [ [ [ -160.544961891499099, 21.653389857476334 ], [ -160.536715889585651, 21.649955856925445 ], [ -160.543644891099035, 21.65051285681654 ], [ -160.544961891499099, 21.653389857476334 ] ] ], [ [ [ -160.62103, 55.34377 ], [ -160.620317, 55.33931 ], [ -160.623406, 55.340797 ], [ -160.62103, 55.34377 ] ] ], [ [ [ -161.075222, 58.546617 ], [ -161.059772, 58.7005 ], [ -160.765763, 58.774507 ], [ -160.683445, 58.817322 ], [ -160.911579, 58.565525 ], [ -161.075222, 58.546617 ] ] ], [ [ [ -160.856437, 55.91341 ], [ -160.813417, 55.951356 ], [ -160.80101, 55.902256 ], [ -160.938437, 55.89609 ], [ -160.856437, 55.91341 ] ] ], [ [ [ -160.81999, 56.022156 ], [ -160.805662, 56.022643 ], [ -160.802085, 56.020739 ], [ -160.81999, 56.022156 ] ] ], [ [ [ -160.930593, 56.014283 ], [ -160.976498, 56.019684 ], [ -161.020681, 56.010071 ], [ -160.989231, 56.022155 ], [ -160.930593, 56.014283 ] ] ], [ [ [ -161.069108, 66.206491 ], [ -161.078609, 66.213822 ], [ -161.065794, 66.21229 ], [ -161.069108, 66.206491 ] ] ], [ [ [ -161.253966, 55.351358 ], [ -161.24945, 55.35048 ], [ -161.25361, 55.34879 ], [ -161.253966, 55.351358 ] ] ], [ [ [ -161.315219, 64.137433 ], [ -161.294541, 64.114562 ], [ -161.319145, 64.118261 ], [ -161.315219, 64.137433 ] ] ], [ [ [ -161.32988, 55.219418 ], [ -161.344147, 55.158504 ], [ -161.444215, 55.196975 ], [ -161.399353, 55.224178 ], [ -161.32988, 55.219418 ] ] ], [ [ [ -161.661825, 55.241412 ], [ -161.535379, 55.259159 ], [ -161.527847, 55.250828 ], [ -161.562593, 55.204741 ], [ -161.629025, 55.194228 ], [ -161.694022, 55.205352 ], [ -161.661825, 55.241412 ] ] ], [ [ [ -161.611318, 55.116891 ], [ -161.552611, 55.087723 ], [ -161.545718, 55.066633 ], [ -161.611555, 55.070852 ], [ -161.591828, 55.090239 ], [ -161.611318, 55.116891 ] ] ], [ [ [ -161.894038, 55.16403 ], [ -161.82, 55.182084 ], [ -161.641114, 55.126599 ], [ -161.633323, 55.106553 ], [ -161.75654, 55.056084 ], [ -161.798847, 55.082009 ], [ -161.757609, 55.121716 ], [ -161.762601, 55.148482 ], [ -161.811444, 55.15792 ], [ -161.790053, 55.145969 ], [ -161.816079, 55.099012 ], [ -161.823447, 55.09908 ], [ -161.844363, 55.123958 ], [ -161.890235, 55.125929 ], [ -161.894038, 55.16403 ] ] ], [ [ [ -161.6623, 55.516211 ], [ -161.644712, 55.509752 ], [ -161.662775, 55.508675 ], [ -161.6623, 55.516211 ] ] ], [ [ [ -161.672273, 58.559947 ], [ -161.662528, 58.558211 ], [ -161.661459, 58.557219 ], [ -161.672273, 58.559947 ] ] ], [ [ [ -161.686969, 66.951326 ], [ -161.669718, 66.959613 ], [ -161.683385, 66.949843 ], [ -161.686969, 66.951326 ] ] ], [ [ [ -161.687188, 66.989594 ], [ -161.69726, 66.980399 ], [ -161.702756, 66.991313 ], [ -161.687188, 66.989594 ] ] ], [ [ [ -161.743945, 63.612327 ], [ -161.736435, 63.60489 ], [ -161.747463, 63.607045 ], [ -161.743945, 63.612327 ] ] ], [ [ [ -161.784935, 64.749783 ], [ -161.788668, 64.744035 ], [ -161.789924, 64.744373 ], [ -161.784935, 64.749783 ] ] ], [ [ [ -161.864334, 66.315615 ], [ -161.877085, 66.288161 ], [ -161.828546, 66.269334 ], [ -161.905704, 66.26528 ], [ -161.902496, 66.309618 ], [ -161.864334, 66.315615 ] ] ], [ [ [ -161.925059, 55.110591 ], [ -161.861598, 55.101141 ], [ -161.882514, 55.085432 ], [ -161.925059, 55.110591 ] ] ], [ [ [ -161.913769, 55.026621 ], [ -161.862192, 54.998001 ], [ -161.879543, 54.980751 ], [ -161.913769, 55.026621 ] ] ], [ [ [ -161.916436247295422, 23.060855151362667 ], [ -161.925779248996747, 23.054244149373456 ], [ -161.929498250178909, 23.062551151261886 ], [ -161.916436247295422, 23.060855151362667 ] ] ], [ [ [ -161.951894, 55.073751 ], [ -161.941681, 55.036995 ], [ -161.966653, 55.078289 ], [ -161.951894, 55.073751 ] ] ], [ [ [ -162.005752, 63.49366 ], [ -162.010108, 63.490635 ], [ -162.013913, 63.491479 ], [ -162.005752, 63.49366 ] ] ], [ [ [ -162.175391, 54.842309 ], [ -162.177617, 54.839082 ], [ -162.179664, 54.841638 ], [ -162.175391, 54.842309 ] ] ], [ [ [ -162.437501, 54.927627 ], [ -162.323885, 54.983887 ], [ -162.261851, 54.976863 ], [ -162.233923, 54.955919 ], [ -162.23264, 54.888532 ], [ -162.274329, 54.842689 ], [ -162.340998, 54.83475 ], [ -162.426087, 54.88318 ], [ -162.437501, 54.927627 ] ] ], [ [ [ -162.718955, 63.58123 ], [ -162.624254, 63.621755 ], [ -162.593294, 63.607668 ], [ -162.569783, 63.635761 ], [ -162.416037, 63.634689 ], [ -162.371202, 63.624296 ], [ -162.383181, 63.609281 ], [ -162.342255, 63.591505 ], [ -162.368924, 63.563048 ], [ -162.341333, 63.552556 ], [ -162.566972, 63.53353 ], [ -162.718955, 63.58123 ] ] ], [ [ [ -162.364963, 54.649363 ], [ -162.376219, 54.621956 ], [ -162.378847, 54.644813 ], [ -162.364963, 54.649363 ] ] ], [ [ [ -162.482351, 54.408598 ], [ -162.402781, 54.40662 ], [ -162.405004, 54.38435 ], [ -162.363614, 54.383054 ], [ -162.432713, 54.371866 ], [ -162.482351, 54.408598 ] ] ], [ [ [ -162.421215, 54.954623 ], [ -162.427514, 54.944863 ], [ -162.435832, 54.954145 ], [ -162.421215, 54.954623 ] ] ], [ [ [ -162.45772, 54.362191 ], [ -162.494521, 54.364023 ], [ -162.518176, 54.370566 ], [ -162.490639, 54.375569 ], [ -162.45772, 54.362191 ] ] ], [ [ [ -162.859844, 54.423476 ], [ -162.809685, 54.464851 ], [ -162.831789, 54.49316 ], [ -162.799702, 54.49178 ], [ -162.671117, 54.446613 ], [ -162.58484, 54.451173 ], [ -162.604567, 54.441913 ], [ -162.517101, 54.407621 ], [ -162.561547, 54.406515 ], [ -162.540095, 54.379985 ], [ -162.653291, 54.390049 ], [ -162.613129, 54.369823 ], [ -162.719842, 54.400981 ], [ -162.774761, 54.373072 ], [ -162.859844, 54.423476 ] ] ], [ [ [ -162.683481, 55.410121 ], [ -162.728641, 55.401485 ], [ -162.876715, 55.34395 ], [ -162.737197, 55.402834 ], [ -162.683481, 55.410121 ] ] ], [ [ [ -162.722541, 54.80231 ], [ -162.726581, 54.800666 ], [ -162.727769, 54.803063 ], [ -162.722541, 54.80231 ] ] ], [ [ [ -162.741055, 67.022533 ], [ -162.748864, 67.042353 ], [ -162.733316, 67.042387 ], [ -162.741055, 67.022533 ] ] ], [ [ [ -162.840944, 55.292456 ], [ -162.839518, 55.284741 ], [ -162.848312, 55.292253 ], [ -162.840944, 55.292456 ] ] ], [ [ [ -162.884215, 54.905699 ], [ -162.885879, 54.893808 ], [ -162.895386, 54.902009 ], [ -162.884215, 54.905699 ] ] ], [ [ [ -162.898344, 55.32002 ], [ -162.96941, 55.254782 ], [ -162.984146, 55.254782 ], [ -162.915457, 55.317315 ], [ -162.898344, 55.32002 ] ] ], [ [ [ -162.924608, 55.237541 ], [ -162.907257, 55.232526 ], [ -162.925083, 55.233204 ], [ -162.924608, 55.237541 ] ] ], [ [ [ -164.927937, 54.598419 ], [ -164.704399, 54.663769 ], [ -164.579142, 54.816551 ], [ -164.552046, 54.888112 ], [ -164.494884, 54.915581 ], [ -164.426908, 54.931015 ], [ -164.306167, 54.897134 ], [ -164.128739, 54.969371 ], [ -164.04662, 54.965005 ], [ -163.895575, 55.03569 ], [ -163.773289, 55.051895 ], [ -163.536203, 55.050534 ], [ -163.452302, 55.037188 ], [ -163.529192, 55.045223 ], [ -163.541551, 55.025814 ], [ -163.422117, 54.946034 ], [ -163.394665, 54.894742 ], [ -163.414511, 54.860214 ], [ -163.37054, 54.78552 ], [ -163.321935, 54.750487 ], [ -163.185982, 54.77661 ], [ -163.147121, 54.763859 ], [ -163.101843, 54.729768 ], [ -163.098278, 54.691665 ], [ -163.052287, 54.691115 ], [ -163.0448, 54.671947 ], [ -163.155678, 54.66693 ], [ -163.117411, 54.69764 ], [ -163.195965, 54.699014 ], [ -163.223179, 54.676895 ], [ -163.259544, 54.695374 ], [ -163.248373, 54.710618 ], [ -163.283668, 54.695649 ], [ -163.325738, 54.745891 ], [ -163.375175, 54.749046 ], [ -163.425088, 54.720091 ], [ -163.41867, 54.65827 ], [ -163.502928, 54.652976 ], [ -163.587304, 54.612598 ], [ -163.811555, 54.636541 ], [ -164.206698, 54.595596 ], [ -164.333262, 54.534412 ], [ -164.333381, 54.483701 ], [ -164.373668, 54.45276 ], [ -164.647475, 54.389632 ], [ -164.843442, 54.420067 ], [ -164.9378, 54.537032 ], [ -164.927937, 54.598419 ] ] ], [ [ [ -163.174192, 55.416625 ], [ -163.122286, 55.430419 ], [ -163.117342, 55.402515 ], [ -163.160597, 55.402827 ], [ -163.174192, 55.416625 ] ] ], [ [ [ -163.926083, 59.697471 ], [ -163.944794, 59.675884 ], [ -164.027481, 59.709789 ], [ -163.965538, 59.688715 ], [ -163.926083, 59.697471 ] ] ], [ [ [ -164.616424, 63.045106 ], [ -164.567818, 63.055932 ], [ -164.552607, 63.04823 ], [ -164.616424, 63.045106 ] ] ], [ [ [ -164.610363, 63.106452 ], [ -164.58505, 63.086448 ], [ -164.637221, 63.072243 ], [ -164.632943, 63.092096 ], [ -164.610363, 63.106452 ] ] ], [ [ [ -164.883134, 54.196187 ], [ -164.79852, 54.229823 ], [ -164.7637, 54.223153 ], [ -164.883134, 54.196187 ] ] ], [ [ [ -164.816584, 54.18694 ], [ -164.839639, 54.178664 ], [ -164.851998, 54.18388 ], [ -164.834766, 54.189791 ], [ -164.816584, 54.18694 ] ] ], [ [ [ -164.938664, 62.666406 ], [ -164.844121, 62.657172 ], [ -164.816312, 62.603521 ], [ -164.878822, 62.595646 ], [ -164.938836, 62.621834 ], [ -164.938664, 62.666406 ] ] ], [ [ [ -164.848928, 62.676169 ], [ -164.880815, 62.671297 ], [ -164.902532, 62.680448 ], [ -164.848928, 62.676169 ] ] ], [ [ [ -164.872476, 62.796323 ], [ -164.877721, 62.808667 ], [ -164.852148, 62.801098 ], [ -164.872476, 62.796323 ] ] ], [ [ [ -164.871091, 62.544989 ], [ -164.970277, 62.550937 ], [ -164.981512, 62.560598 ], [ -164.882228, 62.566174 ], [ -164.871091, 62.544989 ] ] ], [ [ [ -165.00503, 60.876255 ], [ -164.888567, 60.839795 ], [ -164.999088, 60.816509 ], [ -165.027847, 60.835278 ], [ -165.00503, 60.876255 ] ] ], [ [ [ -164.902497, 62.705097 ], [ -164.901022, 62.710035 ], [ -164.898152, 62.705869 ], [ -164.902497, 62.705097 ] ] ], [ [ [ -164.920212, 54.144709 ], [ -164.902386, 54.141506 ], [ -164.902862, 54.138026 ], [ -164.920212, 54.144709 ] ] ], [ [ [ -165.18475, 54.117413 ], [ -164.974403, 54.117831 ], [ -165.006015, 54.135658 ], [ -164.931621, 54.136355 ], [ -164.918073, 54.111979 ], [ -164.955626, 54.073088 ], [ -165.133649, 54.085777 ], [ -165.156466, 54.06751 ], [ -165.217787, 54.09456 ], [ -165.18475, 54.117413 ] ] ], [ [ [ -165.006755, 62.640779 ], [ -164.955242, 62.603869 ], [ -164.95008, 62.596251 ], [ -165.013824, 62.589628 ], [ -165.024025, 62.625408 ], [ -165.006755, 62.640779 ] ] ], [ [ [ -165.07509, 62.582247 ], [ -165.047171, 62.597318 ], [ -165.022689, 62.585763 ], [ -165.07509, 62.582247 ] ] ], [ [ [ -165.481374, 54.073925 ], [ -165.269601, 54.093723 ], [ -165.233236, 54.063604 ], [ -165.281961, 54.062349 ], [ -165.287665, 54.038349 ], [ -165.334488, 54.069602 ], [ -165.481374, 54.073925 ] ] ], [ [ [ -165.686492, 54.252046 ], [ -165.630161, 54.298537 ], [ -165.581437, 54.280224 ], [ -165.476383, 54.294514 ], [ -165.55862, 54.253434 ], [ -165.532, 54.237185 ], [ -165.543171, 54.217178 ], [ -165.383688, 54.195492 ], [ -165.401038, 54.174352 ], [ -165.476145, 54.181446 ], [ -165.492307, 54.168926 ], [ -165.477809, 54.157236 ], [ -165.555768, 54.144152 ], [ -165.536753, 54.128974 ], [ -165.549588, 54.113094 ], [ -165.607582, 54.114069 ], [ -165.648463, 54.139975 ], [ -165.596411, 54.173934 ], [ -165.637054, 54.194936 ], [ -165.582626, 54.230101 ], [ -165.613999, 54.244825 ], [ -165.669141, 54.228989 ], [ -165.686492, 54.252046 ] ] ], [ [ [ -165.526058, 54.064302 ], [ -165.480661, 54.04421 ], [ -165.555768, 54.023551 ], [ -165.57502, 54.041559 ], [ -165.526058, 54.064302 ] ] ], [ [ [ -167.459378, 60.211651 ], [ -167.312017, 60.232367 ], [ -167.245466, 60.216728 ], [ -167.103334, 60.23455 ], [ -166.851274, 60.203266 ], [ -166.796014, 60.237146 ], [ -166.83844, 60.269046 ], [ -166.755014, 60.308627 ], [ -166.705933, 60.305036 ], [ -166.713777, 60.328929 ], [ -166.592204, 60.307214 ], [ -166.567604, 60.323104 ], [ -166.580557, 60.352158 ], [ -166.487624, 60.393517 ], [ -166.379837, 60.353157 ], [ -166.241032, 60.38882 ], [ -166.149763, 60.373549 ], [ -166.142157, 60.405257 ], [ -166.173531, 60.395572 ], [ -166.167113, 60.427669 ], [ -166.147148, 60.441684 ], [ -166.159508, 60.427317 ], [ -166.127777, 60.417404 ], [ -166.123737, 60.375429 ], [ -166.06812, 60.344279 ], [ -166.092601, 60.321104 ], [ -165.925868, 60.319721 ], [ -165.883086, 60.343368 ], [ -165.676305, 60.292023 ], [ -165.695913, 60.280242 ], [ -165.67476, 60.267985 ], [ -165.727881, 60.246702 ], [ -165.682128, 60.204241 ], [ -165.724673, 60.159803 ], [ -165.674997, 60.152233 ], [ -165.690922, 60.135195 ], [ -165.659786, 60.099195 ], [ -165.709699, 60.061259 ], [ -165.633879, 60.019597 ], [ -165.65527, 59.991674 ], [ -165.635067, 59.963252 ], [ -165.547363, 59.976337 ], [ -165.591097, 59.949806 ], [ -165.565189, 59.934568 ], [ -165.584441, 59.907288 ], [ -165.969245, 59.873903 ], [ -166.139424, 59.827108 ], [ -166.090462, 59.760621 ], [ -166.190406, 59.750206 ], [ -166.25149, 59.801414 ], [ -166.378054, 59.844037 ], [ -166.616685, 59.847738 ], [ -166.90392, 59.959237 ], [ -167.117238, 59.991585 ], [ -167.248556, 60.06455 ], [ -167.333289, 60.066626 ], [ -167.357413, 60.142325 ], [ -167.459378, 60.211651 ] ] ], [ [ [ -166.11384, 54.121731 ], [ -166.073672, 54.181446 ], [ -165.936055, 54.226766 ], [ -165.870693, 54.213425 ], [ -165.880201, 54.182698 ], [ -165.859522, 54.166143 ], [ -165.797488, 54.183811 ], [ -165.804143, 54.168926 ], [ -165.726184, 54.144848 ], [ -165.820543, 54.126746 ], [ -165.657019, 54.11992 ], [ -165.67841, 54.091493 ], [ -165.765164, 54.066254 ], [ -165.845737, 54.080758 ], [ -165.881864, 54.034301 ], [ -165.904444, 54.061651 ], [ -165.973846, 54.071554 ], [ -166.048478, 54.044489 ], [ -166.051568, 54.076575 ], [ -166.11384, 54.121731 ] ] ], [ [ [ -165.856114, 59.866258 ], [ -165.859369, 59.862602 ], [ -165.861445, 59.865363 ], [ -165.856114, 59.866258 ] ] ], [ [ [ -166.042298, 53.867892 ], [ -166.048478, 53.856819 ], [ -166.05953, 53.861865 ], [ -166.042298, 53.867892 ] ] ], [ [ [ -166.198454, 53.986534 ], [ -166.11075, 53.991285 ], [ -166.074817, 53.970991 ], [ -166.193462, 53.959693 ], [ -166.198454, 53.986534 ] ] ], [ [ [ -166.296972, 53.797479 ], [ -166.277958, 53.78091 ], [ -166.247416, 53.81369 ], [ -166.230897, 53.777469 ], [ -166.214378, 53.830316 ], [ -166.123585, 53.855067 ], [ -166.084724, 53.841746 ], [ -166.141767, 53.808989 ], [ -166.118237, 53.773466 ], [ -166.19572, 53.770376 ], [ -166.159118, 53.74684 ], [ -166.221627, 53.731447 ], [ -166.207486, 53.707537 ], [ -166.290911, 53.738336 ], [ -166.296972, 53.797479 ] ] ], [ [ [ -166.127948, 61.771947 ], [ -166.114163, 61.736177 ], [ -166.145061, 61.763064 ], [ -166.127948, 61.771947 ] ] ], [ [ [ -166.163932, 23.72961 ], [ -166.16558, 23.72909 ], [ -166.164902, 23.729804 ], [ -166.163932, 23.72961 ] ] ], [ [ [ -166.165421, 23.735355 ], [ -166.166503, 23.732989 ], [ -166.166391, 23.735549 ], [ -166.165421, 23.735355 ] ] ], [ [ [ -166.171328, 23.644102 ], [ -166.17018, 23.642416 ], [ -166.171986, 23.643397 ], [ -166.171328, 23.644102 ] ] ], [ [ [ -166.1978, 64.495956 ], [ -166.207262, 64.473274 ], [ -166.228534, 64.492063 ], [ -166.223773, 64.49477 ], [ -166.1978, 64.495956 ] ] ], [ [ [ -167.852467, 53.309467 ], [ -167.693103, 53.388353 ], [ -167.593515, 53.371126 ], [ -167.607538, 53.394235 ], [ -167.581274, 53.407839 ], [ -167.495591, 53.382115 ], [ -167.555367, 53.414851 ], [ -167.485727, 53.419243 ], [ -167.469565, 53.446926 ], [ -167.398023, 53.41301 ], [ -167.392794, 53.450464 ], [ -167.324699, 53.406776 ], [ -167.343, 53.455489 ], [ -167.286552, 53.431493 ], [ -167.297722, 53.451597 ], [ -167.259931, 53.453437 ], [ -167.30414, 53.46589 ], [ -167.294989, 53.483289 ], [ -167.150004, 53.471195 ], [ -167.183636, 53.48831 ], [ -167.155233, 53.496723 ], [ -167.188033, 53.524073 ], [ -167.069906, 53.507114 ], [ -167.052199, 53.52478 ], [ -167.136694, 53.551052 ], [ -167.16379, 53.616169 ], [ -167.095219, 53.633578 ], [ -167.038295, 53.594945 ], [ -167.051367, 53.63386 ], [ -166.996345, 53.622372 ], [ -167.07157, 53.666684 ], [ -167.035324, 53.708276 ], [ -166.895687, 53.716716 ], [ -166.858487, 53.645361 ], [ -166.827701, 53.661328 ], [ -166.791591, 53.625605 ], [ -166.832464, 53.707994 ], [ -166.760329, 53.691039 ], [ -166.737987, 53.701945 ], [ -166.794911, 53.71538 ], [ -166.690807, 53.71538 ], [ -166.877624, 53.737598 ], [ -166.856114, 53.744697 ], [ -166.963188, 53.777505 ], [ -167.027243, 53.757064 ], [ -167.092011, 53.791126 ], [ -167.093556, 53.819969 ], [ -167.152025, 53.829158 ], [ -167.155709, 53.858887 ], [ -167.009536, 53.960043 ], [ -166.885229, 53.988979 ], [ -166.840902, 53.978078 ], [ -166.746068, 54.014404 ], [ -166.625683, 54.006164 ], [ -166.588605, 53.959623 ], [ -166.646599, 53.928427 ], [ -166.61986, 53.892026 ], [ -166.637686, 53.877386 ], [ -166.576127, 53.878647 ], [ -166.607857, 53.826984 ], [ -166.546773, 53.86134 ], [ -166.564599, 53.877666 ], [ -166.530373, 53.922899 ], [ -166.50209, 53.91702 ], [ -166.536672, 53.897418 ], [ -166.524907, 53.873182 ], [ -166.443026, 53.902949 ], [ -166.4416, 53.951791 ], [ -166.410939, 53.947175 ], [ -166.40987, 53.984647 ], [ -166.376, 54.009446 ], [ -166.355085, 53.992822 ], [ -166.373386, 53.944658 ], [ -166.275818, 53.983808 ], [ -166.249198, 53.94095 ], [ -166.261558, 53.91772 ], [ -166.231372, 53.94109 ], [ -166.204752, 53.931996 ], [ -166.250981, 53.899168 ], [ -166.243494, 53.877246 ], [ -166.320502, 53.868137 ], [ -166.349856, 53.885652 ], [ -166.387053, 53.831964 ], [ -166.433519, 53.827265 ], [ -166.418426, 53.804533 ], [ -166.519084, 53.790213 ], [ -166.480223, 53.773782 ], [ -166.605956, 53.738722 ], [ -166.548318, 53.733099 ], [ -166.582901, 53.713199 ], [ -166.536553, 53.712988 ], [ -166.549031, 53.682805 ], [ -166.516707, 53.723607 ], [ -166.470835, 53.723818 ], [ -166.439936, 53.75601 ], [ -166.412722, 53.763176 ], [ -166.40476, 53.736754 ], [ -166.378021, 53.736192 ], [ -166.38218, 53.761209 ], [ -166.341062, 53.786703 ], [ -166.317175, 53.757134 ], [ -166.333218, 53.731622 ], [ -166.267143, 53.722904 ], [ -166.274987, 53.686535 ], [ -166.363285, 53.666402 ], [ -166.380041, 53.686605 ], [ -166.448136, 53.63541 ], [ -166.544753, 53.650275 ], [ -166.531918, 53.630266 ], [ -166.55533, 53.617579 ], [ -166.507556, 53.581189 ], [ -166.563411, 53.605382 ], [ -166.573869, 53.557689 ], [ -166.600608, 53.562771 ], [ -166.576602, 53.530149 ], [ -166.663831, 53.592829 ], [ -166.636379, 53.523119 ], [ -166.711485, 53.555677 ], [ -166.720161, 53.540143 ], [ -166.647906, 53.506655 ], [ -166.663712, 53.483749 ], [ -166.738581, 53.507927 ], [ -166.772331, 53.565418 ], [ -166.799546, 53.557583 ], [ -166.771975, 53.527005 ], [ -166.777204, 53.495981 ], [ -166.742503, 53.481486 ], [ -166.749158, 53.440944 ], [ -166.801566, 53.47215 ], [ -166.809172, 53.426926 ], [ -166.84114, 53.470099 ], [ -166.88, 53.428413 ], [ -166.887131, 53.464227 ], [ -166.898896, 53.434502 ], [ -166.955701, 53.464298 ], [ -166.980658, 53.424448 ], [ -166.998365, 53.428909 ], [ -166.984223, 53.45418 ], [ -167.051011, 53.448801 ], [ -167.059924, 53.427988 ], [ -167.138002, 53.426289 ], [ -167.170683, 53.397742 ], [ -167.291305, 53.372438 ], [ -167.307348, 53.334276 ], [ -167.383287, 53.344281 ], [ -167.452808, 53.32072 ], [ -167.442707, 53.305242 ], [ -167.493689, 53.279883 ], [ -167.492382, 53.257423 ], [ -167.605874, 53.285283 ], [ -167.614787, 53.248536 ], [ -167.655787, 53.247683 ], [ -167.649607, 53.232463 ], [ -167.657451, 53.226451 ], [ -167.66981, 53.259592 ], [ -167.796969, 53.277858 ], [ -167.852467, 53.309467 ] ] ], [ [ [ -166.20803, 23.785782 ], [ -166.20918, 23.788229 ], [ -166.207463, 23.786816 ], [ -166.20803, 23.785782 ] ] ], [ [ [ -166.221462, 23.861417 ], [ -166.223783, 23.861244 ], [ -166.223662, 23.862043 ], [ -166.221462, 23.861417 ] ] ], [ [ [ -166.281148, 23.871723 ], [ -166.288267, 23.867302 ], [ -166.289364, 23.867875 ], [ -166.281148, 23.871723 ] ] ], [ [ [ -166.577196, 53.90519 ], [ -166.57066, 53.896648 ], [ -166.573275, 53.897208 ], [ -166.577196, 53.90519 ] ] ], [ [ [ -166.82402, 53.669556 ], [ -166.820356, 53.666719 ], [ -166.825268, 53.666898 ], [ -166.82402, 53.669556 ] ] ], [ [ [ -166.831633, 53.691391 ], [ -166.846606, 53.691672 ], [ -166.848745, 53.696386 ], [ -166.831633, 53.691391 ] ] ], [ [ [ -169.115259, 52.820409 ], [ -169.050848, 52.85501 ], [ -169.067367, 52.865773 ], [ -168.967304, 52.879617 ], [ -168.95946, 52.936739 ], [ -168.861061, 52.940392 ], [ -168.872469, 53.0048 ], [ -168.800453, 53.028965 ], [ -168.765038, 53.075682 ], [ -168.805087, 53.107155 ], [ -168.796768, 53.159702 ], [ -168.614349, 53.273132 ], [ -168.536272, 53.250456 ], [ -168.483507, 53.274873 ], [ -168.43811, 53.25426 ], [ -168.346128, 53.260658 ], [ -168.342325, 53.295192 ], [ -168.436208, 53.332112 ], [ -168.385583, 53.382434 ], [ -168.40733, 53.422323 ], [ -168.344464, 53.479435 ], [ -168.083967, 53.564782 ], [ -167.97915, 53.562594 ], [ -167.939933, 53.5275 ], [ -167.785204, 53.510471 ], [ -167.859122, 53.439316 ], [ -167.840939, 53.386191 ], [ -168.114628, 53.274909 ], [ -168.295145, 53.228941 ], [ -168.331273, 53.206171 ], [ -168.308931, 53.195635 ], [ -168.342919, 53.1841 ], [ -168.340305, 53.155177 ], [ -168.37667, 53.164868 ], [ -168.363122, 53.130798 ], [ -168.41755, 53.107547 ], [ -168.458907, 53.054401 ], [ -168.588086, 53.02775 ], [ -168.685772, 52.968386 ], [ -168.680424, 52.94519 ], [ -168.704549, 52.965952 ], [ -168.728554, 52.943042 ], [ -168.784885, 52.9492 ], [ -168.757432, 52.906647 ], [ -168.818516, 52.923988 ], [ -169.115259, 52.820409 ] ] ], [ [ [ -168.000684, 25.003127 ], [ -167.995834, 24.998215 ], [ -168.000984, 24.997373 ], [ -168.000684, 25.003127 ] ] ], [ [ [ -168.038152, 53.928372 ], [ -168.034349, 53.936349 ], [ -168.026268, 53.926833 ], [ -168.038152, 53.928372 ] ] ], [ [ [ -168.074754, 64.980597 ], [ -168.048609, 64.960384 ], [ -168.097096, 64.965715 ], [ -168.074754, 64.980597 ] ] ], [ [ [ -168.400913, 52.993929 ], [ -168.402814, 52.999222 ], [ -168.397585, 52.995789 ], [ -168.400913, 52.993929 ] ] ], [ [ [ -168.439892, 53.049329 ], [ -168.449637, 53.044328 ], [ -168.450707, 53.049472 ], [ -168.439892, 53.049329 ] ] ], [ [ [ -168.469959, 52.992069 ], [ -168.444408, 52.978905 ], [ -168.486478, 52.980408 ], [ -168.469959, 52.992069 ] ] ], [ [ [ -171.840742, 63.505826 ], [ -171.79796, 63.626023 ], [ -171.739728, 63.655044 ], [ -171.755178, 63.68688 ], [ -171.722853, 63.734777 ], [ -171.740204, 63.783434 ], [ -171.674367, 63.787003 ], [ -171.639665, 63.769255 ], [ -171.64941, 63.708997 ], [ -171.612808, 63.681928 ], [ -170.948017, 63.571596 ], [ -170.487869, 63.696255 ], [ -170.289407, 63.687512 ], [ -170.176984, 63.625073 ], [ -170.094034, 63.612294 ], [ -170.040318, 63.521303 ], [ -170.060997, 63.500737 ], [ -170.007043, 63.476229 ], [ -169.649335, 63.429489 ], [ -169.487475, 63.361047 ], [ -169.006649, 63.344738 ], [ -168.687683, 63.295113 ], [ -168.726861, 63.227407 ], [ -168.860239, 63.146905 ], [ -169.108852, 63.178667 ], [ -169.378856, 63.149267 ], [ -169.452536, 63.096509 ], [ -169.546895, 63.068211 ], [ -169.580408, 63.028783 ], [ -169.530971, 62.978614 ], [ -169.615822, 62.967058 ], [ -169.643156, 62.93766 ], [ -169.762946, 62.961548 ], [ -169.744883, 62.984984 ], [ -169.869427, 63.102531 ], [ -170.078585, 63.177916 ], [ -170.292497, 63.187459 ], [ -170.285604, 63.220033 ], [ -170.355006, 63.280155 ], [ -170.571295, 63.361367 ], [ -170.867919, 63.414601 ], [ -171.073275, 63.424066 ], [ -171.286473, 63.380117 ], [ -171.279105, 63.360301 ], [ -171.322363, 63.333113 ], [ -171.440014, 63.3075 ], [ -171.547683, 63.318175 ], [ -171.566935, 63.339086 ], [ -171.734975, 63.36499 ], [ -171.823392, 63.43693 ], [ -171.840742, 63.505826 ] ] ], [ [ [ -168.90592, 65.769645 ], [ -168.907346, 65.739388 ], [ -168.953456, 65.758132 ], [ -168.90592, 65.769645 ] ] ], [ [ [ -169.25347, 52.767843 ], [ -169.15305, 52.801265 ], [ -169.260482, 52.761443 ], [ -169.25347, 52.767843 ] ] ], [ [ [ -169.787576, 56.613069 ], [ -169.503429, 56.607118 ], [ -169.465519, 56.595343 ], [ -169.576278, 56.53176 ], [ -169.654475, 56.543424 ], [ -169.682165, 56.579506 ], [ -169.787576, 56.613069 ] ] ], [ [ [ -169.762224, 52.973288 ], [ -169.746299, 53.024569 ], [ -169.694604, 53.035218 ], [ -169.66121, 53.001046 ], [ -169.723719, 52.946085 ], [ -169.762224, 52.973288 ] ] ], [ [ [ -169.96437, 52.859136 ], [ -169.875953, 52.851386 ], [ -169.865733, 52.877932 ], [ -169.77898, 52.892417 ], [ -169.668459, 52.863872 ], [ -169.690088, 52.831575 ], [ -169.674876, 52.818362 ], [ -169.711717, 52.802702 ], [ -169.700308, 52.778699 ], [ -169.719322, 52.771797 ], [ -169.857652, 52.82741 ], [ -169.960567, 52.787324 ], [ -170.010955, 52.831575 ], [ -169.96437, 52.859136 ] ] ], [ [ [ -169.798707, 53.055937 ], [ -169.753429, 53.077431 ], [ -169.743803, 53.049151 ], [ -169.798707, 53.055937 ] ] ], [ [ [ -170.087726, 52.922663 ], [ -169.995982, 52.912918 ], [ -170.000497, 52.875923 ], [ -170.05041, 52.857845 ], [ -170.097708, 52.873341 ], [ -170.122903, 52.897149 ], [ -170.087726, 52.922663 ] ] ], [ [ [ -170.183511, 52.720505 ], [ -170.169488, 52.785671 ], [ -170.052074, 52.769137 ], [ -170.085587, 52.719209 ], [ -170.183511, 52.720505 ] ] ], [ [ [ -170.418378, 57.176456 ], [ -170.38843, 57.20717 ], [ -170.224074, 57.211804 ], [ -170.097748, 57.248598 ], [ -170.174399, 57.160864 ], [ -170.254854, 57.140558 ], [ -170.260321, 57.124435 ], [ -170.289436, 57.10753 ], [ -170.294784, 57.1501 ], [ -170.351233, 57.143911 ], [ -170.418378, 57.176456 ] ] ], [ [ [ -170.84331, 52.559256 ], [ -170.819779, 52.635195 ], [ -170.669804, 52.699769 ], [ -170.559996, 52.667926 ], [ -170.608482, 52.601717 ], [ -170.706406, 52.597386 ], [ -170.789594, 52.543359 ], [ -170.84331, 52.559256 ] ] ], [ [ [ -171.15158, 52.584536 ], [ -171.117117, 52.557522 ], [ -171.176774, 52.558678 ], [ -171.15158, 52.584536 ] ] ], [ [ [ -171.313916, 52.493317 ], [ -171.250693, 52.530203 ], [ -171.195551, 52.49433 ], [ -171.233105, 52.448868 ], [ -171.305835, 52.450027 ], [ -171.313916, 52.493317 ] ] ], [ [ [ -171.743621, 25.776892 ], [ -171.733093, 25.757305 ], [ -171.742436, 25.756145 ], [ -171.743621, 25.776892 ] ] ], [ [ [ -173.053817, 60.494513 ], [ -173.040745, 60.561869 ], [ -172.912873, 60.605062 ], [ -172.931412, 60.561986 ], [ -172.899563, 60.519554 ], [ -172.776445, 60.451876 ], [ -172.558493, 60.38711 ], [ -172.380708, 60.384996 ], [ -172.218135, 60.312917 ], [ -172.293955, 60.295373 ], [ -172.320813, 60.326216 ], [ -172.39901, 60.336098 ], [ -172.598423, 60.316801 ], [ -172.729147, 60.361379 ], [ -172.93878, 60.479175 ], [ -173.053817, 60.494513 ] ] ], [ [ [ -172.632090756708891, 52.264447902607429 ], [ -172.577186791908474, 52.350696845021695 ], [ -172.435526, 52.391467 ], [ -172.325481, 52.365786 ], [ -172.294939, 52.32789 ], [ -172.535114, 52.246909 ], [ -172.632090756708891, 52.264447902607429 ] ] ], [ [ [ -174.054247025249111, 52.128303955419625 ], [ -173.878364115899842, 52.149746945242107 ], [ -173.899280102647793, 52.111666970894504 ], [ -173.82964013910717, 52.128449961189247 ], [ -173.835819134388743, 52.105827976590554 ], [ -173.796602153140185, 52.090058988485758 ], [ -173.771646168722867, 52.131658960532071 ], [ -173.529926293230062, 52.159371948084818 ], [ -173.515189299459109, 52.142600960035708 ], [ -173.544186283148349, 52.12056997438372 ], [ -173.508534299833144, 52.102031988132168 ], [ -173.477161316914419, 52.118234977865775 ], [ -173.409184350060144, 52.101301991436024 ], [ -173.37995036599645, 52.116482981825612 ], [ -173.340257383998818, 52.088890001942175 ], [ -173.27346941934303, 52.109330989808967 ], [ -173.168652472419893, 52.109914992470415 ], [ -173.1589084755106, 52.086262009025653 ], [ -173.122067495917406, 52.109038994449449 ], [ -172.952602580594601, 52.09619200837038 ], [ -173.333840384669884, 52.05485002553889 ], [ -173.393973352315868, 52.028682041816715 ], [ -173.477636311275887, 52.045349027988379 ], [ -173.495462300498787, 52.021369043980876 ], [ -173.550841272827512, 52.0256100395193 ], [ -173.563438268433742, 52.052658020565943 ], [ -173.683942207357234, 52.050758018562128 ], [ -173.689409205972908, 52.070047005144502 ], [ -173.827501134087612, 52.041402021135525 ], [ -173.931129082483665, 52.053243010256409 ], [ -173.979616061522847, 52.105535973013332 ], [ -174.054247025249111, 52.128303955419625 ] ] ], [ [ [ -172.960920574568974, 52.073408023785831 ], [ -172.965674571828856, 52.069171026555267 ], [ -172.965674572026956, 52.071654024847838 ], [ -172.960920574568974, 52.073408023785831 ] ] ], [ [ [ -173.07711, 60.704536 ], [ -173.062849, 60.691857 ], [ -173.04431, 60.625588 ], [ -173.121318, 60.66136 ], [ -173.07711, 60.704536 ] ] ], [ [ [ -173.976077, 26.078607 ], [ -173.96332, 26.072359 ], [ -173.964157, 26.062327 ], [ -173.976077, 26.078607 ] ] ], [ [ [ -175.341995366132579, 52.02356299806295 ], [ -175.261184408291086, 52.045933984300845 ], [ -175.216738430136701, 52.033214993968429 ], [ -175.142344469292397, 52.059526977403017 ], [ -175.110019484938277, 52.046079987338665 ], [ -175.132599472652458, 52.030874997329541 ], [ -175.093857492586352, 52.036284994422054 ], [ -175.031585526559581, 52.079104966273228 ], [ -174.98547554893284, 52.061279979535875 ], [ -174.905853592530661, 52.117066942869641 ], [ -174.891354597811159, 52.08129596781297 ], [ -174.836212627293747, 52.107141951243456 ], [ -174.84857262034609, 52.095607958908076 ], [ -174.771801658499129, 52.082317969774856 ], [ -174.735198679367898, 52.120861944071805 ], [ -174.584510754589161, 52.100717961409821 ], [ -174.614457740582708, 52.1199859474495 ], [ -174.603524747358989, 52.139974933944181 ], [ -174.508096796077211, 52.144496933073867 ], [ -174.559910770433135, 52.155069924573006 ], [ -174.558008772902753, 52.179269907957732 ], [ -174.410884847051562, 52.170159917733287 ], [ -174.460678824770696, 52.217583883887713 ], [ -174.340650884465703, 52.197265900779186 ], [ -174.295610909157801, 52.225009882784434 ], [ -174.283013914397799, 52.207243895326158 ], [ -174.230723943577118, 52.246770869410923 ], [ -174.236428942519495, 52.274629850087109 ], [ -174.370122874801268, 52.279500843440097 ], [ -174.459847831598381, 52.318237814595868 ], [ -174.345404889907314, 52.318309817317569 ], [ -174.32116090365966, 52.339734803156503 ], [ -174.332213900258864, 52.373847779389408 ], [ -174.274456930248618, 52.381899775267669 ], [ -174.282419927640461, 52.403873759934235 ], [ -174.148724996967786, 52.420184752048023 ], [ -174.003740066639153, 52.357882798676634 ], [ -174.014911059969222, 52.343727808134766 ], [ -173.989004071445294, 52.318890825909683 ], [ -174.059951028938514, 52.225300888511811 ], [ -174.207074953707888, 52.218238889644766 ], [ -174.084551010327544, 52.134868950126233 ], [ -174.099525000332818, 52.099111974351366 ], [ -174.133156985230642, 52.12815795350928 ], [ -174.218126939857456, 52.093416975282558 ], [ -174.324963887609186, 52.122758952449111 ], [ -174.396980849123622, 52.092029971845982 ], [ -174.378798857611741, 52.080637980125992 ], [ -174.415044835934111, 52.02838901520466 ], [ -174.461035815362408, 52.071507984430291 ], [ -174.530675781163012, 52.089035970714079 ], [ -174.489200799331968, 52.043376003118794 ], [ -174.569179760574542, 52.071726981721717 ], [ -174.546718769877884, 52.038113005381327 ], [ -174.705489689497398, 52.038624001351785 ], [ -174.690277696208625, 52.02210001307084 ], [ -174.713451683682507, 52.008862021651332 ], [ -174.890879596212756, 52.049587989648316 ], [ -175.092906491077059, 52.000449019106817 ], [ -175.323693374549123, 52.007326009607496 ], [ -175.341995366132579, 52.02356299806295 ] ] ], [ [ [ -174.493835796218377, 52.031094011460283 ], [ -174.47636580409781, 52.01566502249203 ], [ -174.497281793343831, 52.01295802385777 ], [ -174.493835796218377, 52.031094011460283 ] ] ], [ [ [ -174.625628738616683, 52.180362905625884 ], [ -174.635611732758406, 52.167535914225347 ], [ -174.655100722912493, 52.168410913172337 ], [ -174.625628738616683, 52.180362905625884 ] ] ], [ [ [ -175.124043487410262, 52.218457868357518 ], [ -175.141512478978086, 52.226683862324606 ], [ -175.125469486985452, 52.223844864617384 ], [ -175.124043487410262, 52.218457868357518 ] ] ], [ [ [ -175.451684308818841, 51.990278018797355 ], [ -175.432075318101738, 51.977689027847326 ], [ -175.498269284449378, 51.975127028317281 ], [ -175.451684308818841, 51.990278018797355 ] ] ], [ [ [ -175.491852297771374, 52.171763893058653 ], [ -175.513718286092626, 52.160902900113776 ], [ -175.529643278895151, 52.17854088765823 ], [ -175.510629288908689, 52.185171883459276 ], [ -175.491852297771374, 52.171763893058653 ] ] ], [ [ [ -175.732503165807429, 51.97505402394205 ], [ -175.599283232479422, 51.958799037618213 ], [ -175.578367243321253, 51.963852034537858 ], [ -175.59750123313421, 51.953819041079555 ], [ -175.703862179271624, 51.95352603928842 ], [ -175.722758168654792, 51.931768053914745 ], [ -175.745337157948313, 51.946787043162885 ], [ -175.732503165807429, 51.97505402394205 ] ] ], [ [ [ -175.738163, 27.926965 ], [ -175.737701, 27.923558 ], [ -175.739122, 27.923505 ], [ -175.738163, 27.926965 ] ] ], [ [ [ -175.876418091397255, 51.942832043519701 ], [ -175.79489413340778, 51.958360034294152 ], [ -175.761618148288164, 51.917110063290309 ], [ -175.876418091397255, 51.942832043519701 ] ] ], [ [ [ -175.961151050344398, 51.983398014105681 ], [ -175.818662123065593, 51.994230009173179 ], [ -175.807015128653006, 51.987570013968067 ], [ -175.878200092335277, 51.982374016269418 ], [ -175.883429088827455, 51.963925028876361 ], [ -175.961151050344398, 51.983398014105681 ] ] ], [ [ [ -175.819885, 27.791275 ], [ -175.817945, 27.78795 ], [ -175.821109, 27.789378 ], [ -175.819885, 27.791275 ] ] ], [ [ [ -175.906272, 27.774158 ], [ -175.909038, 27.772443 ], [ -175.909699, 27.773063 ], [ -175.906272, 27.774158 ] ] ], [ [ [ -175.942552, 27.762429 ], [ -175.943587, 27.765933 ], [ -175.941872, 27.763924 ], [ -175.942552, 27.762429 ] ] ], [ [ [ -176.1169499671594, 51.887084077742813 ], [ -175.997516028720213, 51.912676062156514 ], [ -176.01878801675025, 51.885764080312811 ], [ -175.950574051201357, 51.88473708219859 ], [ -175.963527042905014, 51.846210108485671 ], [ -176.1169499671594, 51.887084077742813 ] ] ], [ [ [ -176.212496926297717, 52.061645955988091 ], [ -176.149511960733662, 52.117577918506363 ], [ -176.05598500792081, 52.109476925659621 ], [ -176.002388033313849, 52.068804954587421 ], [ -176.009518028709891, 52.047103969407559 ], [ -175.97208404729551, 52.038039976295956 ], [ -176.047547008208113, 52.020344987180735 ], [ -176.061333000359895, 52.001181000140505 ], [ -176.022947018978044, 51.982374013743119 ], [ -176.079276989839713, 51.969124021905948 ], [ -176.099954980597488, 51.997156002259011 ], [ -176.188015936050761, 51.999643999082068 ], [ -176.178745941562113, 52.018370986340734 ], [ -176.212496926297717, 52.061645955988091 ] ] ], [ [ [ -176.005834026825596, 51.964071026636873 ], [ -176.002863027478384, 51.945176039694594 ], [ -176.019620019633919, 51.959458029575515 ], [ -176.005834026825596, 51.964071026636873 ] ] ], [ [ [ -176.204771920742502, 51.840336108463539 ], [ -176.218438915337344, 51.875713083894524 ], [ -176.174824937650357, 51.881656080518361 ], [ -176.133943957202803, 51.855753099021534 ], [ -176.13893495379611, 51.835343112983679 ], [ -176.070958988955368, 51.853844101391537 ], [ -176.028533009959745, 51.844007108881797 ], [ -175.996089024557762, 51.803975136983162 ], [ -176.023660010668522, 51.804637136054659 ], [ -176.026275010299457, 51.826016121300015 ], [ -176.119920963147536, 51.829468117342948 ], [ -176.094963974101319, 51.79162814379707 ], [ -176.135369954128606, 51.801403136396623 ], [ -176.158186941213529, 51.768909158375081 ], [ -176.186470927779595, 51.788541144402735 ], [ -176.16947693695252, 51.802432135124356 ], [ -176.232936905712251, 51.821461120993959 ], [ -176.204771920742502, 51.840336108463539 ] ] ], [ [ [ -176.050280003579502, 51.947740037117988 ], [ -176.025918015277625, 51.93345304736804 ], [ -176.054440000696843, 51.930303049049776 ], [ -176.050280003579502, 51.947740037117988 ] ] ], [ [ [ -176.118137969624144, 51.957188029469371 ], [ -176.090804983122268, 51.949278035373219 ], [ -176.135725960736124, 51.957701028822704 ], [ -176.118137969624144, 51.957188029469371 ] ] ], [ [ [ -176.093894981215016, 51.941513040666315 ], [ -176.111363971828553, 51.929203048846496 ], [ -176.113740970920418, 51.935945044165955 ], [ -176.093894981215016, 51.941513040666315 ] ] ], [ [ [ -176.164366946187414, 51.956822028952679 ], [ -176.144044955995525, 51.945615037004153 ], [ -176.168644943639947, 51.948033034932287 ], [ -176.164366946187414, 51.956822028952679 ] ] ], [ [ [ -176.984361520418076, 51.656323223659911 ], [ -176.864451583082285, 51.721376180489969 ], [ -176.887744572367751, 51.751182159669099 ], [ -176.841991595397559, 51.749416161500768 ], [ -176.921494556574686, 51.787291134372119 ], [ -176.88905157372497, 51.809193119730978 ], [ -176.90687756541098, 51.829247105691039 ], [ -176.847695594515642, 51.806106122412579 ], [ -176.776985630730451, 51.819552114128406 ], [ -176.802773618314689, 51.836811101893822 ], [ -176.762843640158138, 51.882316071125068 ], [ -176.809428618159643, 51.926309040194916 ], [ -176.771162638961016, 51.965133013993679 ], [ -176.656482696623897, 51.95231802444129 ], [ -176.616195718627921, 51.993753996495279 ], [ -176.564737744900015, 51.99807099427921 ], [ -176.549050749702531, 51.917074050277236 ], [ -176.616908714790185, 51.902705059170017 ], [ -176.6518476951465, 51.850761094418019 ], [ -176.588624727399377, 51.858101090285722 ], [ -176.591476725083936, 51.835269105957927 ], [ -176.515894762977382, 51.827264112587677 ], [ -176.466219789076575, 51.852376096055266 ], [ -176.449106796729637, 51.827264113598311 ], [ -176.399787823291689, 51.867862086416935 ], [ -176.291762878147694, 51.87321908442906 ], [ -176.290336877368475, 51.837178109255397 ], [ -176.353559844981334, 51.826530115582543 ], [ -176.266687888517964, 51.81800912282494 ], [ -176.292000872499358, 51.73999817609414 ], [ -176.313866862056301, 51.754199165976964 ], [ -176.3480928436461, 51.726088184776565 ], [ -176.397054819238434, 51.73300717925369 ], [ -176.39230182330823, 51.774572150730599 ], [ -176.420941809620189, 51.793760137085428 ], [ -176.441381798477153, 51.773101150986747 ], [ -176.425457805185289, 51.739777174158228 ], [ -176.477271778583827, 51.727854181570869 ], [ -176.482381776757308, 51.74698816832975 ], [ -176.532294750450916, 51.717842187632506 ], [ -176.520766755681279, 51.702820198138582 ], [ -176.556300737915819, 51.706576195026486 ], [ -176.631644698088962, 51.657208227883885 ], [ -176.656363685567726, 51.655217228897286 ], [ -176.598369716133305, 51.691329204896753 ], [ -176.722794653105638, 51.682415209244539 ], [ -176.723626650582787, 51.624536249044382 ], [ -176.758803633370263, 51.638183239166167 ], [ -176.808359607403389, 51.60933625832282 ], [ -176.831770596613865, 51.637519238619412 ], [ -176.813113606355444, 51.647402232075962 ], [ -176.832246599304767, 51.720787181331275 ], [ -176.935636542805014, 51.59280126798712 ], [ -176.984123518790426, 51.604022259637503 ], [ -176.984361520418076, 51.656323223659911 ] ] ], [ [ [ -177.640238192183148, 51.741286157629602 ], [ -177.515592254666046, 51.724986170144192 ], [ -177.504493260826933, 51.745088156429638 ], [ -177.23107240060736, 51.801330120817433 ], [ -177.205676414047701, 51.820647107825799 ], [ -177.181272430270297, 51.943175023768219 ], [ -177.100705470862493, 51.935395030117782 ], [ -177.047584496620203, 51.900285054960392 ], [ -177.074727482342269, 51.884156065720632 ], [ -177.067667485099378, 51.859349082886588 ], [ -177.132673451288127, 51.830863101683271 ], [ -177.115203458158845, 51.770013143778932 ], [ -177.146458440332083, 51.705840187551253 ], [ -177.244739390923826, 51.711068182770077 ], [ -177.244269390494196, 51.689323197737011 ], [ -177.277539373395598, 51.678620204709368 ], [ -177.398280314120257, 51.733595165502095 ], [ -177.505751258896822, 51.698483188486279 ], [ -177.616754203050391, 51.703986183536777 ], [ -177.651387184263029, 51.653612217844604 ], [ -177.707803157096265, 51.703276183110901 ], [ -177.640238192183148, 51.741286157629602 ] ] ], [ [ [ -177.425010305385086, 51.898525051679343 ], [ -177.452531291190724, 51.889737057426281 ], [ -177.469465282918861, 51.900468049852748 ], [ -177.442063297397453, 51.921143035917538 ], [ -177.425010305385086, 51.898525051679343 ] ] ], [ [ [ -178.17038292797767, 51.913225034485407 ], [ -177.95725403612542, 51.917252033490406 ], [ -177.90413306214532, 51.87857606059525 ], [ -177.922250052406895, 51.854539076982014 ], [ -177.87151707797608, 51.849682080785243 ], [ -177.856753084894734, 51.826590096818308 ], [ -177.614512208155674, 51.853041080969852 ], [ -177.651052188705364, 51.81679710554782 ], [ -177.820756102147669, 51.787254124230429 ], [ -177.778449123110136, 51.770196136371709 ], [ -177.840245090958462, 51.73179216222065 ], [ -177.809585105726939, 51.702636182571204 ], [ -177.86615307657982, 51.677146199585501 ], [ -177.903468058060753, 51.689966190425139 ], [ -177.927949044724073, 51.647070219721115 ], [ -177.900616057373668, 51.598670253262974 ], [ -177.934842040095759, 51.596603254379112 ], [ -177.964790026163513, 51.64736521919334 ], [ -178.00947300322656, 51.628483231798093 ], [ -178.039182989163322, 51.670071202932235 ], [ -178.056295980218721, 51.65547521283176 ], [ -178.120469948310443, 51.676704197697767 ], [ -178.110724953906583, 51.709117175471967 ], [ -177.964790027770391, 51.718394170318298 ], [ -177.952193035093813, 51.760635141357461 ], [ -178.014940004052647, 51.79048912026451 ], [ -178.058434981840946, 51.780344126880387 ], [ -178.098840962222255, 51.818266100441896 ], [ -178.225286899173028, 51.864817067392224 ], [ -178.17038292797767, 51.913225034485407 ] ] ], [ [ [ -178.281853863247193, 51.483773329168628 ], [ -178.288271859802251, 51.47200433721467 ], [ -178.310494848806343, 51.480813330995119 ], [ -178.281853863247193, 51.483773329168628 ] ] ], [ [ [ -178.334698, 28.389446 ], [ -178.288927, 28.402123 ], [ -178.288113, 28.392374 ], [ -178.304504, 28.385405 ], [ -178.334698, 28.389446 ] ] ], [ [ [ -178.687335661252149, 51.600515246234977 ], [ -178.60604970223298, 51.603173244878349 ], [ -178.56588172244318, 51.601844246036393 ], [ -178.593689708127641, 51.581910259580695 ], [ -178.687335661252149, 51.600515246234977 ] ] ], [ [ [ -178.861554573191739, 51.575854262284786 ], [ -178.741288633461579, 51.556204276420587 ], [ -178.733683637106594, 51.543198285408245 ], [ -178.82019859355114, 51.540537286784947 ], [ -178.861554573191739, 51.575854262284786 ] ] ], [ [ [ -178.873201569913903, 51.782292120162708 ], [ -178.809978602622891, 51.837546082437392 ], [ -178.733683640463454, 51.781924121134168 ], [ -178.757094628211206, 51.752139141510746 ], [ -178.809384601700685, 51.745738145643166 ], [ -178.873201569913903, 51.782292120162708 ] ] ], [ [ [ -178.957735522712596, 51.396130385438809 ], [ -178.90852354674746, 51.342186422748419 ], [ -178.954522523803433, 51.350554416785926 ], [ -178.988704506243977, 51.31102444380803 ], [ -178.972415515003462, 51.365161406665045 ], [ -178.991580505569885, 51.380645395936583 ], [ -178.957735522712596, 51.396130385438809 ] ] ], [ [ [ -179.041002482949608, 51.585122255101474 ], [ -179.058947473782041, 51.572494263715896 ], [ -179.058828473988655, 51.586599254012668 ], [ -179.041002482949608, 51.585122255101474 ] ] ], [ [ [ -179.114484, 51.299024 ], [ -179.057505, 51.252672 ], [ -179.129125, 51.215661 ], [ -179.146711, 51.277085 ], [ -179.114484, 51.299024 ] ] ] ] } },
{ "type": "Feature", "properties": { "COURT_ID": "DC", "COURT_NAME": "DC Bankruptcy Court", "area_sq_km": 292.58316104028364, "source": "Derived from Courts of Appeals Circuits", "source_data": "US Census Bureau TIGER/Line", "date_created": "2025-10-08T00:00:00", "created_by": "District-Maps Project", "notes": "Bankruptcy courts follow same boundaries as Appeals circuits" }, "geometry": { "type": "Polygon", "coordinates": [ [ [ -77.119759, 38.934343 ], [ -77.040999, 38.99511 ], [ -76.909395, 38.892812 ], [ -77.039006, 38.791645 ], [ -77.040599, 38.871212 ], [ -77.119759, 38.934343 ] ] ] } }
]
}
