{
"type": "FeatureCollection",
"name": "Census_Regions",
"crs": { "type": "name", "properties": { "name": "urn:ogc:def:crs:OGC:1.3:CRS84" } },
"features": [
{ "type": "Feature", "properties": { "OBJECTID": 1, "AREALAND": "2249813903076", "AREAWATER": "148772593044", "FUNCSTAT": "S", "GEOID": "3", "LSADC": "68", "MTFCC": "G1100", "BASENAME": "South", "NAME": "South Region", "OID": "2729020719822", "REGION": "3", "CENTLON": "-090.1228227", "CENTLAT": "+33.5118953", "INTPTLON": "-090.1228714", "INTPTLAT": "+33.5144473" }, "geometry": { "type": "MultiPolygon", "coordinates": [ [ [ [ -82.593479999600916, 38.421820999963835 ], [ -82.698285000206482, 38.543770000003654 ], [ -82.842472000035727, 38.588909999825098 ], [ -82.886311000423021, 38.755254000056183 ], [ -83.030494999879195, 38.725839000156476 ], [ -83.153644000133426, 38.6188389998361 ], [ -83.24566399974897, 38.628564000093924 ], [ -83.299036999909688, 38.597373999859151 ], [ -83.357835999557963, 38.654879000067417 ], [ -83.52114100006105, 38.703079000071021 ], [ -83.625529999841689, 38.678875999706641 ], [ -83.668395000085553, 38.626453000049871 ], [ -83.769119999994345, 38.655075000189903 ], [ -83.869407000235242, 38.761300999917815 ], [ -84.213114999861759, 38.805835000311433 ], [ -84.306074000358947, 39.007753000282953 ], [ -84.426389000046413, 39.053134000107491 ], [ -84.452534000165073, 39.119239000099988 ], [ -84.618342999725414, 39.073303999978023 ], [ -84.753400999837183, 39.147113999728198 ], [ -84.897370999931468, 39.057400000345616 ], [ -84.830048999564809, 38.972560000345609 ], [ -84.87724700022541, 38.909413000023207 ], [ -84.78527500029044, 38.880425000143049 ], [ -84.830045000265159, 38.830139999765052 ], [ -84.813818999884376, 38.78507500000066 ], [ -84.991923999814873, 38.778284000040593 ], [ -85.173161000237997, 38.688007000324518 ], [ -85.272376000426135, 38.740740000321622 ], [ -85.435947000169691, 38.72870999968071 ], [ -85.456722999803901, 38.6863570003242 ], [ -85.419531999643041, 38.535330000093609 ], [ -85.505707000369682, 38.464717000270873 ], [ -85.606953999611974, 38.438574000324444 ], [ -85.679961999757197, 38.297584999943957 ], [ -85.743474999588727, 38.267294000292402 ], [ -85.829065000334367, 38.276554000335395 ], [ -85.906180000042212, 38.16790599998216 ], [ -85.925654000368226, 38.021784000066916 ], [ -86.030357999793125, 37.992056999822921 ], [ -86.038905999727533, 37.958989999720814 ], [ -86.094602000093843, 38.008809000142975 ], [ -86.178178000430364, 38.010560999900143 ], [ -86.267805000418448, 38.057148000352726 ], [ -86.272846999766429, 38.140835000340019 ], [ -86.359772000330551, 38.198839999812733 ], [ -86.376727999558966, 38.169742999932971 ], [ -86.325120000285352, 38.136338999682295 ], [ -86.40187900034104, 38.104328999669882 ], [ -86.461241000228995, 38.120925999875773 ], [ -86.433922999775277, 38.06570499980085 ], [ -86.525138000200087, 38.02873400017527 ], [ -86.5073409999993, 37.929504999756155 ], [ -86.588687000016648, 37.921089999732551 ], [ -86.598194000025885, 37.867163000204343 ], [ -86.638279000129657, 37.84269000004641 ], [ -86.662240999784814, 37.852849999818126 ], [ -86.647853000086045, 37.909387000347394 ], [ -86.732544999957909, 37.894767999855034 ], [ -86.819688999906802, 37.999422000161999 ], [ -87.034165999665433, 37.906264999846442 ], [ -87.065414000129792, 37.807613999725461 ], [ -87.110729999727454, 37.782418000213276 ], [ -87.161704000412897, 37.839763999872602 ], [ -87.411990999584859, 37.944503000188874 ], [ -87.510567000263663, 37.906081000201162 ], [ -87.597763999915998, 37.973896999972204 ], [ -87.627316999813473, 37.920401999706172 ], [ -87.583925000213242, 37.872484999730951 ], [ -87.644160999787232, 37.826189000288608 ], [ -87.679411000232221, 37.836525000183009 ], [ -87.67501099986832, 37.901642999724324 ], [ -87.829772999561555, 37.876424999907329 ], [ -87.898111999729338, 37.927587999861309 ], [ -87.940741999796572, 37.884500000049144 ], [ -87.907375000239426, 37.807128999907277 ], [ -87.951839999717293, 37.771694999903801 ], [ -88.029849999925872, 37.79825199971696 ], [ -88.159156999961738, 37.662610999650859 ], [ -88.067843999627627, 37.485866999793465 ], [ -88.475283000442218, 37.38985700020114 ], [ -88.515903000298266, 37.284090999806857 ], [ -88.424656999911306, 37.152291000114722 ], [ -88.459940999793176, 37.074627999752195 ], [ -88.566509999664291, 37.075374000182428 ], [ -88.91618000015221, 37.223991000153575 ], [ -89.029865999879817, 37.211064999682307 ], [ -89.17938500038359, 37.053247999647098 ], [ -89.170172999927132, 37.007067000023454 ], [ -89.098968000303842, 36.956067000062468 ], [ -89.1381090004014, 36.847322999829345 ], [ -89.178854999755842, 36.833335999878926 ], [ -89.116460000007791, 36.768671000072025 ], [ -89.19785600025385, 36.739772000211723 ], [ -89.159117999664105, 36.666353999808727 ], [ -89.213874000222162, 36.579910999684181 ], [ -89.260855000249492, 36.565396999659967 ], [ -89.324636999694548, 36.631022999746087 ], [ -89.365797000224092, 36.625125999773701 ], [ -89.46443300027903, 36.457747000184412 ], [ -89.493946999818419, 36.473559000245537 ], [ -89.479929999840422, 36.569086999739433 ], [ -89.569049999665296, 36.56172100013972 ], [ -89.519922000057775, 36.477052999825048 ], [ -89.545255000414713, 36.427079000282959 ], [ -89.509722000112504, 36.373626000133406 ], [ -89.5318219996945, 36.339246000163428 ], [ -89.620255000329422, 36.323006000085577 ], [ -89.534676000352746, 36.252770999805378 ], [ -89.701820999556475, 36.246004000169371 ], [ -89.591632000194451, 36.142135000331699 ], [ -89.678821000349188, 36.084636000359716 ], [ -89.706932000298082, 36.000981000210743 ], [ -90.377900000310817, 35.995744999999246 ], [ -90.319612000125389, 36.089569999825954 ], [ -90.064193000295418, 36.302502000305047 ], [ -90.063503999659019, 36.384080999787734 ], [ -90.138502999748809, 36.413725999755478 ], [ -90.152307000189793, 36.497982000325102 ], [ -94.61785899973269, 36.49943099975799 ], [ -94.617964000212993, 36.998905000209035 ], [ -103.002328999988904, 37.000149999736045 ], [ -103.002289999630847, 36.500887000359782 ], [ -103.04171699995868, 36.500360000076228 ], [ -103.064510000375023, 32.000424000289115 ], [ -106.618486000271588, 32.000495000289064 ], [ -106.639536000440501, 31.980342999795251 ], [ -106.612864999892054, 31.920372000351037 ], [ -106.64558399971898, 31.895328000026119 ], [ -106.602806000412073, 31.825017999941274 ], [ -106.491155000111675, 31.749303000125074 ], [ -106.452055000021986, 31.764523000360221 ], [ -106.380005000126687, 31.73113299962505 ], [ -106.206645000341595, 31.466253000277607 ], [ -105.953924999562545, 31.364883000288518 ], [ -105.773005000230157, 31.166792999944796 ], [ -105.60438499966925, 31.08369299995136 ], [ -105.557853999903728, 30.990414999775929 ], [ -105.40028000028336, 30.889513000210002 ], [ -105.399836999694273, 30.852076999773974 ], [ -105.257159999585653, 30.794354000257442 ], [ -105.215016999590162, 30.805893000030533 ], [ -105.061762000142849, 30.685845000339995 ], [ -105.006578999787507, 30.686060000313113 ], [ -104.971663999976585, 30.610013999843218 ], [ -104.922676999936087, 30.603693000207564 ], [ -104.866631999590297, 30.494499000283898 ], [ -104.859296000349005, 30.39025300002556 ], [ -104.70625500026361, 30.234812000244251 ], [ -104.683271999876439, 29.92910700027485 ], [ -104.565928999949719, 29.77146800029141 ], [ -104.508461999746842, 29.632696999835151 ], [ -104.33820099994405, 29.52018200033887 ], [ -104.210043999778719, 29.48224299968992 ], [ -104.167443000023795, 29.394743999651634 ], [ -104.037496999580242, 29.319707000312196 ], [ -103.783626000004062, 29.265323999655312 ], [ -103.777146999832041, 29.220508999938112 ], [ -103.758548999740157, 29.232938999899183 ], [ -103.718560999720765, 29.180825999676934 ], [ -103.553691999968677, 29.157996000133412 ], [ -103.471350000066579, 29.066726999752724 ], [ -103.386505000033836, 29.021648000174881 ], [ -103.330612999848952, 29.043218999642701 ], [ -103.286986000072091, 28.978172000281354 ], [ -103.116813999957756, 28.984416000002682 ], [ -103.100626000110111, 29.060323000095991 ], [ -103.033878999678748, 29.10097200024126 ], [ -102.99561800001328, 29.179290999665508 ], [ -102.950885999673389, 29.173620000087343 ], [ -102.867474000266725, 29.223883000278512 ], [ -102.906384000385614, 29.260083000300025 ], [ -102.884365000096153, 29.347945999652989 ], [ -102.812381000323086, 29.400524999949358 ], [ -102.833443000187543, 29.410497999716842 ], [ -102.808319999892902, 29.522930000316098 ], [ -102.673997000448267, 29.744573999683002 ], [ -102.630409999956058, 29.734181000384275 ], [ -102.5676629998555, 29.771462999759731 ], [ -102.547977999642285, 29.744644000151812 ], [ -102.487251999623524, 29.78658499985924 ], [ -102.387227000221799, 29.761392000270437 ], [ -102.364556999829077, 29.845334999819332 ], [ -102.315939999684403, 29.87999300000623 ], [ -102.073187000120456, 29.786523999914749 ], [ -101.97626400017576, 29.816039999813572 ], [ -101.929323000331408, 29.782575999959949 ], [ -101.852719999911329, 29.807791000006993 ], [ -101.823655999735394, 29.787398000158845 ], [ -101.817776999612974, 29.811635000379813 ], [ -101.805113999720035, 29.780350000005676 ], [ -101.644566999615719, 29.754233000310119 ], [ -101.57580700039675, 29.769319000167204 ], [ -101.544768999994687, 29.811868000117972 ], [ -101.535997999579195, 29.75895000036925 ], [ -101.460905999603, 29.789662999970314 ], [ -101.448881000292786, 29.75069899964571 ], [ -101.402318999666818, 29.771189999825697 ], [ -101.415584000157537, 29.746533999795162 ], [ -101.361312000196463, 29.650062999978875 ], [ -101.302516000022905, 29.650425000233465 ], [ -101.305532999989467, 29.577924999677791 ], [ -101.250383000144424, 29.624171000328708 ], [ -101.25489499976301, 29.520340999924223 ], [ -101.06015099989817, 29.458661000262229 ], [ -101.009976000352268, 29.36826699983574 ], [ -100.813958999694947, 29.263137000077514 ], [ -100.772604000070032, 29.168368999889704 ], [ -100.675199999901409, 29.100741000126177 ], [ -100.640567999947692, 28.914211999770512 ], [ -100.535437999652117, 28.805194999639717 ], [ -100.500353999786782, 28.661960000115112 ], [ -100.39846200028903, 28.585168999878892 ], [ -100.388262000343744, 28.514862999739041 ], [ -100.33381399975724, 28.499251999790875 ], [ -100.368288000425522, 28.477195999945309 ], [ -100.291397000125357, 28.275397000225119 ], [ -100.220287999863231, 28.232210000213641 ], [ -100.208057999615306, 28.190382999614837 ], [ -100.084327999578051, 28.144819000312943 ], [ -99.991446999796963, 27.994559999828141 ], [ -99.931811000272603, 27.980967999946351 ], [ -99.876760999986672, 27.797845000166294 ], [ -99.813117999560475, 27.773997000077483 ], [ -99.71151099956974, 27.658364999852825 ], [ -99.596230999557591, 27.639857999754547 ], [ -99.584843000106943, 27.603902999832183 ], [ -99.554945000427978, 27.614455999987822 ], [ -99.51213200006265, 27.568287999854078 ], [ -99.528391999880313, 27.498550000267024 ], [ -99.479250999854017, 27.478635000075993 ], [ -99.504574999990112, 27.338740999680176 ], [ -99.538035000331988, 27.316960999918578 ], [ -99.441545000032349, 27.249915000159746 ], [ -99.445660999815814, 27.021755999620936 ], [ -99.268612999869418, 26.84321300022502 ], [ -99.208907000024865, 26.724761000083078 ], [ -99.171229999617168, 26.541964999628039 ], [ -99.104851000330143, 26.500382999689265 ], [ -99.113545999679332, 26.432530000023601 ], [ -99.085125999933965, 26.398782000013988 ], [ -98.974164000269951, 26.401147999730487 ], [ -98.94215199972443, 26.369687000266527 ], [ -98.925879000386331, 26.394356999988741 ], [ -98.896734000019535, 26.353329999759474 ], [ -98.807348000055882, 26.369421000229483 ], [ -98.670669999720317, 26.237011999630102 ], [ -98.622996999581872, 26.259917000281781 ], [ -98.481804000152977, 26.200847999989318 ], [ -98.443930000101787, 26.224182999979185 ], [ -98.386857999909139, 26.157894000223777 ], [ -98.335744000379918, 26.16589100014717 ], [ -98.305696999839725, 26.103143999753105 ], [ -98.266039000431547, 26.120756999700181 ], [ -98.288215000181523, 26.104457000087919 ], [ -98.194319000249109, 26.053189999840438 ], [ -98.080352000314122, 26.071098000383991 ], [ -98.076461999588147, 26.03626800000421 ], [ -98.028020000243998, 26.066957000366042 ], [ -97.861385999604821, 26.070143999971073 ], [ -97.737103000271901, 26.02149300036973 ], [ -97.662561000116611, 26.038112000252546 ], [ -97.56787400033889, 25.952431999856721 ], [ -97.582928000209506, 25.933012999831654 ], [ -97.537219000251469, 25.930753999674852 ], [ -97.521044999749222, 25.886162000164632 ], [ -97.455627000186823, 25.884160000249512 ], [ -97.426172000198648, 25.840864000299103 ], [ -97.408583000410303, 25.862137999601948 ], [ -97.405593000207929, 25.837627999684546 ], [ -97.363962000398502, 25.849949000167904 ], [ -97.368873000225264, 25.915297999685276 ], [ -97.277040000207478, 25.935085000240878 ], [ -97.284537000005557, 25.959280999972503 ], [ -97.089684000360762, 25.960838999702958 ], [ -97.125247999726795, 26.248284999639996 ], [ -97.300422999729392, 26.834613000241905 ], [ -97.319824000260482, 27.110022999662359 ], [ -97.199815999821354, 27.500319000076455 ], [ -96.938546000356382, 27.901198999855655 ], [ -96.730685000138834, 28.091268000234557 ], [ -96.375251999879438, 28.290759999831558 ], [ -96.199374999719993, 28.442277999630228 ], [ -95.329846999634583, 28.828699000379117 ], [ -95.106528000213672, 29.014934999773239 ], [ -95.08639799976153, 29.068240000244163 ], [ -94.713311000314803, 29.282520999956418 ], [ -94.650359999999736, 29.291889999951351 ], [ -94.623897999688666, 29.343142999819502 ], [ -94.650310999595945, 29.382820000160731 ], [ -94.033565000213869, 29.62500200015451 ], [ -93.80661499963476, 29.596859000031959 ], [ -93.770359999982503, 29.623924000342821 ], [ -93.770147000445476, 29.670825000254982 ], [ -93.722672999600334, 29.687866999739789 ], [ -93.487754000118358, 29.717810999626302 ], [ -93.339294000146822, 29.695084999968323 ], [ -93.240814999552427, 29.727298000085455 ], [ -92.624973999818522, 29.528328000118343 ], [ -92.293669999618842, 29.481496000149253 ], [ -92.078049999662383, 29.531489000002448 ], [ -91.91320699984955, 29.420206999849615 ], [ -91.876912000014315, 29.362689000011834 ], [ -91.777490000136936, 29.396083999624199 ], [ -91.712193000050036, 29.360625999776712 ], [ -91.644043999853054, 29.37555500010993 ], [ -91.421127999939941, 29.302828000066061 ], [ -91.292681000244698, 29.196176999761242 ], [ -90.974925000392972, 29.121509000373976 ], [ -91.017446999606847, 29.082584000128215 ], [ -91.017446999606847, 29.038653000302247 ], [ -90.907079999969611, 28.991131999700585 ], [ -90.746857999555303, 28.988594999660936 ], [ -90.552547000233801, 29.036806000335474 ], [ -90.344318999595117, 29.003177999786672 ], [ -90.162661999945769, 29.051248999889623 ], [ -90.032324999689948, 29.135044000357929 ], [ -89.59915900012976, 29.197876999651772 ], [ -89.51032200016212, 29.165313000007131 ], [ -89.468672999911036, 29.107461000071176 ], [ -89.492079999722392, 28.901487000167332 ], [ -89.425697000237406, 28.855127000300833 ], [ -89.279603999954105, 28.977782999815965 ], [ -89.234902999576349, 28.987151999865223 ], [ -89.185332000278052, 28.930478000260347 ], [ -89.114849999829715, 28.9263679996638 ], [ -89.012687999995208, 29.027679999813124 ], [ -88.99690199983047, 29.085304000098894 ], [ -88.917309999931263, 29.133556000124635 ], [ -88.918310000013975, 29.236275999906869 ], [ -89.069426000277019, 29.29429700033835 ], [ -89.142072999848892, 29.429464999714664 ], [ -88.912656999847357, 29.611780000165318 ], [ -88.789745000317922, 29.777414000063761 ], [ -88.767276999591587, 29.982073000173337 ], [ -88.900330000413376, 30.169979999721782 ], [ -88.821387000069265, 30.217370000283918 ], [ -88.450028999727976, 30.146095999844881 ], [ -88.347718999755486, 30.190088000031409 ], [ -88.162021999592326, 30.200092999876471 ], [ -88.057092000211611, 30.144441000361574 ], [ -87.987409000004519, 30.1778900002694 ], [ -87.807153000295884, 30.177377999933608 ], [ -87.518346000094041, 30.22950599976317 ], [ -87.518370000383484, 30.125529999843941 ], [ -86.713479999885806, 30.243630000294306 ], [ -86.344659999835287, 30.218410000031831 ], [ -86.021379999688406, 30.113170000151356 ], [ -85.709790000014266, 29.935839999693314 ], [ -85.589620000091784, 29.83755999976237 ], [ -85.542740000346797, 29.649340000322457 ], [ -85.448220000075324, 29.534430000026532 ], [ -85.354509999915763, 29.505370000030187 ], [ -85.259669999977163, 29.524809999807545 ], [ -85.060319999884086, 29.436219999969659 ], [ -84.710549999837042, 29.55206000024771 ], [ -84.419950000057341, 29.746959999981868 ], [ -84.259229999700679, 29.768150000250163 ], [ -84.189980000036954, 29.830379999938987 ], [ -84.160797000035345, 29.921265999927549 ], [ -84.064920000204097, 29.94007999984613 ], [ -83.780899999980477, 29.790040000296525 ], [ -83.705780000415174, 29.644050000276145 ], [ -83.582069999571075, 29.5633200001093 ], [ -83.538759999986624, 29.414490000003635 ], [ -83.357229999660547, 29.291700000094412 ], [ -83.198270000168094, 28.995049999842177 ], [ -83.093899999755706, 28.947440000229022 ], [ -82.945570000378837, 28.963749999806378 ], [ -82.923500000035759, 28.767130000269372 ], [ -82.839140000424905, 28.574579999720974 ], [ -82.897359999939951, 28.357009999842294 ], [ -82.974180000095018, 28.315740000042219 ], [ -83.016980000041542, 28.246449999731986 ], [ -82.997459999684779, 28.012750000251845 ], [ -83.020540000156302, 27.878309999911522 ], [ -82.993890000422567, 27.777669999612481 ], [ -82.915219999889928, 27.68412999978197 ], [ -82.934925000194625, 27.583698999823476 ], [ -82.90264999988338, 27.481039999774712 ], [ -82.445049999766624, 26.764629999742581 ], [ -82.425779999655106, 26.638089999602407 ], [ -82.312929999978692, 26.386299999790758 ], [ -82.157600000022882, 26.284559999743923 ], [ -82.005460000285979, 26.28443000009575 ], [ -81.961749999770106, 26.045210000212677 ], [ -81.81092999978307, 25.740760000345553 ], [ -81.721029999983529, 25.67973999979284 ], [ -81.576229999685893, 25.686040000281832 ], [ -81.519020000299278, 25.656939999902718 ], [ -81.32520000034917, 25.390620000305326 ], [ -81.328540000355915, 25.176409999955421 ], [ -81.278060000313189, 25.068699999850747 ], [ -81.170349999894057, 24.962140000328755 ], [ -81.254860000191044, 24.986590000279978 ], [ -81.488489999885331, 24.966350000245139 ], [ -81.894290000209523, 24.763649999978721 ], [ -82.026949999772611, 24.725720000005229 ], [ -82.200729999682295, 24.738169999825367 ], [ -82.282429999701961, 24.676239999870077 ], [ -82.326500000067938, 24.583729999990293 ], [ -82.21544999964209, 24.583760000156261 ], [ -82.214170000075214, 24.527420000308172 ], [ -82.169489999613845, 24.497700000378618 ], [ -82.067171000318822, 24.523715000168629 ], [ -81.974409000363437, 24.471209000341236 ], [ -81.97446799991468, 24.420821999663474 ], [ -81.934811000331379, 24.39691899971973 ], [ -81.813521999602187, 24.417638999837955 ], [ -81.792361999828429, 24.495612999814444 ], [ -81.730112999670226, 24.430698000254335 ], [ -81.610259000115249, 24.454308000146575 ], [ -81.525671000000443, 24.500425999859313 ], [ -81.51461499991251, 24.564757000145381 ], [ -81.374800999784696, 24.57148800027618 ], [ -81.147686000247447, 24.649063999855048 ], [ -81.059736000384603, 24.635863999786014 ], [ -80.771092000389388, 24.765950999897363 ], [ -80.462886000204634, 24.955937000089197 ], [ -80.333321000425883, 25.099202000388985 ], [ -80.095519999798256, 25.471030000231398 ], [ -80.103729999623866, 25.648850000376019 ], [ -79.982475999953067, 26.569246999770108 ], [ -79.974306000310435, 26.792414999790587 ], [ -80.039102000081883, 27.029853000026744 ], [ -80.332526000382586, 27.761156999825374 ], [ -80.499772999693562, 28.077233000099547 ], [ -80.543998999695148, 28.271092000249674 ], [ -80.474847999765629, 28.484449000132852 ], [ -80.52684599992493, 28.61452400019979 ], [ -80.906835999866203, 29.144705999849982 ], [ -81.045705999987817, 29.432461999886101 ], [ -81.192768000391695, 29.778326000352955 ], [ -81.330626999661632, 30.29948099994936 ], [ -81.316896999738816, 30.40772099986868 ], [ -81.353574000063773, 30.44666000006421 ], [ -81.382014999725541, 30.583578999846988 ], [ -81.346795000316092, 30.711084999640548 ], [ -81.400482000296151, 30.766426000303078 ], [ -81.304832000245653, 30.970773999860324 ], [ -81.353415999880028, 31.037121000053641 ], [ -81.290199000324506, 31.093493999787995 ], [ -81.296417000380615, 31.151879999776952 ], [ -81.234337000276838, 31.170258000257341 ], [ -81.187675000091744, 31.246257999621694 ], [ -81.190758000180537, 31.399875999689616 ], [ -81.087067000358815, 31.529158000381898 ], [ -81.056623000158581, 31.714875000240525 ], [ -80.79627199968715, 31.953458999753824 ], [ -80.748201999888664, 32.084490000265838 ], [ -80.566448999979841, 32.172369000150823 ], [ -80.496811999803512, 32.250199000337638 ], [ -80.399005999951967, 32.274935000090139 ], [ -80.374825000013715, 32.34245299971645 ], [ -80.243074000296701, 32.472449000098536 ], [ -80.121459000052582, 32.499191999664397 ], [ -80.088876999594689, 32.549029000274992 ], [ -79.96792300039786, 32.563708999817912 ], [ -79.798255000073695, 32.675632000287621 ], [ -79.760073999875871, 32.738256999924616 ], [ -79.534689000167305, 32.8700119999055 ], [ -79.495944999729772, 32.931572000090142 ], [ -79.313383000432268, 32.963283999928237 ], [ -79.273372999773244, 33.04655900002318 ], [ -79.082229000206141, 33.171325000024787 ], [ -79.120217000060123, 33.246931999775718 ], [ -79.034495999793236, 33.45683399987243 ], [ -78.760977999638669, 33.715385999761118 ], [ -78.610549000362198, 33.784899000201492 ], [ -78.270760999802235, 33.862778000021784 ], [ -78.066581000073256, 33.847984999940373 ], [ -77.999709999793311, 33.767130000334816 ], [ -77.929284000319797, 33.757984000191406 ], [ -77.785555000249957, 34.125171000094767 ], [ -77.691092999704821, 34.245743999642578 ], [ -77.516162000099698, 34.382442999744256 ], [ -77.160575999679438, 34.569026000308341 ], [ -76.904627999944935, 34.632339000052248 ], [ -76.692799999906825, 34.642950000095183 ], [ -76.614721999926203, 34.618278000218773 ], [ -76.572065999919715, 34.542544000294782 ], [ -76.514867000403783, 34.535141999959286 ], [ -76.315730999672638, 34.776030000323708 ], [ -76.024429999560979, 35.005363999759155 ], [ -75.749846999924713, 35.136211999708287 ], [ -75.484571000281136, 35.187577000030991 ], [ -75.402421999824568, 35.544210000361545 ], [ -75.417819999651783, 35.686081999764831 ], [ -75.71131900029556, 36.250162999915247 ], [ -75.928306999682448, 36.938179000246784 ], [ -75.889676000121142, 37.054514999808475 ], [ -75.766049000016054, 37.154932000190847 ], [ -75.715515000444952, 37.275686999752942 ], [ -75.64438600009133, 37.342270000335425 ], [ -75.529901000122507, 37.556717000241363 ], [ -75.541779000017911, 37.606145000334649 ], [ -75.460932999592757, 37.771355999721862 ], [ -75.417073000187372, 37.821049999697294 ], [ -75.303132000191667, 37.838168999922772 ], [ -75.135200000442254, 38.074469000135615 ], [ -74.99962500012154, 38.371668000213127 ], [ -74.985171000300525, 38.528171000299743 ], [ -75.015123000406177, 38.788657000335171 ], [ -75.168462000417406, 39.05617899999779 ], [ -75.321020999555657, 39.2513790001993 ], [ -75.560537999768243, 39.45564499965932 ], [ -75.51195999998167, 39.567290000039442 ], [ -75.558772999779478, 39.629986999852122 ], [ -75.405413999676767, 39.796396000271208 ], [ -75.454035999844308, 39.820666000074993 ], [ -75.647448000263736, 39.826703000147262 ], [ -75.773786000013644, 39.72220000018924 ], [ -80.519341999555806, 39.721402999981329 ], [ -80.518990999926544, 40.638801000148021 ], [ -80.667813000296306, 40.583535999685459 ], [ -80.595405000200742, 40.475315999917136 ], [ -80.632731999905729, 40.390504999761994 ], [ -80.599895000078021, 40.317665999674212 ], [ -80.738181000043525, 40.078606999794282 ], [ -80.75611299996352, 39.91340200029893 ], [ -80.806776000304353, 39.916308000000228 ], [ -80.790760999810757, 39.867280000331021 ], [ -80.869092000409694, 39.766363999891787 ], [ -80.829763999816052, 39.711838999779758 ], [ -80.880360000209734, 39.620706000313156 ], [ -80.973482999840158, 39.588446000020205 ], [ -81.217315000027853, 39.387590000115885 ], [ -81.375960999700965, 39.341696999694371 ], [ -81.456142999604069, 39.40927400000249 ], [ -81.557547000103511, 39.338773999765003 ], [ -81.5702469998064, 39.267674999659043 ], [ -81.683612999866853, 39.270947000344059 ], [ -81.691914999753976, 39.227034999821136 ], [ -81.75617999997111, 39.180459999654943 ], [ -81.746053999645653, 39.096977999927468 ], [ -81.813853999863198, 39.079677999701119 ], [ -81.764253000427672, 39.015279000020492 ], [ -81.76265800031824, 38.924123000299069 ], [ -81.827353999632251, 38.945898000006402 ], [ -81.902970000388422, 38.876089999838115 ], [ -81.933186000084717, 38.987660000208621 ], [ -82.037748999942607, 39.023864999998537 ], [ -82.143167000118282, 38.898079000316997 ], [ -82.145466999859337, 38.839680000217527 ], [ -82.22156599959095, 38.787187000088423 ], [ -82.177266999794426, 38.603783999671478 ], [ -82.291271000437661, 38.578982999947847 ], [ -82.330334999644009, 38.444499999789343 ], [ -82.541006000138907, 38.40379999976939 ], [ -82.593479999600916, 38.421820999963835 ] ] ], [ [ [ -83.108737999716254, 24.629489000151949 ], [ -83.082559999985634, 24.536872999915232 ], [ -82.999875999776776, 24.476980999609417 ], [ -82.999741999882488, 24.583916999954585 ], [ -82.872065000116166, 24.562215999656242 ], [ -82.656681999986148, 24.583709000278269 ], [ -82.639914000180383, 24.654913999943318 ], [ -82.709778999962339, 24.773121999857054 ], [ -82.868885999767897, 24.79808900005974 ], [ -83.041106999553122, 24.740910000392986 ], [ -83.108737999716254, 24.629489000151949 ] ] ] ] } },
{ "type": "Feature", "properties": { "OBJECTID": 2, "AREALAND": "4538882140672", "AREAWATER": "313801035650", "FUNCSTAT": "S", "GEOID": "4", "LSADC": "68", "MTFCC": "G1100", "BASENAME": "West", "NAME": "West Region", "OID": "2729020719823", "REGION": "4", "CENTLON": "-124.1894076", "CENTLAT": "+49.9401545", "INTPTLON": "-155.4950421", "INTPTLAT": "+19.8281671" }, "geometry": { "type": "MultiPolygon", "coordinates": [ [ [ [ -136.455142000324827, 57.831114999989758 ], [ -135.859899999774797, 56.9924000000305 ], [ -134.494172999798394, 55.999638000210247 ], [ -134.512504999751485, 55.955937000237597 ], [ -134.631995999981626, 55.898754999951549 ], [ -134.618945999576084, 55.834733999821253 ], [ -134.192027000384314, 55.693053000138789 ], [ -134.02697799980885, 55.891999999942691 ], [ -133.995884000228585, 55.795201000038809 ], [ -133.837978000347164, 55.793297000116148 ], [ -133.831783999682187, 55.741509999796612 ], [ -133.887680999889966, 55.683638999874759 ], [ -133.798246000420818, 55.633231000044205 ], [ -133.907152999667858, 55.434003000127177 ], [ -133.873916999631945, 55.398840000194525 ], [ -133.771598000336951, 55.394322999963684 ], [ -133.775622999883808, 55.28224499979796 ], [ -133.691221000440152, 55.198473000142172 ], [ -133.611481000402932, 55.176458999815992 ], [ -133.790527999791493, 55.000580999892726 ], [ -133.64890299964415, 54.632044999977069 ], [ -131.20307400007016, 54.691317000155983 ], [ -130.647909999951167, 54.648905999966338 ], [ -130.625720999782402, 54.738073000046228 ], [ -130.659038000009161, 54.763057999761138 ], [ -130.344536999775357, 54.918813000082345 ], [ -130.1875620003797, 55.062841000201693 ], [ -130.102842000020445, 55.19260199991237 ], [ -129.974166999821222, 55.281918999996002 ], [ -130.127904000215722, 55.581034999768129 ], [ -130.111656999918523, 55.682900999758182 ], [ -130.152405999646021, 55.766286999922094 ], [ -130.003786999665863, 55.907441999914369 ], [ -130.003483999717133, 56.00807500021962 ], [ -130.103799000445434, 56.12279800012243 ], [ -130.246218999737749, 56.096411000131042 ], [ -130.42600599981634, 56.141561000211837 ], [ -130.467870000152601, 56.2430539999174 ], [ -130.623309999713229, 56.26687800007236 ], [ -130.781981000399043, 56.366844000115798 ], [ -131.087348999819085, 56.406004999956544 ], [ -131.581068999868904, 56.612231000080001 ], [ -131.835326999957687, 56.599203000211027 ], [ -131.901071999758216, 56.753674999921223 ], [ -131.872877999968637, 56.805994000218327 ], [ -132.12356800044509, 56.873648000041499 ], [ -132.04518999999047, 57.045058999867678 ], [ -132.368982000323456, 57.091512999768824 ], [ -132.247921000098188, 57.211253000199122 ], [ -132.869367000318135, 57.839712999820364 ], [ -133.07009800026043, 58.000339999816177 ], [ -133.17231100014854, 58.153675999825602 ], [ -133.46150400013974, 58.387722999964375 ], [ -133.377305000187363, 58.430549000204941 ], [ -133.707118000034654, 58.612273999986364 ], [ -133.840504000044035, 58.729444000177274 ], [ -134.258071999760489, 58.861037000012082 ], [ -134.336466000108629, 58.923412999919272 ], [ -134.313490000292489, 58.962182000136941 ], [ -134.407146999850255, 58.979209999804866 ], [ -134.381878999790644, 59.038762999830013 ], [ -134.483392999894988, 59.13160200011901 ], [ -134.565568000290796, 59.131123000156684 ], [ -134.679116999751045, 59.192273999799021 ], [ -134.700717999565768, 59.249009999851936 ], [ -134.959904000098049, 59.28092700019949 ], [ -135.030524999565245, 59.346347999823081 ], [ -134.989745999700517, 59.387129000115472 ], [ -135.101020000432385, 59.427531000086447 ], [ -135.027560000375559, 59.474737999835476 ], [ -135.028900000216879, 59.563660000128039 ], [ -135.219843999767448, 59.662775999849892 ], [ -135.233668000299929, 59.696143999783949 ], [ -135.479161999645896, 59.798041000106878 ], [ -135.952645000011756, 59.662166000111057 ], [ -136.353936000192107, 59.599826999936681 ], [ -136.239830000339964, 59.559412000195515 ], [ -136.238506000392135, 59.524326000044191 ], [ -136.368242999700016, 59.448959999943028 ], [ -136.47715599969311, 59.465824 ], [ -136.469247999991296, 59.284079000099126 ], [ -136.584441999789732, 59.16585399986797 ], [ -136.828726999713979, 59.159959000020891 ], [ -137.282847000081887, 58.999998000191916 ], [ -137.451726000210556, 58.908349000064661 ], [ -137.526115000204982, 58.906371000122334 ], [ -137.500000000223537, 58.985395000069964 ], [ -137.607354000092187, 59.243802999787164 ], [ -138.626199000116685, 59.768580000048885 ], [ -138.70737600007962, 59.906326000108841 ], [ -139.053673000050566, 59.994835999794937 ], [ -139.198847000441987, 60.088295999828716 ], [ -139.074820000303845, 60.352504000220385 ], [ -139.692981999695206, 60.335225000001358 ], [ -139.981092999587929, 60.181965000101286 ], [ -140.458208999863501, 60.308085999954137 ], [ -140.520427000059556, 60.219818999959379 ], [ -141.001833000195859, 60.305893999974145 ], [ -141.002782000224954, 69.703648000104494 ], [ -141.377895999601236, 69.744147000031944 ], [ -143.226433000027725, 70.201998000072351 ], [ -143.940585000126561, 70.169685000089402 ], [ -144.529104000107111, 70.07906099996859 ], [ -144.681468000149977, 70.015772999955004 ], [ -144.926553000140387, 70.040021000037811 ], [ -145.064983000045913, 70.087610999878905 ], [ -145.335507999625065, 70.098707999849822 ], [ -145.981780999863673, 70.242307000081638 ], [ -146.708963000276555, 70.282429999869564 ], [ -146.926522000299087, 70.350782999944926 ], [ -147.171907999690035, 70.350163999877196 ], [ -147.372518000156816, 70.430538999877442 ], [ -147.779435999666191, 70.471869000121941 ], [ -147.818530999732985, 70.520023000107301 ], [ -147.899625999680183, 70.542099000108394 ], [ -148.051964999608686, 70.538833000124143 ], [ -148.126929000436689, 70.501345000048417 ], [ -148.421305000241205, 70.532863999920508 ], [ -148.5149390002328, 70.489715999937502 ], [ -148.487009000033879, 70.453315999901875 ], [ -148.787259999762853, 70.525376999980736 ], [ -149.719130999717748, 70.621936000092091 ], [ -150.033533000217318, 70.587697999986602 ], [ -150.242711999636612, 70.604336999869943 ], [ -150.345240000067349, 70.553231999984419 ], [ -150.795151999691967, 70.548358999928766 ], [ -151.314976999677469, 70.463426000148516 ], [ -151.548890999952221, 70.491084999923771 ], [ -151.503329000307275, 70.536022999956813 ], [ -151.516778000022697, 70.571355000107559 ], [ -151.612740000242752, 70.593604000071522 ], [ -152.15185100023325, 70.875130999884604 ], [ -153.000113000239708, 70.969876999890801 ], [ -153.899174999956017, 70.936217999958316 ], [ -154.437675000026275, 71.023551999898729 ], [ -155.00332199994773, 71.200077999919998 ], [ -155.756215000111013, 71.283380999985638 ], [ -155.926428000233244, 71.357684999919186 ], [ -156.400626000276446, 71.435407000089569 ], [ -156.582251999963688, 71.427670999888591 ], [ -156.940830000236133, 71.311204000105533 ], [ -157.532422000259743, 71.007554000053574 ], [ -157.931468999877211, 70.902154000073978 ], [ -158.333535999834254, 70.872034000035029 ], [ -158.733997999636159, 70.963119000054093 ], [ -159.238439999863061, 70.920280999961264 ], [ -159.755467000165112, 70.83052600013265 ], [ -160.414216999625495, 70.561298000140596 ], [ -160.907861000405632, 70.415741999854191 ], [ -161.315133999742244, 70.347256000117028 ], [ -161.948657000049252, 70.374742000015132 ], [ -162.465220999670692, 70.217243000081567 ], [ -163.133560999879336, 69.838701999851153 ], [ -163.287771999926747, 69.632384000051488 ], [ -163.289588999794063, 69.430356999943555 ], [ -163.380589000133739, 69.320219000119792 ], [ -163.650798000243668, 69.168691999936257 ], [ -164.020364999758613, 69.033149999858807 ], [ -164.279378999863496, 68.979616999907932 ], [ -165.357047999650575, 68.908939000046502 ], [ -166.200151000133161, 68.933823000036952 ], [ -166.347427999723863, 68.900385999858358 ], [ -166.366118999702167, 68.868875000109128 ], [ -166.327312000413741, 68.781755999853743 ], [ -166.333296999943059, 68.696133000053024 ], [ -166.37123600029156, 68.651302000088478 ], [ -166.367663999582931, 68.574994000018606 ], [ -166.43491499980442, 68.530641999986884 ], [ -166.443924999696208, 68.478486000048008 ], [ -166.91291399998687, 68.385325999871114 ], [ -166.971567000045269, 68.35606000013054 ], [ -166.972106999820454, 68.322447999895516 ], [ -166.860590000312641, 68.287477999963059 ], [ -166.364776000386115, 68.244265000088859 ], [ -165.966041999864757, 68.07249200000777 ], [ -165.499452999772615, 68.018781999997842 ], [ -164.655222000059155, 67.692447999987976 ], [ -164.175428999575672, 67.547598999982597 ], [ -164.004509999996912, 67.397807999924993 ], [ -163.882534000077754, 67.214975999864066 ], [ -164.002718000243959, 67.172553999986306 ], [ -163.911384999818381, 67.104695000035179 ], [ -163.049470999706898, 66.986610999989864 ], [ -162.832032000233312, 66.926813000022676 ], [ -163.626214999724198, 66.624174000103551 ], [ -164.463535000343825, 66.626300999967484 ], [ -165.777738999638785, 66.397361999975672 ], [ -166.719473999978334, 66.148046000144035 ], [ -167.520822999729489, 65.87815200015271 ], [ -168.077125999848334, 65.756089000129975 ], [ -168.200141000208248, 65.699371999850968 ], [ -168.229243000019039, 65.650266000037391 ], [ -168.218653000086391, 65.596123000121509 ], [ -168.152966999837105, 65.538889000009888 ], [ -167.938028999946027, 65.499895999879897 ], [ -167.606390000010578, 65.385625999834943 ], [ -166.948930000162818, 65.307908999968575 ], [ -167.072439000267167, 65.199781999996958 ], [ -167.072980999692163, 65.138385000031576 ], [ -166.76190099965595, 64.963493000101522 ], [ -166.522688000115267, 64.871102999945677 ], [ -166.582187000270579, 64.822089000131058 ], [ -166.590162999744507, 64.738948000159212 ], [ -166.491259999725855, 64.618958000191697 ], [ -166.281388000370555, 64.544955999856626 ], [ -166.353875000108872, 64.506444000020409 ], [ -166.351131999778715, 64.477882999909326 ], [ -166.271959000179095, 64.437780000193726 ], [ -166.133535000121356, 64.438211999863555 ], [ -166.070873000409591, 64.490159000005903 ], [ -166.077790000249507, 64.520459000151561 ], [ -165.032205000079614, 64.387986999980114 ], [ -164.754801000295402, 64.407824000156253 ], [ -164.355354999571404, 64.508447000160444 ], [ -163.814064000388726, 64.531185999833298 ], [ -163.53617199980954, 64.503580999998022 ], [ -163.363754000380823, 64.445641999844483 ], [ -163.241932000447434, 64.360743000101451 ], [ -162.795801999797106, 64.275674000112346 ], [ -162.557920999701821, 64.355793999986176 ], [ -162.471982999699947, 64.48684300014699 ], [ -162.313491000012647, 64.542788999844063 ], [ -161.590840000383167, 64.335540999813176 ], [ -161.413898999668618, 64.358586999936549 ], [ -161.075402000342791, 64.206652000180782 ], [ -161.045660000299449, 64.022466999916048 ], [ -160.944644000137515, 63.92153199999693 ], [ -160.876980000362408, 63.796878000035157 ], [ -161.008489000230071, 63.677677000073174 ], [ -161.098069000362472, 63.656136000053429 ], [ -161.285188000382703, 63.523369999899195 ], [ -161.840405000205124, 63.49328800011078 ], [ -161.956959999761267, 63.557208999984489 ], [ -162.222744000291243, 63.596913999804663 ], [ -162.304354999724183, 63.672024999805579 ], [ -162.584319000438796, 63.691392000008726 ], [ -162.730633999581642, 63.651204999894752 ], [ -162.826440999990979, 63.576359999909478 ], [ -162.67983100039703, 63.491626000033683 ], [ -162.437773000418929, 63.491993999929811 ], [ -162.700287000364114, 63.291174999942555 ], [ -162.870861000161341, 63.253558999896264 ], [ -163.118702000002372, 63.101558000014094 ], [ -163.252478999824064, 63.092453999952689 ], [ -163.658100999873028, 63.249716999927962 ], [ -164.051255999847598, 63.317355000179106 ], [ -164.495673000387711, 63.251158999865815 ], [ -164.743802000108815, 63.093230999811887 ], [ -164.880215999955453, 63.065445000134446 ], [ -164.906735999992861, 63.044895000079478 ], [ -164.915883999976899, 62.902606999798564 ], [ -165.033766999678818, 62.836606000151747 ], [ -164.986702999810802, 62.760740000183802 ], [ -165.247323999720663, 62.709894000132167 ], [ -165.248095000372842, 62.648033000005448 ], [ -165.213090999975151, 62.61443100009128 ], [ -165.338687000283528, 62.576037999937157 ], [ -165.448869999797751, 62.391021999867057 ], [ -165.901810000157894, 62.119275999938964 ], [ -166.005766000293534, 62.123443999915899 ], [ -166.096215999913966, 62.073453000146863 ], [ -166.129817999647742, 62.025297000188147 ], [ -166.07594599971975, 61.983050000142143 ], [ -166.112514000264753, 61.873143999913431 ], [ -166.229729999969891, 61.798331000015715 ], [ -166.280753999985734, 61.562881999985557 ], [ -166.194489999570635, 61.459866999996592 ], [ -166.031299999593585, 61.395298999791173 ], [ -165.990386999834556, 61.316434999874254 ], [ -165.786880999775036, 61.198114999797426 ], [ -165.663650000403379, 61.057808999791334 ], [ -165.416669999829537, 61.012480000049187 ], [ -165.236558000060967, 61.050089999935238 ], [ -165.302149999700617, 60.966439999946225 ], [ -165.170522999832201, 60.87692799991202 ], [ -165.176175000173885, 60.796326000219111 ], [ -165.123368999552497, 60.736627000068964 ], [ -165.464115000362369, 60.613736999828902 ], [ -165.518262999576592, 60.566015999976713 ], [ -165.501448999740063, 60.526180000205471 ], [ -165.387518999614997, 60.459507000115217 ], [ -165.23955599976091, 60.443226000220442 ], [ -165.141446999960692, 60.357979000192188 ], [ -164.971915999903871, 60.277019000023344 ], [ -164.748810000019972, 60.240313000156291 ], [ -164.597385999785331, 60.158237999863694 ], [ -164.488225999920019, 60.054961999963098 ], [ -164.34283200031885, 60.002931000067818 ], [ -164.449658000107917, 59.953338000027379 ], [ -164.415695999625711, 59.884866999818044 ], [ -164.013299999780656, 59.637759000008508 ], [ -163.811948999697279, 59.620834000126607 ], [ -163.739949000030691, 59.668648999952779 ], [ -163.787797000071322, 59.709192000061996 ], [ -163.89689199963928, 59.714641999780433 ], [ -163.993705999804064, 59.763760000183701 ], [ -163.707703000031785, 59.74112599994627 ], [ -163.145863000097279, 59.795641999799486 ], [ -162.947224000381908, 59.768287999965239 ], [ -162.826090000361717, 59.800659999935455 ], [ -162.818047999867304, 59.840275999936146 ], [ -162.698375000062242, 59.891815999902335 ], [ -162.449847999957854, 59.884616000106128 ], [ -162.441660999698456, 59.844078000129954 ], [ -162.364340999951224, 59.810868999810431 ], [ -162.178329000143805, 59.814841999816153 ], [ -161.871266000156879, 59.524790999876672 ], [ -161.914449000418074, 59.469288999888235 ], [ -162.053612000442627, 59.408990000158894 ], [ -162.171006000422977, 59.247567999970897 ], [ -162.102197999726826, 59.128751999852895 ], [ -161.902474000438247, 58.977602000100028 ], [ -161.851201000002078, 58.807983000027299 ], [ -161.949165999862288, 58.724329000176233 ], [ -162.168521999660555, 58.710276000042121 ], [ -162.259754999628768, 58.672674999772937 ], [ -162.277650999563747, 58.632883999795851 ], [ -162.230286000295195, 58.598550999818102 ], [ -162.081765000224323, 58.56489900023162 ], [ -161.87071600033596, 58.570412999996094 ], [ -161.817568000306153, 58.505726000130522 ], [ -161.704228000184941, 58.496910999924062 ], [ -161.233977999695696, 58.64345299999929 ], [ -161.17703699992262, 58.607067999846791 ], [ -161.177342000419486, 58.542567000184214 ], [ -161.140957999997482, 58.503340000083739 ], [ -160.933435999713595, 58.496108999999883 ], [ -160.79330299974356, 58.560096999863312 ], [ -160.601627999723803, 58.793323000074693 ], [ -160.608715000341391, 58.843621000114062 ], [ -160.343087000345292, 58.88054199985524 ], [ -160.273449000344044, 58.788731000062008 ], [ -160.172238000188457, 58.769329000218718 ], [ -160.089153000121627, 58.806303000012996 ], [ -159.939081000322147, 58.71790599992827 ], [ -159.811719000200128, 58.735449999982983 ], [ -159.701693999971326, 58.796397000149369 ], [ -159.544685000240435, 58.778418999769258 ], [ -159.151387999975668, 58.415772999876218 ], [ -159.148387999727532, 58.370302000089318 ], [ -159.078850000183735, 58.339256999831633 ], [ -158.772682999624124, 58.35492800016609 ], [ -158.605234999573355, 58.455591999876596 ], [ -158.213032000000936, 58.542604000147414 ], [ -158.147874999656125, 58.543780000130461 ], [ -158.069821999789838, 58.490317000052144 ], [ -158.893481999908545, 56.999841000234085 ], [ -158.893584999840698, 56.945059000180052 ], [ -159.173914000428312, 56.814450000148106 ], [ -159.870166000394192, 56.590855999957334 ], [ -160.069137000370574, 56.480278999757168 ], [ -160.225416000355494, 56.433600000072957 ], [ -160.439432999806598, 56.298813999943427 ], [ -160.545655000246342, 56.11527900021747 ], [ -160.616034999689134, 56.067421000203005 ], [ -161.211108000184765, 56.067409999786648 ], [ -161.825749999644358, 55.942654999901961 ], [ -162.289791000298322, 55.724866000225838 ], [ -162.570878000220972, 55.515818999928946 ], [ -162.93516099964026, 55.382051000231854 ], [ -163.141331000387197, 55.231961000240808 ], [ -163.567946999630237, 55.100158000015149 ], [ -163.912702000093475, 55.090584000185451 ], [ -164.047447000210781, 55.020656999908979 ], [ -164.157870999749463, 55.015654000140529 ], [ -164.297882000419065, 54.952639999818516 ], [ -164.521181999573429, 54.969124000171249 ], [ -164.627743999771837, 54.911533000032755 ], [ -164.782779999999775, 54.691701999915018 ], [ -164.999482000054741, 54.626248999997884 ], [ -165.036162999679334, 54.576598000056386 ], [ -164.995629999861904, 54.457308999931065 ], [ -164.901297000086487, 54.374651000120593 ], [ -164.805378000422479, 54.345536999998089 ], [ -164.414986999796128, 54.368822999942402 ], [ -164.276684000112198, 54.437206999786 ], [ -164.22786000027827, 54.523663999869825 ], [ -164.122671000431495, 54.556118999851982 ], [ -163.757871999729872, 54.572029000127941 ], [ -163.564052999604627, 54.539591999860562 ], [ -163.435882000093926, 54.602812999910633 ], [ -163.025632999900324, 54.611155000079393 ], [ -162.954776000431593, 54.6598150000979 ], [ -162.968605999913507, 54.708701999769623 ], [ -163.137298000444417, 54.829814999806871 ], [ -163.063199999804823, 54.879518000182628 ], [ -162.846813000292457, 54.848427000198392 ], [ -162.642996999713233, 54.933321999878558 ], [ -162.578893999877835, 54.908522999899979 ], [ -162.614602000082243, 54.877898000067333 ], [ -162.599980000031735, 54.826812000051142 ], [ -162.48308499981863, 54.792723999862545 ], [ -162.554931000397801, 54.749343999794938 ], [ -162.526239999592434, 54.694686999863379 ], [ -162.459877000198929, 54.666524000045875 ], [ -162.490348000163323, 54.622376999833833 ], [ -162.464172999907419, 54.587524000145152 ], [ -162.479815000132106, 54.540932000100156 ], [ -162.365034999712179, 54.50769300001695 ], [ -162.240472999821691, 54.640528000225146 ], [ -162.048021000200293, 54.631914000190704 ], [ -162.028520000110092, 54.659120000084442 ], [ -162.056571999609474, 54.704532000074444 ], [ -161.964669999994669, 54.716934999811855 ], [ -161.841016000125421, 54.684516000113092 ], [ -161.698366999605895, 54.747441999797253 ], [ -161.590313999953423, 54.749847000144783 ], [ -161.576738000016377, 54.814210000222943 ], [ -161.717276999867323, 54.895743999888026 ], [ -161.666681000371938, 54.928115999778619 ], [ -161.67228099993676, 54.959245999883791 ], [ -161.384881000421757, 54.973964000015201 ], [ -161.353146999710589, 55.01959600008184 ], [ -161.417725999747063, 55.066821000213729 ], [ -161.272255000152995, 55.100089000107218 ], [ -161.248507999684676, 55.193258000079112 ], [ -161.058630000339065, 55.220124999784517 ], [ -161.012924999680649, 55.26299500024372 ], [ -161.089989000233203, 55.316647999959173 ], [ -161.185609999971405, 55.285761000084911 ], [ -161.239516000234573, 55.298458000031516 ], [ -160.907904999888245, 55.420374000068364 ], [ -160.859005999711314, 55.419874000125226 ], [ -160.953423999875525, 55.325367000188251 ], [ -160.899675999796074, 55.095349999819732 ], [ -160.836774999709746, 55.068151000224653 ], [ -160.709692000145253, 55.112055000252838 ], [ -160.607675999900607, 55.098361000038643 ], [ -160.573259999856958, 55.036981999877455 ], [ -160.519469000119813, 55.02512299979854 ], [ -160.430925999880031, 55.064862000233916 ], [ -160.446922999931985, 55.108173999865983 ], [ -160.366832000265475, 55.196475000223018 ], [ -160.278369000391621, 55.205074000002433 ], [ -160.215793999820193, 55.308280000053692 ], [ -160.238966000353258, 55.340274999801409 ], [ -160.203576999991071, 55.335774999949116 ], [ -160.130091999819882, 55.238674999982891 ], [ -160.149679000123797, 55.196375999867811 ], [ -160.285318000018606, 55.124555999761306 ], [ -160.244364000251693, 55.022574999958209 ], [ -160.343392999768724, 54.930881000020065 ], [ -160.315780999587133, 54.843287999759887 ], [ -160.258105999870139, 54.806889000054646 ], [ -160.155421999803764, 54.829019000119203 ], [ -160.093976000084808, 54.890379000069814 ], [ -159.986818999859622, 54.891218000234055 ], [ -159.952976000101444, 54.929384000006223 ], [ -159.816041999672819, 54.9095319997624 ], [ -159.724503000281203, 55.017793000019601 ], [ -159.676555999608041, 54.987238999816284 ], [ -159.56482099964208, 54.991395000091778 ], [ -159.541443000143005, 54.923954999854637 ], [ -159.431782999787202, 54.894196999853413 ], [ -159.362297000121913, 54.828314999749452 ], [ -159.226601000325672, 54.820679000107894 ], [ -159.113256000181622, 54.930329999968272 ], [ -159.250140000381549, 54.998099999872984 ], [ -159.203203999661753, 55.043343999815157 ], [ -159.23342299973109, 55.098642000138973 ], [ -159.410885999779168, 55.123495999920877 ], [ -159.415307000059471, 55.315380999776551 ], [ -159.544335000436092, 55.328406999960343 ], [ -159.609058000412631, 55.267789999998691 ], [ -159.737891999722166, 55.222286999929885 ], [ -159.804214000006112, 55.323975000025776 ], [ -159.932582999883579, 55.336981000081032 ], [ -160.050544000301585, 55.395776999760116 ], [ -160.041161999965823, 55.448879000100128 ], [ -159.951138000317741, 55.507583000190955 ], [ -159.538153000364986, 55.532006000156123 ], [ -159.505046000200508, 55.558107999852012 ], [ -159.521516999905401, 55.600893999753261 ], [ -159.446867999619968, 55.638530999954945 ], [ -157.99999999966559, 55.639443999858763 ], [ -157.098709000353352, 56.23830799997895 ], [ -157.129765000298789, 56.26869499982017 ], [ -156.330712999915647, 56.749278000036831 ], [ -156.316483000400609, 57.105502000072669 ], [ -156.227811000289392, 57.162454999948217 ], [ -156.21450599961571, 57.195179999857224 ], [ -156.247041000217962, 57.24377600014563 ], [ -156.167195999700425, 57.345852000062699 ], [ -155.939758000122964, 57.412870000004212 ], [ -155.844484999641026, 57.497512999966894 ], [ -155.667959999751332, 57.508351999797824 ], [ -155.639485999579307, 57.602266999766471 ], [ -155.300396999701491, 57.642894000082066 ], [ -155.150059999588194, 57.750021999882058 ], [ -155.160861000306312, 57.790588000013592 ], [ -155.043525000052284, 57.812390000032799 ], [ -154.940742000251731, 57.975071000061035 ], [ -154.800928999948837, 57.959147999908602 ], [ -154.390744000227642, 57.999301000116908 ], [ -154.133654000120259, 58.100140999941196 ], [ -153.970038000170831, 58.312724000055056 ], [ -153.858556999749766, 58.374273999920881 ], [ -153.881793999681804, 58.456499000194228 ], [ -153.810656000005679, 58.515385999874681 ], [ -153.628002999573255, 58.50829700000871 ], [ -153.461481999810303, 58.572607999784694 ], [ -153.44701999959338, 58.598409000087607 ], [ -153.478776000045826, 58.641694000168798 ], [ -153.318021000427365, 58.712962000170165 ], [ -153.186963999573038, 58.729344999959608 ], [ -153.165925000173104, 58.76498400009406 ], [ -153.202500000390813, 58.80133300014171 ], [ -153.151647000079208, 58.857561000033243 ], [ -153.184086000421985, 58.905729000007433 ], [ -153.021180000127032, 59.0024520000159 ], [ -151.44417300028357, 59.099687000163073 ], [ -150.992193999648038, 59.18083700020906 ], [ -149.621299999751841, 59.527516000136472 ], [ -149.467503999806127, 59.733766999874618 ], [ -149.269624999973956, 59.845420000130659 ], [ -148.980201999828978, 59.893720999959804 ], [ -148.218506000361458, 59.875640000194601 ], [ -147.956439000305011, 59.744130999904527 ], [ -147.687240000323555, 59.741679999931684 ], [ -147.334827000403749, 59.833873999927782 ], [ -147.280963999798303, 59.878726000188557 ], [ -147.241739999860044, 59.998316999803116 ], [ -147.101939999975912, 60.081336999913255 ], [ -145.976567999913101, 60.314652000210437 ], [ -145.824322999695909, 60.315116999961695 ], [ -145.317687000033146, 60.17969099987733 ], [ -144.776015000185623, 60.129591999911668 ], [ -144.607276999623963, 60.078346999992782 ], [ -144.539683999993969, 60.010148999789486 ], [ -144.777797999717734, 59.829935000164809 ], [ -144.778103000214571, 59.778563000128266 ], [ -144.676769999860227, 59.727394999989571 ], [ -144.410509000202552, 59.746273999936946 ], [ -144.144077999767262, 59.919451999864847 ], [ -143.539451000305036, 59.999939000211079 ], [ -142.757379000338091, 60.05222800012745 ], [ -142.00183999992899, 59.974603999788123 ], [ -140.91287300020457, 59.698454999876596 ], [ -140.425096999676185, 59.657029999920326 ], [ -139.390268000018551, 59.317383000144936 ], [ -138.967006000127611, 59.211546999990929 ], [ -138.637702000093384, 59.079644999944591 ], [ -138.252505999874245, 58.989440000000428 ], [ -138.021467000174169, 58.861449000023462 ], [ -138.029291000210407, 58.805501000160554 ], [ -137.996040000105893, 58.749505000189721 ], [ -137.775937999769781, 58.640754000173878 ], [ -137.720609999649469, 58.570857000207141 ], [ -137.120297000337416, 58.329662999856509 ], [ -137.014500000045103, 58.344310999949535 ], [ -136.814411999810147, 58.188790000152622 ], [ -136.658393999941126, 58.145646000032698 ], [ -136.515428000127542, 58.180582999796556 ], [ -136.510267999880455, 58.153463999778751 ], [ -136.650241000016933, 58.102629000040444 ], [ -136.679147999834044, 58.014265999900182 ], [ -136.651129999771541, 57.993776999891473 ], [ -136.644621000360615, 57.883768000128747 ], [ -136.455142000324827, 57.831114999989758 ] ] ], [ [ [ -123.173825000361219, 37.775727000337284 ], [ -123.040696000269747, 37.650328000140405 ], [ -122.986747000348856, 37.641783000199133 ], [ -122.941363999905732, 37.676580000202499 ], [ -122.949984999635078, 37.732186999978623 ], [ -123.070494000389601, 37.813830000245048 ], [ -123.132272000369582, 37.819676000234537 ], [ -123.173825000361219, 37.775727000337284 ] ] ], [ [ [ -119.117173999876329, 33.505600000170574 ], [ -119.071893000438791, 33.413799000146255 ], [ -118.988726000356166, 33.423440999876178 ], [ -118.963751000199508, 33.466830000282627 ], [ -119.000932000314648, 33.535895000216399 ], [ -119.117173999876329, 33.505600000170574 ] ] ], [ [ [ -118.668202999884826, 33.485937000337422 ], [ -118.486687999627406, 33.276905000243268 ], [ -118.327993000448814, 33.248083000352807 ], [ -118.249075000219051, 33.284141999788041 ], [ -118.257714000390081, 33.364130999689507 ], [ -118.359393000350806, 33.464921999652496 ], [ -118.529382000167047, 33.531181999851654 ], [ -118.625915999949299, 33.528978000137514 ], [ -118.668202999884826, 33.485937000337422 ] ] ], [ [ [ -118.678203999638498, 33.039726000310957 ], [ -118.553185999638444, 32.828797000219765 ], [ -118.464711999893964, 32.76017600014616 ], [ -118.408321999766699, 32.751914000083431 ], [ -118.295841000161204, 32.798256000080649 ], [ -118.297249999599515, 32.845093999822844 ], [ -118.542102999786323, 33.073787999692456 ], [ -118.632641999993552, 33.084538999985043 ], [ -118.678203999638498, 33.039726000310957 ] ] ], [ [ [ -119.492289999800789, 33.983214999674786 ], [ -119.380456000100608, 33.953611000345049 ], [ -119.311614999792482, 33.980022999741557 ], [ -119.294398000448126, 34.027503000025817 ], [ -119.342462000398839, 34.068963999963223 ], [ -119.467841999898852, 34.062931000294121 ], [ -119.557426000229199, 34.108603000286209 ], [ -119.654930999781826, 34.071217999984988 ], [ -119.750980999865433, 34.112582000347565 ], [ -119.928795000441141, 34.129902000051288 ], [ -119.99164299992573, 34.064868000009888 ], [ -120.045154000178712, 34.090605999642861 ], [ -120.252846000341847, 34.058030999908127 ], [ -120.355161000337233, 34.145020999785665 ], [ -120.418787000146693, 34.160569000075832 ], [ -120.471653999969121, 34.134101999843743 ], [ -120.538117999644939, 34.15034400023896 ], [ -120.582264000178924, 34.107517000050038 ], [ -120.488150999613225, 33.984282999809416 ], [ -120.298972999876341, 33.968457000148462 ], [ -120.221128000422539, 33.884187000057743 ], [ -120.125963999720526, 33.842347999741882 ], [ -119.93919000038008, 33.898643000344933 ], [ -119.904761999742547, 33.939673999862926 ], [ -119.834419999934624, 33.900788000346218 ], [ -119.70749100035593, 33.91038799978773 ], [ -119.492289999800789, 33.983214999674786 ] ] ], [ [ [ -119.636068000274435, 33.28071299979878 ], [ -119.605281999767428, 33.206919000058001 ], [ -119.512000999953244, 33.1677550000108 ], [ -119.394535999827809, 33.1808360001504 ], [ -119.360702000290431, 33.22145200026322 ], [ -119.379729999654288, 33.267632000319978 ], [ -119.519137999901247, 33.333700000347562 ], [ -119.599221999895065, 33.323275999811571 ], [ -119.636068000274435, 33.28071299979878 ] ] ], [ [ [ -167.558228000150592, 60.224356999813821 ], [ -167.436449999699846, 60.108760999951819 ], [ -167.440768999872944, 60.056461999857646 ], [ -167.400816000013634, 60.026122000126222 ], [ -166.940622000427908, 59.91190799996842 ], [ -166.654342999572805, 59.802391999969608 ], [ -166.321854000240847, 59.773141000214089 ], [ -166.176949000361219, 59.699818999887441 ], [ -166.012453999804592, 59.705383999848749 ], [ -165.739021999863752, 59.841350999940985 ], [ -165.49547000005856, 59.870183999870235 ], [ -165.402539000048762, 59.967859000125777 ], [ -165.566621999978366, 60.058730999820384 ], [ -165.588300999610908, 60.241413999999196 ], [ -165.561518999632682, 60.301725999801377 ], [ -165.586194000213709, 60.329775999832108 ], [ -165.738465000370184, 60.40560899989579 ], [ -165.981366000072114, 60.374086999965307 ], [ -166.054191999744148, 60.469490999996054 ], [ -166.152431999963937, 60.510746999890493 ], [ -166.249327000319539, 60.491127000118873 ], [ -166.349822999899516, 60.417744999964192 ], [ -166.505784999691997, 60.447639000092956 ], [ -166.763295999748863, 60.381275999820403 ], [ -166.943778000311653, 60.278103000148796 ], [ -167.309829999917639, 60.290718000117735 ], [ -167.508073999622837, 60.263109000176911 ], [ -167.558228000150592, 60.224356999813821 ] ] ], [ [ [ -172.885692999980023, 60.208802999995996 ], [ -172.881018000154853, 60.168785000012498 ], [ -172.799540999717948, 60.138804000032877 ], [ -172.69419299986248, 60.15461000002896 ], [ -172.634323999811272, 60.200742999803374 ], [ -172.64921899967328, 60.236894999908152 ], [ -172.731544999681802, 60.262160999852945 ], [ -172.885692999980023, 60.208802999995996 ] ] ], [ [ [ -173.2322309999754, 60.654339999842016 ], [ -173.140223000055386, 60.575532999781501 ], [ -173.15827100032638, 60.467492000013088 ], [ -172.931452000166843, 60.389683999859969 ], [ -172.877770000209608, 60.326308999806187 ], [ -172.596125000070145, 60.258621999950932 ], [ -172.407525999568122, 60.278764000004443 ], [ -172.295508999569819, 60.238830000036025 ], [ -172.18948799986984, 60.250815999908831 ], [ -172.108767000016485, 60.303427999990973 ], [ -172.347542999714165, 60.427746999907562 ], [ -172.530021000244375, 60.435740999826962 ], [ -172.760254999855391, 60.514181000119784 ], [ -172.815326999882643, 60.557852000172339 ], [ -172.828841999720339, 60.622245999810602 ], [ -172.943848999920988, 60.650699999869289 ], [ -172.962252999844111, 60.70980500009555 ], [ -173.012472999595815, 60.740371999974407 ], [ -173.158632000001376, 60.728770000111965 ], [ -173.2322309999754, 60.654339999842016 ] ] ], [ [ [ -160.097589999727916, 58.599913999874481 ], [ -160.008535000200368, 58.534683999992893 ], [ -159.921320999931311, 58.543963999807765 ], [ -159.862579000184411, 58.585675999985376 ], [ -159.905282000046583, 58.646705999958961 ], [ -160.004645000372733, 58.665601999769514 ], [ -160.097589999727916, 58.599913999874481 ] ] ], [ [ [ -160.544057999588802, 58.687838000224254 ], [ -160.475339000377687, 58.627192000171412 ], [ -160.387627000166219, 58.627645999895293 ], [ -160.414290000318744, 58.586934000170864 ], [ -160.396861000363998, 58.5539189998658 ], [ -160.30102899984027, 58.53575799991016 ], [ -160.225597000105438, 58.565538999887373 ], [ -160.096264999955224, 58.705339000006113 ], [ -160.137617999930285, 58.748898000120072 ], [ -160.416039000413974, 58.798444999919802 ], [ -160.490372000331917, 58.773631000080314 ], [ -160.544057999588802, 58.687838000224254 ] ] ], [ [ [ -161.436921000413832, 64.133552999978122 ], [ -161.414440999991911, 64.086769999911596 ], [ -161.306031999788956, 64.061968999824344 ], [ -161.209918000131267, 64.082045999962688 ], [ -161.176662000003887, 64.146855999812374 ], [ -161.310362999657599, 64.189367999889399 ], [ -161.436921000413832, 64.133552999978122 ] ] ], [ [ [ -161.859288999628944, 63.610910999887075 ], [ -161.839220000174492, 63.570355000118859 ], [ -161.751964999897524, 63.552062999988863 ], [ -161.633969000217718, 63.604324000032314 ], [ -161.758495000123162, 63.654517000165626 ], [ -161.859288999628944, 63.610910999887075 ] ] ], [ [ [ -168.213963000192564, 64.984318000072079 ], [ -168.187034999726194, 64.934901999991766 ], [ -168.090879000235702, 64.911112999989271 ], [ -167.976149000044472, 64.922871999999558 ], [ -167.913828999741156, 64.969943000008683 ], [ -167.953076000143938, 65.023479000073806 ], [ -168.07610800022232, 65.043288999938397 ], [ -168.213963000192564, 64.984318000072079 ] ] ], [ [ [ -168.869228999706166, 65.620852999944745 ], [ -168.766100000299247, 65.571484000171466 ], [ -168.626815000075965, 65.612372999987784 ], [ -168.666028999968432, 65.659831000053458 ], [ -168.734928999827815, 65.674298999849938 ], [ -168.820066999763498, 65.665190000002781 ], [ -168.869228999706166, 65.620852999944745 ] ] ], [ [ [ -168.950782000311079, 65.818829000115997 ], [ -168.97190299972678, 65.688764999915236 ], [ -168.880929000224711, 65.685785999933373 ], [ -168.762465999666318, 65.75116599993207 ], [ -168.835714000011052, 65.810676000168527 ], [ -168.950782000311079, 65.818829000115997 ] ] ], [ [ [ -171.924838000215146, 63.610849999850856 ], [ -171.965319000154039, 63.47287399988425 ], [ -171.839244000169884, 63.342682000092857 ], [ -171.594550999816619, 63.269551000135685 ], [ -171.398887000234993, 63.257641999830192 ], [ -171.048383000244087, 63.373690999901548 ], [ -170.596894999878174, 63.311615999947392 ], [ -170.439075000210551, 63.251595999839317 ], [ -170.359422000211936, 63.147737000149306 ], [ -170.115415999946975, 63.127246999919002 ], [ -169.901407999818389, 63.037364999981065 ], [ -169.838951999970931, 62.925888999828231 ], [ -169.638795999963946, 62.884907999970849 ], [ -169.436324000322344, 62.947438000102437 ], [ -169.419861000115105, 62.97385599991329 ], [ -169.451082999741828, 63.038550999831955 ], [ -169.263784999621464, 63.118471000165336 ], [ -169.027785999690849, 63.124527000199599 ], [ -168.922780000142126, 63.099567000109012 ], [ -168.948697999581782, 63.062467999915938 ], [ -168.917486000000736, 63.031115999955631 ], [ -168.764085999890142, 63.027616999909512 ], [ -168.700727000044395, 63.056925000159154 ], [ -168.682789000276614, 63.084668000151424 ], [ -168.733460000115031, 63.13155299987578 ], [ -168.609261000447702, 63.229362000177325 ], [ -168.578617000230963, 63.308674000146993 ], [ -168.704698999887796, 63.354706000041446 ], [ -169.455539000182256, 63.415020000166685 ], [ -169.602285000218643, 63.480634999934928 ], [ -169.792992999767677, 63.490739999915604 ], [ -169.926598999885101, 63.526738999970256 ], [ -169.985627999687154, 63.622959000111862 ], [ -170.296845999815588, 63.755572000093125 ], [ -170.656696999982245, 63.723546999887112 ], [ -170.959154999565868, 63.625888000170896 ], [ -171.535603000205441, 63.721874999961621 ], [ -171.548830000163008, 63.800460999943326 ], [ -171.674734000442982, 63.843680000122099 ], [ -171.845981999909668, 63.799867000008085 ], [ -171.860196000429482, 63.674736000171016 ], [ -171.924838000215146, 63.610849999850856 ] ] ], [ [ [ -146.508280000014878, 59.390727000138362 ], [ -146.469291000253236, 59.350049000196279 ], [ -146.361912000270252, 59.335484999875696 ], [ -146.253535999679258, 59.357673000197458 ], [ -146.14544600021685, 59.435233000136229 ], [ -146.18547799971887, 59.496990999984213 ], [ -146.242924000005303, 59.519954000005121 ], [ -146.255184000390472, 59.566957000216725 ], [ -146.358491999897552, 59.586055999897773 ], [ -146.426430000207347, 59.555506999903656 ], [ -146.427833999622806, 59.466668999792908 ], [ -146.508280000014878, 59.390727000138362 ] ] ], [ [ [ 179.388742000126456, 51.941917000024503 ], [ 179.456802999561575, 51.859888999860509 ], [ 179.623212000069799, 51.818987999750142 ], [ 179.785069999703182, 51.862638999723778 ], [ 179.85968100035376, 51.960365999760242 ], [ 179.771020000113197, 52.040830000038866 ], [ 179.658381000323942, 52.078270000073779 ], [ 179.429602000182001, 52.023583000044034 ], [ 179.388742000126456, 51.941917000024503 ] ] ], [ [ [ 178.531813000359875, 51.64969200020419 ], [ 178.551773000034359, 51.599855000021741 ], [ 178.790240999760528, 51.492457999934864 ], [ 178.896012000113558, 51.492535000216868 ], [ 179.181053000336306, 51.305449999933586 ], [ 179.510870000381516, 51.30826499999629 ], [ 179.578406000110107, 51.354344000010428 ], [ 179.553193000302116, 51.400007999938012 ], [ 179.425221000084633, 51.462817000060667 ], [ 179.287067000363606, 51.46982300004305 ], [ 179.170325000311436, 51.523027999768559 ], [ 179.040168999805559, 51.640035000233034 ], [ 178.607285000277699, 51.716523000012657 ], [ 178.559491999590307, 51.701651999962358 ], [ 178.531813000359875, 51.64969200020419 ] ] ], [ [ [ 178.123832000120302, 51.843983999802973 ], [ 178.14052899978094, 51.796533999927121 ], [ 178.249881000165232, 51.724474000021956 ], [ 178.400459000302931, 51.703608999982443 ], [ 178.496347000004818, 51.744521999777639 ], [ 178.43115299985007, 51.826968000128197 ], [ 178.33217600021166, 51.870854000000307 ], [ 178.197953000326152, 51.888858000196024 ], [ 178.123832000120302, 51.843983999802973 ] ] ], [ [ [ 178.003452999960444, 52.049587999878177 ], [ 178.016306999649146, 51.978699999921915 ], [ 178.059674999858231, 51.948114000207283 ], [ 178.19587000032007, 51.948842999832166 ], [ 178.502096000430868, 51.846941000247426 ], [ 178.580728000430383, 51.859552000136802 ], [ 178.670207000280442, 51.944094000141348 ], [ 178.643315999624008, 51.997603000230377 ], [ 178.512411999828799, 52.043436000213958 ], [ 178.267158999608938, 52.0374509997988 ], [ 178.162716000299923, 52.106650000044702 ], [ 178.07690299997148, 52.100000999745603 ], [ 178.003452999960444, 52.049587999878177 ] ] ], [ [ [ 177.933897999799854, 51.872279000068978 ], [ 177.997183999850677, 51.822029000034249 ], [ 178.066398000427739, 51.827204 ], [ 178.101277000253646, 51.862965000050309 ], [ 178.034347000422486, 51.922605999859215 ], [ 177.933897999799854, 51.872279000068978 ] ] ], [ [ [ 177.280160000448546, 52.127579000076906 ], [ 177.345112999680538, 52.072089999814359 ], [ 177.446563000210773, 52.114453000021818 ], [ 177.380480000301418, 52.174527999773595 ], [ 177.280160000448546, 52.127579000076906 ] ] ], [ [ [ 177.111975999905809, 51.890541999977216 ], [ 177.142470000334725, 51.842191999730503 ], [ 177.345315000245279, 51.757737999942144 ], [ 177.415205000141583, 51.791043999784854 ], [ 177.416240000384363, 51.871217000155184 ], [ 177.819191000073204, 51.895355999759651 ], [ 177.874000000334718, 51.956098000100873 ], [ 177.703157000025641, 52.007035000055879 ], [ 177.760431999709567, 52.061168000009062 ], [ 177.764608999592383, 52.120970999798601 ], [ 177.586706000226542, 52.189506000017921 ], [ 177.498080999970995, 52.15162799995403 ], [ 177.41643100018004, 52.038128000164136 ], [ 177.165961999636579, 51.94903199983073 ], [ 177.111975999905809, 51.890541999977216 ] ] ], [ [ [ 175.76528300003929, 52.387320000233601 ], [ 175.831391999887927, 52.305577000151096 ], [ 175.896611999981957, 52.281263000187749 ], [ 176.009925000338882, 52.299553000147576 ], [ 176.064517999792088, 52.363376000005623 ], [ 176.004910999681698, 52.409504000128969 ], [ 175.874776999815481, 52.43970900010634 ], [ 175.794790999730907, 52.424789999899374 ], [ 175.76528300003929, 52.387320000233601 ] ] ], [ [ [ 173.773783000172273, 52.781587999789735 ], [ 173.837962000175736, 52.716022999781011 ], [ 174.017984000430943, 52.671838000003078 ], [ 174.162514000391866, 52.656735000195063 ], [ 174.237827000300996, 52.703262000105603 ], [ 174.221435000238841, 52.767690999953103 ], [ 174.128628999902531, 52.801212000226322 ], [ 174.050148000414111, 52.789084000018633 ], [ 173.87063800034494, 52.834789999809445 ], [ 173.773783000172273, 52.781587999789735 ] ] ], [ [ [ 173.273404000025437, 52.410461000021684 ], [ 173.321532000448542, 52.349977000161957 ], [ 173.747703000350981, 52.299967999987672 ], [ 173.814071999592272, 52.353347000003104 ], [ 173.780586000209439, 52.450783999986754 ], [ 173.855586999949026, 52.528330000236423 ], [ 173.77813300030752, 52.56610199995017 ], [ 173.608254000096139, 52.55987300023795 ], [ 173.33669000007626, 52.476151999924689 ], [ 173.273404000025437, 52.410461000021684 ] ] ], [ [ [ 172.349340000388253, 52.922193999917333 ], [ 172.419376999699381, 52.859746000041234 ], [ 172.90146800027415, 52.681602999930107 ], [ 173.045780999601732, 52.748849999730062 ], [ 173.361973000204472, 52.695756000270407 ], [ 173.414337999886556, 52.728151999882783 ], [ 173.403376000408258, 52.777562000149139 ], [ 173.526056999958996, 52.774481999780456 ], [ 173.580646999937414, 52.815484999918546 ], [ 173.489548999688424, 52.900114999832681 ], [ 173.39259300013174, 52.907449999831556 ], [ 173.321938000329368, 52.992121000010627 ], [ 173.132208000223443, 53.043958000239321 ], [ 172.623153999920504, 53.053151999871687 ], [ 172.376405000223713, 52.959616999971352 ], [ 172.349340000388253, 52.922193999917333 ] ] ], [ [ [ -168.135022000396617, 53.951463999873184 ], [ -168.11636999987806, 53.905512000237081 ], [ -168.055326999666903, 53.876338000139327 ], [ -167.953452999712511, 53.921158000056643 ], [ -167.993589999694791, 53.990419000201953 ], [ -168.082955999566963, 53.992436999859301 ], [ -168.135022000396617, 53.951463999873184 ] ] ], [ [ [ -169.879632000101481, 56.614798999760595 ], [ -169.80477699995177, 56.547368999867281 ], [ -169.581262999638824, 56.483227999896755 ], [ -169.37754499986724, 56.587729000093063 ], [ -169.40164100031501, 56.636552999843879 ], [ -169.509264999622076, 56.667471000010352 ], [ -169.802528000264317, 56.673968999996283 ], [ -169.879632000101481, 56.614798999760595 ] ] ], [ [ [ -170.050499999626595, 57.186875999805153 ], [ -169.968982000080132, 57.127983999992708 ], [ -169.847694000074114, 57.184897000192862 ], [ -169.939992000422336, 57.238940000183348 ], [ -170.050499999626595, 57.186875999805153 ] ] ], [ [ [ -170.272992000115465, 52.74851499982239 ], [ -170.250063000155023, 52.681088999811564 ], [ -170.1737540003611, 52.662887999955146 ], [ -170.048398000252234, 52.670623999871651 ], [ -169.97554699956757, 52.738118000071339 ], [ -169.848754000431313, 52.763109999895015 ], [ -169.738038999741178, 52.720986999892467 ], [ -169.659719999736154, 52.726226000050815 ], [ -169.588613000022121, 52.800563000073744 ], [ -169.59338900012969, 52.889520000263452 ], [ -169.633614999800443, 52.929059999985647 ], [ -169.580366000386647, 52.982390000126514 ], [ -169.580644000220957, 53.032164999810554 ], [ -169.700635000043292, 53.116451999867024 ], [ -169.8140870003175, 53.126640999815166 ], [ -169.883429000042696, 53.051451999903115 ], [ -169.8329549998478, 53.009964999800722 ], [ -169.817745000341517, 52.937355000197059 ], [ -169.908158000152071, 52.922548999923698 ], [ -169.963420999975, 52.96322400006364 ], [ -170.116518999961812, 52.963131000213473 ], [ -170.198591000425466, 52.916432999878616 ], [ -170.152788999682684, 52.835823999798976 ], [ -170.206764000441183, 52.822762999891886 ], [ -170.272992000115465, 52.74851499982239 ] ] ], [ [ [ -170.522709000273352, 57.193374000020739 ], [ -170.495258999575128, 57.128307999922235 ], [ -170.414797000187889, 57.104734000176769 ], [ -170.492044999965088, 57.080176999757086 ], [ -170.501984999619395, 57.033181000160255 ], [ -170.39946200010985, 56.995772000006404 ], [ -170.111782000212344, 57.136709000092615 ], [ -170.012356999961924, 57.254091999855206 ], [ -170.065378999595055, 57.297926000064628 ], [ -170.158889999562945, 57.304372000229996 ], [ -170.261696999652941, 57.264133999904566 ], [ -170.438184999732698, 57.254879000241083 ], [ -170.522709000273352, 57.193374000020739 ] ] ], [ [ [ -170.926037000429062, 52.558644000041049 ], [ -170.887588000442634, 52.513828999942433 ], [ -170.763829999917959, 52.489807999885471 ], [ -170.53613299987444, 52.57384699990196 ], [ -170.47470600042206, 52.673800000206128 ], [ -170.526322999916516, 52.729204999891138 ], [ -170.680451999948133, 52.749585999856762 ], [ -170.865446000129509, 52.669056000137566 ], [ -170.926037000429062, 52.558644000041049 ] ] ], [ [ [ -171.393295999992688, 52.48085399994654 ], [ -171.358352999694375, 52.41254499973325 ], [ -171.20625899998825, 52.398891000095574 ], [ -171.136496000313514, 52.445670999941072 ], [ -171.111845000021987, 52.507559000208623 ], [ -171.049523000068831, 52.531034999900086 ], [ -171.020108000263633, 52.596781999822255 ], [ -171.179158000167803, 52.638661 ], [ -171.374432999586986, 52.537118000073775 ], [ -171.393295999992688, 52.48085399994654 ] ] ], [ [ [ -172.720688999610417, 52.264363999893042 ], [ -172.676008000222481, 52.210576000178996 ], [ -172.510602999994859, 52.199945999792682 ], [ -172.287706000348351, 52.265651000128493 ], [ -172.21052999964283, 52.327124000098017 ], [ -172.274533999744051, 52.405759000021888 ], [ -172.448306999981014, 52.443099000222126 ], [ -172.633239000238092, 52.387862999849929 ], [ -172.720688999610417, 52.264363999893042 ] ] ], [ [ [ -175.224817000138813, 52.232964999798291 ], [ -175.152541000287698, 52.162978999767461 ], [ -175.036327000315111, 52.217628000038651 ], [ -175.119803000194224, 52.280540000031479 ], [ -175.224817000138813, 52.232964999798291 ] ] ], [ [ [ -175.579299999645883, 52.22023800026431 ], [ -175.598651999773153, 52.146684000171632 ], [ -175.512360999593881, 52.107373999992113 ], [ -175.437010999874815, 52.132807000020527 ], [ -175.40374200022697, 52.181993999755171 ], [ -175.492046999917051, 52.237577000188843 ], [ -175.579299999645883, 52.22023800026431 ] ] ], [ [ [ -177.551738999638758, 51.915524999909763 ], [ -177.468963000266712, 51.839857000183009 ], [ -177.380856000045043, 51.85573799973357 ], [ -177.332580000382251, 51.90077099992417 ], [ -177.364690999763667, 51.956824999907191 ], [ -177.459545999770853, 51.982883999772199 ], [ -177.551738999638758, 51.915524999909763 ] ] ], [ [ [ -178.307786999860895, 51.881607999806739 ], [ -178.272467999818929, 51.823117999815807 ], [ -178.132046999968765, 51.757855000267888 ], [ -178.192338999619238, 51.720846999765435 ], [ -178.189367999683441, 51.633672999977463 ], [ -177.899353999709689, 51.540218000235988 ], [ -177.830531999668125, 51.570046000162776 ], [ -177.824903999615884, 51.63105500015476 ], [ -177.78340199967792, 51.647859000073694 ], [ -177.65768599971895, 51.598664000170793 ], [ -177.402979999916511, 51.670380999859489 ], [ -177.2810969998838, 51.627612000035562 ], [ -177.126859000072159, 51.65336999982231 ], [ -177.034090000444081, 51.732737000066031 ], [ -177.040281999662625, 51.807702000237825 ], [ -176.983683000196294, 51.833805999933752 ], [ -177.004156999706709, 51.787779999935168 ], [ -176.970216000039215, 51.743689000146141 ], [ -177.045439000434982, 51.690705000167043 ], [ -177.074332999833302, 51.620906999809996 ], [ -177.042558000012548, 51.56608900008942 ], [ -176.942788999805515, 51.537070999929398 ], [ -176.698730999662018, 51.578428000239285 ], [ -176.456543999812482, 51.676425999782047 ], [ -176.255186000056398, 51.695375999726309 ], [ -176.211340999821317, 51.733140000026879 ], [ -175.96471299960001, 51.755425000048362 ], [ -175.913035000006175, 51.800353999884024 ], [ -175.82711000042309, 51.805442999859167 ], [ -175.805938000055477, 51.866460000205869 ], [ -175.348718999705227, 51.96258500002962 ], [ -175.056359999784576, 51.948158999850577 ], [ -174.869302999688557, 51.989101999792041 ], [ -174.745064999663185, 51.955645999741165 ], [ -174.594282000384368, 51.978412000273941 ], [ -174.480891000209567, 51.952497000194469 ], [ -174.35039400012019, 51.980335999839667 ], [ -174.277153000346487, 52.04539700007475 ], [ -174.049864999658581, 52.055238000201996 ], [ -173.853954000204766, 51.991263000092218 ], [ -173.637863999894989, 52.003656999939579 ], [ -173.518597999795759, 51.971647999933936 ], [ -173.243180999758124, 52.009403000039931 ], [ -173.151260999701691, 51.947140999990914 ], [ -173.085162999723707, 51.974931000041138 ], [ -173.069999000248259, 52.025987000180905 ], [ -172.923058000218191, 52.024160000185013 ], [ -172.819916000392425, 52.10497400020494 ], [ -172.89487000027637, 52.155502000176725 ], [ -173.309768000355945, 52.154997999915743 ], [ -173.440764000212596, 52.168764000228705 ], [ -173.506303000148819, 52.213137999791336 ], [ -173.990471999808477, 52.183142999872686 ], [ -173.904631999715889, 52.293660999875783 ], [ -173.922920000186338, 52.37806700012257 ], [ -174.157854999561863, 52.473019999813722 ], [ -174.312732999606055, 52.456711999851237 ], [ -174.410698000364562, 52.376437000072762 ], [ -174.49471200036902, 52.366951000239354 ], [ -174.537648999684592, 52.317035999843931 ], [ -174.494395000176581, 52.26532999975268 ], [ -174.668508999997101, 52.22520099978739 ], [ -174.794703999631878, 52.150214999943245 ], [ -174.925233000406649, 52.163910000229599 ], [ -175.549135000003247, 52.009878999782913 ], [ -175.739327999891458, 52.021299999826375 ], [ -175.853662000247539, 52.096526000202005 ], [ -175.927769000209679, 52.09106799977274 ], [ -175.991918000075856, 52.149670999929711 ], [ -176.14837500033596, 52.17146500010633 ], [ -176.22443399988461, 52.153125999851206 ], [ -176.285380999836292, 52.094083000189229 ], [ -176.242863999746987, 51.92674199988933 ], [ -176.269310000164552, 51.918965999895832 ], [ -176.452771000160709, 51.907931000000765 ], [ -176.488479000365118, 52.026042000241311 ], [ -176.60127999963774, 52.056560000014194 ], [ -176.827005999828145, 52.009128999885107 ], [ -176.910198999850053, 51.889632999911875 ], [ -176.970985000143259, 51.861106999936851 ], [ -176.970047999809708, 51.924504999887951 ], [ -177.016895999767655, 51.96503199977677 ], [ -177.206209000122044, 51.993110000038769 ], [ -177.267458000197536, 51.959628000078617 ], [ -177.308894000013311, 51.836793000051266 ], [ -177.542050999879564, 51.788267999970465 ], [ -177.564301999972599, 51.795979999809781 ], [ -177.532261999837999, 51.855099000230481 ], [ -177.567759999980126, 51.897243999874696 ], [ -177.811926000078699, 51.890772000026864 ], [ -177.947002999558691, 51.971312000126645 ], [ -178.228439000359145, 51.956871999790536 ], [ -178.307786999860895, 51.881607999806739 ] ] ], [ [ [ -178.431181000337489, 51.489118999745173 ], [ -178.387408999897332, 51.436810000044566 ], [ -178.304338999899159, 51.421342999860542 ], [ -178.218127000260864, 51.431490000179956 ], [ -178.18782500035087, 51.472631999779523 ], [ -178.278961000234631, 51.541983000194215 ], [ -178.390072999686481, 51.529162999936702 ], [ -178.431181000337489, 51.489118999745173 ] ] ], [ [ [ -178.957281000280517, 51.780799000108679 ], [ -178.796186000005122, 51.693395000269547 ], [ -178.700904000200637, 51.71653899981424 ], [ -178.646648000133069, 51.799394999842036 ], [ -178.719110999581943, 51.865252999847655 ], [ -178.839363000418501, 51.888321000274594 ], [ -178.915324000057893, 51.858082000121648 ], [ -178.957281000280517, 51.780799000108679 ] ] ], [ [ [ -179.149505000296273, 51.57659500008959 ], [ -179.10252900029181, 51.513450999747953 ], [ -179.002361999701577, 51.52163500022202 ], [ -178.950305999815924, 51.564802000055842 ], [ -178.800193000008619, 51.485859000203014 ], [ -178.636421000423638, 51.524794000006622 ], [ -178.550192999993556, 51.508483999812128 ], [ -178.440623999874333, 51.550862999817845 ], [ -178.421675999978078, 51.587283000199449 ], [ -178.470397999704716, 51.628669000194165 ], [ -178.634300999709325, 51.66648400023233 ], [ -178.768295000164301, 51.616612999736986 ], [ -178.89075999980497, 51.628530000173718 ], [ -178.94860799977431, 51.587303999758781 ], [ -179.078278000033379, 51.643636000158125 ], [ -179.149505000296273, 51.57659500008959 ] ] ], [ [ [ -179.230232999822334, 51.28392700002739 ], [ -179.183815000034713, 51.183776000008237 ], [ -179.073599000010205, 51.179040999791006 ], [ -178.842358999570365, 51.315529999751689 ], [ -178.825636999795336, 51.367529000070192 ], [ -178.873162999620689, 51.424791000210547 ], [ -178.990148000245483, 51.456825999775745 ], [ -179.230232999822334, 51.28392700002739 ] ] ], [ [ [ -159.91033500016357, 54.814167999742565 ], [ -159.835075999782788, 54.745459999895211 ], [ -159.688578000341835, 54.765596000187088 ], [ -159.652434999944262, 54.717777999847158 ], [ -159.547872000086329, 54.699295999956909 ], [ -159.469293999615189, 54.720968000099759 ], [ -159.416439000386646, 54.782002999764529 ], [ -159.55611600024713, 54.880261999985343 ], [ -159.729289000434477, 54.894163000156105 ], [ -159.854642000170315, 54.864401999853847 ], [ -159.91033500016357, 54.814167999742565 ] ] ], [ [ [ -161.194533999649451, 55.159004000073061 ], [ -161.095663000316165, 55.103455000066276 ], [ -161.019971000290326, 55.129238999884201 ], [ -161.005418999661742, 55.163465999888231 ], [ -161.10906199980289, 55.208002000158494 ], [ -161.194533999649451, 55.159004000073061 ] ] ], [ [ [ -162.819010000315131, 54.811158000009875 ], [ -162.740178000299125, 54.753102000037266 ], [ -162.637181000238343, 54.804792999855373 ], [ -162.725168999736013, 54.857394000160859 ], [ -162.819010000315131, 54.811158000009875 ] ] ], [ [ [ -163.013693999905541, 54.385086999826903 ], [ -162.983265999598842, 54.337776000041565 ], [ -162.875173999588299, 54.339016000051707 ], [ -162.700083999974538, 54.237969000005975 ], [ -162.546943000330032, 54.248020000134225 ], [ -162.492287000229368, 54.2938280001175 ], [ -162.282203000263621, 54.330964999932249 ], [ -162.238380999594796, 54.369920999803703 ], [ -162.35435199989314, 54.456690999772974 ], [ -162.860626000055959, 54.554310999895534 ], [ -162.938839999580722, 54.521144999939622 ], [ -162.959878000054061, 54.428016999879453 ], [ -163.013693999905541, 54.385086999826903 ] ] ], [ [ [ -163.25999700043684, 55.506227999923965 ], [ -163.247050999788343, 55.374497000164226 ], [ -163.153940999678412, 55.343122999807399 ], [ -163.070963999566601, 55.361327000108041 ], [ -163.02793799966426, 55.420830000142672 ], [ -163.076008000361043, 55.488686999826172 ], [ -163.173877999786697, 55.532122000082275 ], [ -163.25999700043684, 55.506227999923965 ] ] ], [ [ [ -165.961085999832164, 53.916243000065919 ], [ -165.702671999776925, 54.034135999816463 ], [ -165.657172999881197, 54.036336000233966 ], [ -165.563239000313985, 53.96728199995195 ], [ -165.403066000303454, 54.01713499993064 ], [ -165.269631999715131, 53.980730999793387 ], [ -165.184461000167488, 54.017010000024449 ], [ -164.922795999793948, 54.028475000233314 ], [ -164.821940000363924, 54.130808999944122 ], [ -164.692055999844627, 54.182184999767678 ], [ -164.680643000279645, 54.232174000200601 ], [ -164.805369000201665, 54.282392000044013 ], [ -165.066871000368508, 54.180086000246462 ], [ -165.320971000273573, 54.144534000058428 ], [ -165.242817000124973, 54.177873999950869 ], [ -165.232074000031446, 54.216520000080195 ], [ -165.345177000326174, 54.251033000200216 ], [ -165.431333999712848, 54.340687000245474 ], [ -165.655550000182615, 54.347051000110206 ], [ -165.769001999558469, 54.239178999835708 ], [ -165.937220000436469, 54.276985000235797 ], [ -166.137536000277095, 54.214252999760014 ], [ -166.202429999957843, 54.119824000247974 ], [ -166.140832999727763, 54.046932999857567 ], [ -166.24322100041644, 54.030232000145588 ], [ -166.354438000348551, 54.061109999923985 ], [ -166.755804999798585, 54.068823999894953 ], [ -167.053992999612944, 54.008613000103693 ], [ -167.230077000359955, 53.888252000020039 ], [ -167.234070999944663, 53.814243000251167 ], [ -167.1648809996571, 53.773842000258902 ], [ -167.138204999984083, 53.709423000150679 ], [ -167.244377000195158, 53.629418000181374 ], [ -167.230380000308656, 53.566734000041826 ], [ -167.752427000217409, 53.421512000080469 ], [ -167.695985000211635, 53.514609000152966 ], [ -167.762305999772337, 53.56802400004559 ], [ -168.08034200000651, 53.620491000130492 ], [ -168.28401200009759, 53.571136999800004 ], [ -168.47667200013143, 53.450595999899932 ], [ -168.47760199989392, 53.378690999733465 ], [ -168.666870000042508, 53.315223999916299 ], [ -168.819434000101921, 53.221676999744766 ], [ -168.883071999606926, 53.15017199974568 ], [ -168.872782999973197, 53.081723999853885 ], [ -168.965351999584726, 53.050746999865481 ], [ -169.000092000391788, 52.982798999870866 ], [ -169.233880000269806, 52.945895000245507 ], [ -169.255424000183126, 52.884498999744373 ], [ -169.188212000319652, 52.850669999962022 ], [ -169.294273000202651, 52.811625999995528 ], [ -169.326591999996509, 52.753542000119012 ], [ -169.267616999722804, 52.716278999969141 ], [ -169.188836999585334, 52.724699000075589 ], [ -168.827049999725688, 52.85838999997604 ], [ -168.743002000284378, 52.85473099983188 ], [ -168.557114000325527, 52.958220000050993 ], [ -168.476272999923225, 52.91948300026187 ], [ -168.402683999994991, 52.929252999864737 ], [ -168.314843999736979, 52.982145999962356 ], [ -168.333986999626887, 53.083186999918368 ], [ -168.257712999993146, 53.141895000131413 ], [ -168.169901000222552, 53.158594999813474 ], [ -168.132157999692623, 53.219282000122682 ], [ -168.044048999821143, 53.244186999956852 ], [ -167.592511000124858, 53.174045999846868 ], [ -167.106758000226449, 53.366991000267767 ], [ -166.70178999975542, 53.402033000230141 ], [ -166.378655000271834, 53.60214100018473 ], [ -166.174938000325142, 53.659778000158241 ], [ -165.976359999810796, 53.771061000069992 ], [ -165.922670000355993, 53.845956999933193 ], [ -165.961085999832164, 53.916243000065919 ] ] ], [ [ [ -152.46652700036924, 58.914995000193585 ], [ -152.401447999842219, 58.836674000008493 ], [ -152.314621999910685, 58.819996999890279 ], [ -152.134071999575809, 58.858117999774237 ], [ -152.017164999667187, 58.828517999930277 ], [ -151.851640999613892, 58.917347999857917 ], [ -151.937183999605537, 58.988300000069174 ], [ -152.145403000023379, 59.01788699982739 ], [ -152.414022000046742, 58.992239000101286 ], [ -152.46652700036924, 58.914995000193585 ] ] ], [ [ [ -154.933693999992244, 57.29467800004759 ], [ -154.831098999614341, 57.230644000172688 ], [ -154.685766000112579, 57.214221999811897 ], [ -154.61978199993743, 57.16235999984039 ], [ -154.608606000198876, 56.97027500004473 ], [ -154.387718999865172, 56.895618000102651 ], [ -154.385523999706123, 56.830269000202442 ], [ -154.217826000308435, 56.720467000083438 ], [ -154.236672000097428, 56.667572999901928 ], [ -154.352106000095347, 56.632540000122944 ], [ -154.540498000009791, 56.655844000195096 ], [ -154.758106000436072, 56.559815000237641 ], [ -154.893847000438143, 56.444723999801496 ], [ -154.862938999732421, 56.383850999778105 ], [ -154.725732000390622, 56.355218999877479 ], [ -154.498209000424396, 56.455783999961831 ], [ -153.919080000277233, 56.45698699978761 ], [ -153.806604999621243, 56.509360000119088 ], [ -153.764940000374935, 56.588083000128329 ], [ -153.842106000136397, 56.620565000135066 ], [ -153.982120000280759, 56.609011000001296 ], [ -153.999760000122706, 56.634951000234629 ], [ -153.783540000116602, 56.697564000033687 ], [ -153.747553000252964, 56.745044000162444 ], [ -153.76041899963721, 56.776474000055785 ], [ -153.488700999631504, 56.863668000211959 ], [ -153.450947000129275, 56.900340000221256 ], [ -153.476856000246386, 56.941318999880231 ], [ -153.449095000101835, 56.970810000202889 ], [ -153.319999999778105, 56.94093799996034 ], [ -153.20554800031951, 56.953218000176037 ], [ -153.098288999987091, 57.040312999854635 ], [ -152.834162000389114, 57.094424999896319 ], [ -152.774366999957778, 57.160559000076539 ], [ -152.835628999553791, 57.217365000164698 ], [ -152.642719000172974, 57.235371999800414 ], [ -152.415583999645946, 57.384470000149491 ], [ -152.33767600044294, 57.321579999982227 ], [ -152.186344000269827, 57.353180999814739 ], [ -152.156516000012743, 57.405854999819638 ], [ -152.216486000346237, 57.43822900007455 ], [ -152.222437000438674, 57.475298999998863 ], [ -152.063497999964312, 57.571204999828439 ], [ -152.034855999562751, 57.65331899986262 ], [ -152.079789999568987, 57.686297000009773 ], [ -152.137953999905875, 57.82980899991005 ], [ -152.255230999710392, 57.866270000177941 ], [ -152.235584000030315, 57.949935000001204 ], [ -152.474517000086848, 58.045427000148095 ], [ -152.312309999575717, 58.049636000221021 ], [ -152.055267000222301, 58.104533999967238 ], [ -151.966391999721509, 58.153741999966982 ], [ -151.88418100023901, 58.112955999879631 ], [ -151.78217400021515, 58.128760000137746 ], [ -151.706604000388069, 58.187820999848178 ], [ -151.696582999644647, 58.259775000046346 ], [ -151.75518299999959, 58.303396999914845 ], [ -151.704026999739227, 58.357336000029953 ], [ -151.750493000105763, 58.394654999983771 ], [ -151.895216000410556, 58.371705000215904 ], [ -152.18205000021112, 58.451951999869834 ], [ -152.079823999904193, 58.478592000205701 ], [ -152.065493000106841, 58.52676000003482 ], [ -152.182826999812761, 58.573972999928301 ], [ -152.247712000170992, 58.680728000162489 ], [ -152.38479899986217, 58.690424000195776 ], [ -152.434539999938096, 58.750777000070677 ], [ -152.545566999899421, 58.742445999832945 ], [ -152.719078000195566, 58.635379999915848 ], [ -152.77512099999322, 58.549411999861796 ], [ -152.846898000077033, 58.531500999829348 ], [ -153.200034999894996, 58.266252000143609 ], [ -153.470197999974175, 58.108698999766375 ], [ -153.506579000023152, 58.06622600000523 ], [ -153.480193999704966, 58.018843999959557 ], [ -153.786622000380532, 57.917711999916172 ], [ -153.917132999815266, 57.916559000163907 ], [ -154.240064999807601, 57.715467000146823 ], [ -154.407010999718011, 57.690524999782667 ], [ -154.480936999930179, 57.631856000210199 ], [ -154.589023000092936, 57.612884999959519 ], [ -154.722965999595942, 57.527954999829944 ], [ -154.815397000013519, 57.412786999819424 ], [ -154.888627999741544, 57.381917999849691 ], [ -154.933693999992244, 57.29467800004759 ] ] ], [ [ [ -155.836800000420283, 55.800824000101294 ], [ -155.794348999554899, 55.729594000060025 ], [ -155.528092000095171, 55.705848000156543 ], [ -155.474750999721522, 55.741458999783738 ], [ -155.485224000376576, 55.818622999973783 ], [ -155.45311899994465, 55.883916000026723 ], [ -155.474353000236562, 55.913593999940609 ], [ -155.634100000274714, 55.925471000043132 ], [ -155.836800000420283, 55.800824000101294 ] ] ], [ [ [ -156.902033000095173, 56.165445000121316 ], [ -156.883602000407905, 56.122840000185079 ], [ -156.817169999620774, 56.104095999792087 ], [ -156.846528000422893, 56.03022899998215 ], [ -156.793074000071329, 55.955792000135851 ], [ -156.647785000052096, 55.962301999855512 ], [ -156.548041999784374, 56.038616999901414 ], [ -156.556048000293771, 56.09016200010003 ], [ -156.675866999688708, 56.15249899990765 ], [ -156.651111999640051, 56.200959999909664 ], [ -156.707393999812297, 56.267426000242978 ], [ -156.841994000164647, 56.27007999990844 ], [ -156.902033000095173, 56.165445000121316 ] ] ], [ [ [ -178.443593000160291, 28.418985999756671 ], [ -178.375000000447585, 28.335357000307425 ], [ -178.288895000041151, 28.328810000169085 ], [ -178.233017999924868, 28.375000000272703 ], [ -178.238469000425113, 28.456149999845849 ], [ -178.315121000350672, 28.516333999998182 ], [ -178.395769000409103, 28.499999999854442 ], [ -178.443593000160291, 28.418985999756671 ] ] ], [ [ [ -161.987554999574229, 23.06992400018331 ], [ -161.976060999818372, 23.025563999672425 ], [ -161.93189699974107, 23.005312999931501 ], [ -161.875000000348933, 23.01924199991668 ], [ -161.85805900029078, 23.060806000279236 ], [ -161.919439999712438, 23.11398800013971 ], [ -161.987554999574229, 23.06992400018331 ] ] ], [ [ [ -164.764810000444925, 23.581721000093935 ], [ -164.75000000007347, 23.536145999939215 ], [ -164.701300000088139, 23.517001999949585 ], [ -164.640019000225635, 23.576110999661488 ], [ -164.688894000113123, 23.623424999791787 ], [ -164.764810000444925, 23.581721000093935 ] ] ], [ [ [ -166.386532000011499, 23.846362999769742 ], [ -166.313574000095002, 23.803736000183363 ], [ -166.302606999695513, 23.728665999722889 ], [ -166.226781999600291, 23.727443999604066 ], [ -166.211058000258163, 23.599809999814237 ], [ -166.116780999660932, 23.611253999751284 ], [ -166.132954000338287, 23.684703000354542 ], [ -166.106779999907303, 23.742521999713261 ], [ -166.182347000259682, 23.902325000345403 ], [ -166.307072000356754, 23.92488299985407 ], [ -166.380462999918336, 23.883977999591764 ], [ -166.386532000011499, 23.846362999769742 ] ] ], [ [ [ -168.058214999762043, 25.000000000388827 ], [ -168.000000000269836, 24.948107000298712 ], [ -167.944204000344428, 24.989807000076141 ], [ -168.000000000269836, 25.052240000123962 ], [ -168.058214999762043, 25.000000000388827 ] ] ], [ [ [ -170.684631000379113, 25.506313000089975 ], [ -170.629730000056099, 25.455731999919735 ], [ -170.573150999782939, 25.505115999860404 ], [ -170.630828999873017, 25.557130999678261 ], [ -170.684631000379113, 25.506313000089975 ] ] ], [ [ [ -171.80962900034811, 25.781350000316635 ], [ -171.737490999690948, 25.706532999603471 ], [ -171.686860000035466, 25.727878999750072 ], [ -171.667922000185001, 25.781216999724631 ], [ -171.688276000044823, 25.823767999747982 ], [ -171.749999999598117, 25.837944000168044 ], [ -171.80962900034811, 25.781350000316635 ] ] ], [ [ [ -174.05246900007154, 26.112987000064127 ], [ -174.0460929998317, 26.002305999620109 ], [ -173.999999999734086, 25.990212000329528 ], [ -173.903357999996757, 26.060055999839431 ], [ -173.929088000013735, 26.120139000311408 ], [ -174.007114000115848, 26.137053000006212 ], [ -174.05246900007154, 26.112987000064127 ] ] ], [ [ [ -176.04335399982034, 27.795896999977785 ], [ -175.969598000385815, 27.693401999772728 ], [ -175.746115000035019, 27.73271699976479 ], [ -175.66559400019824, 27.874999999931081 ], [ -175.670127999558105, 27.941601000261478 ], [ -175.734928000425867, 28.000000000388869 ], [ -175.810052000189103, 28.005942000293981 ], [ -175.981438999572987, 27.913218000087817 ], [ -175.988874000345106, 27.861904000380516 ], [ -175.924303999631121, 27.813710000180301 ], [ -175.999999999854936, 27.835344000261603 ], [ -176.04335399982034, 27.795896999977785 ] ] ], [ [ [ -158.34464999964851, 21.58317699995056 ], [ -158.134759999851525, 21.242391000008361 ], [ -157.898656000338946, 21.249939000251608 ], [ -157.810228999551782, 21.199237999691249 ], [ -157.675777000235769, 21.213801000399116 ], [ -157.600922000086001, 21.282919000354482 ], [ -157.650549000359121, 21.485089999611095 ], [ -157.761931000147683, 21.526389000123931 ], [ -157.941785000173439, 21.75457900011456 ], [ -158.05014400014764, 21.739881000061381 ], [ -158.148846000324824, 21.641999000103194 ], [ -158.311945000065293, 21.621779999672537 ], [ -158.34464999964851, 21.58317699995056 ] ] ], [ [ [ -156.686506999850025, 21.210513999684146 ], [ -156.971288999606656, 21.274365000070528 ], [ -157.030162999598019, 21.243949999857165 ], [ -157.272186000314321, 21.276564000075787 ], [ -157.366549000226968, 21.10095600003277 ], [ -157.321243999601649, 21.050676000233313 ], [ -157.077556000252287, 21.058358000041725 ], [ -156.877923000302019, 20.993363999701266 ], [ -156.657707999987963, 21.114903000136465 ], [ -156.686506999850025, 21.210513999684146 ] ] ], [ [ [ -157.116186999813607, 20.902813000038091 ], [ -157.04806899957876, 20.820545000173983 ], [ -157.027277999875935, 20.728730999617483 ], [ -156.97380699980593, 20.686783999834716 ], [ -156.816993000068749, 20.719793000389853 ], [ -156.749999999590074, 20.807604999946118 ], [ -156.823329000125653, 20.930807999596357 ], [ -156.905100000290417, 20.975923000052497 ], [ -157.049489999610927, 20.97903500007433 ], [ -157.116186999813607, 20.902813000038091 ] ] ], [ [ [ -156.459574999712572, 20.976234000153237 ], [ -156.490727999742376, 21.035435000222975 ], [ -156.591030999876807, 21.092411000218302 ], [ -156.670423999584386, 21.076693000165314 ], [ -156.732165999579365, 21.010932999725572 ], [ -156.752354999582735, 20.924132000225601 ], [ -156.728614999685448, 20.851698999761268 ], [ -156.62500000003169, 20.750000000183856 ], [ -156.511869999972788, 20.735386000055261 ], [ -156.495728000155907, 20.691580000174891 ], [ -156.733645000236208, 20.581844000319968 ], [ -156.749999999590074, 20.454335000053831 ], [ -156.53345599971891, 20.462979999998627 ], [ -156.483355999617771, 20.513166999996933 ], [ -156.484509999686253, 20.579083000055167 ], [ -156.37500000001657, 20.528985000118332 ], [ -156.135270000266928, 20.569843000352247 ], [ -156.025915000407963, 20.606260000288234 ], [ -155.949645999898735, 20.676832000297157 ], [ -155.926784999710321, 20.781735000137203 ], [ -155.958991000424589, 20.87500000009371 ], [ -156.032289000099695, 20.859858000349934 ], [ -156.26857799956025, 21.003750999695697 ], [ -156.459574999712572, 20.976234000153237 ] ] ], [ [ [ -159.307978000305155, 21.90867299962003 ], [ -159.249999999741107, 22.175775000063069 ], [ -159.308797999564518, 22.249999999777604 ], [ -159.402920000351031, 22.290473000042695 ], [ -159.596388999773552, 22.277999000125977 ], [ -159.749999999771347, 22.199448999845174 ], [ -159.837722999853469, 22.094225999787149 ], [ -159.850959000031878, 22.027146999890316 ], [ -159.793600999608969, 21.939780000183053 ], [ -159.63125900027697, 21.846688000363546 ], [ -159.449524999736411, 21.817436000127429 ], [ -159.307978000305155, 21.90867299962003 ] ] ], [ [ [ -160.304359999626172, 21.853794999839174 ], [ -160.265777999570389, 21.746179999909589 ], [ -160.177322000267566, 21.735553999840132 ], [ -160.122015000063669, 21.824960000329401 ], [ -160.031032000340758, 21.869363999746707 ], [ -159.997204999577747, 21.992510000233587 ], [ -160.056722000174744, 22.068344999833336 ], [ -160.125001999892987, 22.081135000315239 ], [ -160.174010999674806, 21.991479000002595 ], [ -160.279946999884316, 21.920637999811369 ], [ -160.304359999626172, 21.853794999839174 ] ] ], [ [ [ -160.600875000411634, 21.658163000017687 ], [ -160.546215999937914, 21.600383999688606 ], [ -160.482907000320893, 21.640310999908309 ], [ -160.531740000375606, 21.711998000160424 ], [ -160.600875000411634, 21.658163000017687 ] ] ], [ [ [ -155.029999000343963, 19.792101000022036 ], [ -155.046810999632356, 19.897703999878988 ], [ -155.252398999873037, 20.063448000360555 ], [ -155.58208700004684, 20.181316000077089 ], [ -155.792889999887876, 20.309270000062629 ], [ -155.917641999749122, 20.299703999715259 ], [ -155.957719000355297, 20.167614000034945 ], [ -155.884311000177007, 20.018327000389913 ], [ -155.962426999792484, 19.909151999717633 ], [ -156.095672000234885, 19.815013000080189 ], [ -156.120001000311163, 19.727176000338154 ], [ -156.07859200025959, 19.625000999889131 ], [ -156.030277000238726, 19.58747800010298 ], [ -155.943212999757463, 19.344226999618144 ], [ -155.974473999742287, 19.1127430002024 ], [ -155.92593100011581, 19.008154000159514 ], [ -155.739971000186927, 18.916890999647851 ], [ -155.705972999719677, 18.870301000415637 ], [ -155.649041000167443, 18.870502999740861 ], [ -155.557470000090461, 18.943442000230782 ], [ -155.494877999800593, 19.07158599992384 ], [ -155.391433999851074, 19.144360000102431 ], [ -155.268405000145776, 19.219494999901872 ], [ -155.175617000251123, 19.211385999833414 ], [ -155.000000000382641, 19.282037000100985 ], [ -154.810311000284628, 19.416056999641395 ], [ -154.759333000299534, 19.536462000296172 ], [ -154.886784000109998, 19.624999999759869 ], [ -154.96384299974136, 19.769189000086502 ], [ -155.029999000343963, 19.792101000022036 ] ] ], [ [ [ -104.048691999585358, 48.999898999781152 ], [ -123.322240000126911, 49.002072000186956 ], [ -123.008485000430923, 48.831219000036036 ], [ -123.008486000255814, 48.767098999896291 ], [ -123.2678769999292, 48.693992999778246 ], [ -123.21892900024676, 48.548707999730638 ], [ -123.115137999967587, 48.422829999969792 ], [ -123.24843500028858, 48.284016000037226 ], [ -123.541215999983635, 48.224553000282725 ], [ -123.679064000281244, 48.239997000044106 ], [ -124.012055999578465, 48.296670999725094 ], [ -124.749740000060442, 48.499782999789936 ], [ -124.772262000315138, 48.473811999944409 ], [ -124.745837999638894, 48.445663000088857 ], [ -124.817264999918365, 48.398388999771171 ], [ -124.761386999977162, 48.295688000196058 ], [ -124.780503999927816, 48.228580000258432 ], [ -124.848252000266811, 48.188199999850873 ], [ -124.785187000148952, 48.08711499995308 ], [ -124.800112000148118, 47.975191999950646 ], [ -124.540302000175075, 47.716445000183448 ], [ -124.554626000299749, 47.644426999802121 ], [ -124.461402000386968, 47.624960000048922 ], [ -124.413550000148405, 47.368730000001491 ], [ -124.30636699998395, 47.248083000235617 ], [ -124.244130000419659, 47.058647999827365 ], [ -124.246641999872807, 46.917813000077203 ], [ -124.194580999964359, 46.844091999992081 ], [ -124.145260000012996, 46.670474000270012 ], [ -124.130531999657293, 46.408315999979465 ], [ -124.162339999988291, 46.268099000030219 ], [ -124.133536000103376, 46.211705999958411 ], [ -124.050657999725757, 46.163913999821112 ], [ -124.002782999920953, 46.027544000245982 ], [ -124.091920000362549, 45.94345499977171 ], [ -124.037703999579662, 45.841613999816211 ], [ -124.067967999854815, 45.750315000061903 ], [ -124.010805000323899, 45.708284999887432 ], [ -124.026660000085585, 45.537877000243945 ], [ -124.064549000205375, 45.46756699974965 ], [ -124.036497999632616, 45.413335999968652 ], [ -124.076976999921698, 45.341846000208676 ], [ -124.042355999838648, 45.282176000197701 ], [ -124.044792000022142, 45.165999000173045 ], [ -124.141562999630864, 44.833439000264498 ], [ -124.134312999704989, 44.583182000048815 ], [ -124.243659000241465, 43.791663999783452 ], [ -124.343835999979163, 43.465011999796069 ], [ -124.476948000352209, 43.329371000260039 ], [ -124.465235000313257, 43.200307999971749 ], [ -124.515840000029414, 43.12483000012319 ], [ -124.530606000019972, 42.999829999685758 ], [ -124.703540999657633, 42.770368999941169 ], [ -124.664637000284813, 42.720481999923713 ], [ -124.584688999835151, 42.719301999697109 ], [ -124.530312000292071, 42.632279999971992 ], [ -124.473553999918778, 42.614734000183155 ], [ -124.46535099976586, 42.55303300005059 ], [ -124.56950899956783, 42.454585999806447 ], [ -124.494153999825883, 42.396086000199894 ], [ -124.483672999673203, 42.229613000213341 ], [ -124.433514000020864, 42.164831999919848 ], [ -124.416273000387079, 42.074854000238787 ], [ -124.306994999622688, 41.992906000134042 ], [ -124.276120000325534, 41.903052000261923 ], [ -124.285030999584791, 41.859486999943769 ], [ -124.411317000354472, 41.882055999851652 ], [ -124.438909000444596, 41.824503999776766 ], [ -124.211706000145497, 41.681192999927397 ], [ -124.133230999606539, 41.432310999713629 ], [ -124.139973000442609, 41.381820999778689 ], [ -124.20651499993626, 41.384717999870574 ], [ -124.242419999784133, 41.343300000214533 ], [ -124.22003200032205, 41.30299400003647 ], [ -124.160703999870961, 41.289292999847618 ], [ -124.195531999643265, 41.184581999910115 ], [ -124.252474000139557, 41.134074999973571 ], [ -124.182693999848098, 41.001313000157168 ], [ -124.197618999847293, 40.95052899996432 ], [ -124.403366999921559, 40.613170000016936 ], [ -124.480542999728769, 40.428492999825487 ], [ -124.428055000023036, 40.361784999950132 ], [ -124.411026000101344, 40.22527499986159 ], [ -124.15376199991664, 40.063544000041041 ], [ -124.133254999895968, 39.999865000065519 ], [ -123.900970000065897, 39.780466000072138 ], [ -123.834648999606856, 39.549194000319559 ], [ -123.875126000246112, 39.494178999808696 ], [ -123.894936000132802, 39.348348999702345 ], [ -123.761965000225075, 39.041091000239362 ], [ -123.809860000121361, 38.961219000102936 ], [ -123.784675999727341, 38.893727999977742 ], [ -123.510580000162776, 38.680890000072559 ], [ -123.360929000312836, 38.510201999756156 ], [ -123.164756999844784, 38.388337000095198 ], [ -123.134522999706846, 38.296262999960177 ], [ -123.014817000289852, 38.149132000329651 ], [ -123.08512999978548, 38.008432999682825 ], [ -123.067965000319674, 37.95866899973872 ], [ -122.953224000257791, 37.941093000349632 ], [ -122.889291000301682, 37.974109000113216 ], [ -122.766771000409406, 37.865803999843664 ], [ -122.588174000384328, 37.789361999757922 ], [ -122.574963000320253, 37.499942999883736 ], [ -122.467005000204011, 37.349888999874942 ], [ -122.464117000108885, 37.17784800005527 ], [ -122.376086000055196, 37.065647999997225 ], [ -122.07639900039085, 36.910198999680212 ], [ -122.001124000116548, 36.647704000342465 ], [ -122.044049999561466, 36.578249000103959 ], [ -121.957666000394056, 36.285116999880252 ], [ -121.727811999826301, 36.12900899983623 ], [ -121.631817999819191, 35.978944999764956 ], [ -121.561460999942639, 35.943817999713858 ], [ -121.501047000093422, 35.842744999768918 ], [ -121.393459999697967, 35.763400999681473 ], [ -121.323512000075311, 35.624969000171987 ], [ -121.201555000422744, 35.583689999767863 ], [ -121.041635000132231, 35.419989999891314 ], [ -120.933292000051523, 35.392747999843216 ], [ -120.961253000212579, 35.249974999914578 ], [ -120.917792000117075, 35.187377999685665 ], [ -120.800410999657174, 35.116576999857692 ], [ -120.689606000352015, 35.098828000112654 ], [ -120.734326999922914, 34.90475099986714 ], [ -120.67328100023704, 34.838624000133656 ], [ -120.702092999619552, 34.748328999864526 ], [ -120.664690999571491, 34.696343999830596 ], [ -120.707183000444772, 34.61621099984044 ], [ -120.703968000111516, 34.548495000336771 ], [ -120.559438999975498, 34.488465999904697 ], [ -120.523646000280593, 34.419504999730712 ], [ -120.462127999693294, 34.392479000210002 ], [ -120.147280000028175, 34.422915999779015 ], [ -119.716128999803715, 34.336107999973883 ], [ -119.584794999838238, 34.361660000204964 ], [ -119.334461999737201, 34.236530000004798 ], [ -119.217993000394785, 34.062490999808446 ], [ -118.824892999773468, 33.949041999983599 ], [ -118.557355999848554, 33.987673000099925 ], [ -118.447253999626867, 33.848759999910904 ], [ -118.484483000320907, 33.803154000287051 ], [ -118.466962000304619, 33.725524000178126 ], [ -118.31913499999466, 33.659546999907228 ], [ -118.125900000025553, 33.697150999687821 ], [ -117.467871000090298, 33.212493999807641 ], [ -117.375872000391141, 33.075217000339464 ], [ -117.323279000205119, 32.903064000145982 ], [ -117.342000000320624, 32.840354000120882 ], [ -117.30923899976257, 32.656401000256416 ], [ -117.223301999585644, 32.621238000358389 ], [ -117.205050999823399, 32.529508000175937 ], [ -114.719496999995727, 32.718738999816864 ], [ -114.80844000026859, 32.619426000206204 ], [ -114.813691999678866, 32.49406900027784 ], [ -111.074980000242135, 31.33234199999572 ], [ -108.208469999827344, 31.333373000228786 ], [ -108.208484000071039, 31.783698000018727 ], [ -106.527940000391681, 31.78389000021145 ], [ -106.635920000249214, 31.866233000113574 ], [ -106.618486000271588, 32.000495000289064 ], [ -103.064510000375023, 32.000424000289115 ], [ -103.04171699995868, 36.500360000076228 ], [ -103.002289999630847, 36.500887000359782 ], [ -103.002328999988904, 37.000149999736045 ], [ -102.042089000342244, 36.993015999850805 ], [ -102.051661999575401, 41.001772000294828 ], [ -104.053249000308099, 41.001405999738765 ], [ -104.048691999585358, 48.999898999781152 ] ] ] ] } },
{ "type": "Feature", "properties": { "OBJECTID": 3, "AREALAND": "419357448718", "AREAWATER": "50257555305", "FUNCSTAT": "S", "GEOID": "1", "LSADC": "68", "MTFCC": "G1100", "BASENAME": "Northeast", "NAME": "Northeast Region", "OID": "2729020719824", "REGION": "1", "CENTLON": "-074.2183092", "CENTLAT": "+42.7754036", "INTPTLON": "-074.2123732", "INTPTLAT": "+42.7778249" }, "geometry": { "type": "MultiPolygon", "coordinates": [ [ [ [ -71.777490999651661, 41.067292000257332 ], [ -71.791480000040565, 41.272164999947044 ], [ -71.575253000361784, 41.320955000167771 ], [ -71.4948050003199, 41.307354999780898 ], [ -71.08503800017516, 41.433467000208729 ], [ -71.033604000080473, 41.414085000185636 ], [ -70.9994800001149, 41.35410300024931 ], [ -70.896016999898805, 41.370148000199507 ], [ -70.87002699959082, 41.297067999948659 ], [ -70.890541000182523, 41.24309100020124 ], [ -70.823644999788215, 41.200648999818185 ], [ -70.754188000435263, 41.216090999813638 ], [ -70.703105999794786, 41.289040000265381 ], [ -70.593134999992657, 41.299844000011262 ], [ -70.459851000090481, 41.265253000151809 ], [ -70.344083000181712, 41.276146000046538 ], [ -70.10968400038341, 41.189802999949379 ], [ -69.915841999793656, 41.220938999789361 ], [ -69.894885000409502, 41.29037200026292 ], [ -70.006467000214599, 41.43389800016319 ], [ -70.094412000054575, 41.430810000259029 ], [ -70.116540999948896, 41.395132000278487 ], [ -70.097844000122819, 41.353583999864654 ], [ -70.137940000097259, 41.346371000189109 ], [ -70.267283000118155, 41.393425999991521 ], [ -70.383449000410167, 41.369932999960469 ], [ -70.392891999946983, 41.445480000239783 ], [ -70.489689000393312, 41.462976999927726 ], [ -70.508602999954363, 41.498964999841149 ], [ -70.395164000098958, 41.556722000293554 ], [ -70.249463000351128, 41.56014599985545 ], [ -70.077933999778722, 41.612528000085092 ], [ -70.063351999911205, 41.590172999885787 ], [ -70.126677000320086, 41.503698000041595 ], [ -70.040313000345861, 41.465959999788055 ], [ -69.936400999692879, 41.521936000319613 ], [ -69.858950000424372, 41.706915999791953 ], [ -69.909177999673702, 41.942062000111335 ], [ -70.011590999578388, 42.073377999887924 ], [ -70.172541999913747, 42.134515000135266 ], [ -70.277430000359971, 42.114345000049525 ], [ -70.608381000382209, 42.138479000059618 ], [ -70.640112999646931, 42.228371999944464 ], [ -70.688703999852308, 42.263468000063604 ], [ -70.606289999980206, 42.531220000264817 ], [ -70.502143000048903, 42.635471000144165 ], [ -70.549305999651096, 42.724164000099812 ], [ -70.714324000264426, 42.731911000126566 ], [ -70.748829999821453, 42.85883099975284 ], [ -70.694394999653753, 42.956753999984201 ], [ -70.614086000427349, 42.912861999933973 ], [ -70.544593000191057, 42.937678999732526 ], [ -70.532542000043293, 43.019993999679535 ], [ -70.599657999647306, 43.056939000019071 ], [ -70.553032000345539, 43.123579000160717 ], [ -70.493014000331442, 43.073042999854572 ], [ -70.406242999753118, 43.10209199979451 ], [ -70.440938000354336, 43.166639999794143 ], [ -70.521675000101226, 43.154882999858785 ], [ -70.49323000024151, 43.286829000105243 ], [ -70.367397000106664, 43.323317000244721 ], [ -70.155985999820061, 43.524443999803204 ], [ -69.855212000034385, 43.6469469999507 ], [ -69.730395999700676, 43.657273000102791 ], [ -69.664744999611472, 43.71174800021835 ], [ -69.550938000408365, 43.707144000158351 ], [ -69.505785000119005, 43.778456000311294 ], [ -69.409269999705003, 43.810817000183349 ], [ -69.38758799969942, 43.736104999806031 ], [ -69.335093000320995, 43.704484999723348 ], [ -69.238096999683052, 43.750084000323035 ], [ -69.262340000443913, 43.815373999968131 ], [ -69.149824999604931, 43.795735000254538 ], [ -69.055894000410746, 43.85891099967904 ], [ -68.920169000302209, 43.7473920002857 ], [ -68.817234000165698, 43.739645999805461 ], [ -68.785323999727439, 43.80433899970803 ], [ -68.669432999795049, 43.869575999697616 ], [ -68.679257999821587, 43.923455000059143 ], [ -68.742649000352699, 43.943146999981046 ], [ -68.721477999809991, 43.961937999741515 ], [ -68.568388000219102, 43.957969999796099 ], [ -68.436843000366423, 44.053233000266431 ], [ -68.311392999647921, 44.053428999924535 ], [ -68.203360000086946, 44.099586999866425 ], [ -68.170750000039931, 44.190114000027513 ], [ -68.122625999814758, 44.226041000010568 ], [ -68.128279999806296, 44.264253000221593 ], [ -67.999445999598422, 44.280197000319014 ], [ -67.925177999977834, 44.341433999850615 ], [ -67.823728000345938, 44.327038000006816 ], [ -67.774749999627943, 44.411313999997169 ], [ -67.715329000188717, 44.386500999988591 ], [ -67.567584999719472, 44.397209000301224 ], [ -67.473026999813158, 44.448339000033386 ], [ -67.443396000097877, 44.505278999696522 ], [ -67.140853999950366, 44.608265000267501 ], [ -66.885444000341238, 44.794208000182081 ], [ -66.974862999916823, 44.841605000003057 ], [ -66.968710000158026, 44.910389000165068 ], [ -67.158871000259197, 45.162035000172047 ], [ -67.283360000354733, 45.191858999830949 ], [ -67.340847999575672, 45.125041000087798 ], [ -67.429266999966885, 45.193464999794685 ], [ -67.48966300027277, 45.282132999907667 ], [ -67.419235000251106, 45.377103999936551 ], [ -67.503713999687633, 45.486703999722614 ], [ -67.416210999713542, 45.501295000204678 ], [ -67.450018000385043, 45.602465999931724 ], [ -67.645565999615698, 45.61333900018127 ], [ -67.70957399991488, 45.681328000139629 ], [ -67.734552000444566, 45.688919999886373 ], [ -67.727228999825442, 45.662640000123957 ], [ -67.818008000232183, 45.693819000230597 ], [ -67.78179600023762, 45.731117000095971 ], [ -67.806482999615866, 45.794404999915322 ], [ -67.755318999857934, 45.823350000029677 ], [ -67.803910999888245, 45.882897999898013 ], [ -67.750628000139216, 45.917636000183855 ], [ -67.781248000066554, 45.943449999995636 ], [ -67.790196000034044, 47.06722000016147 ], [ -67.882916000156641, 47.104403000232402 ], [ -67.953420000346284, 47.196692000239608 ], [ -68.154680000193082, 47.325184999865613 ], [ -68.351851000020602, 47.357366000205452 ], [ -68.380153999590107, 47.339647999733849 ], [ -68.377858000047013, 47.287375000138006 ], [ -68.580050000204452, 47.287114999813419 ], [ -68.617511999628647, 47.243372000199805 ], [ -68.900033999827201, 47.177741999976092 ], [ -69.050746999684122, 47.256479000138661 ], [ -69.043217000274083, 47.426784000124194 ], [ -69.224461000369871, 47.459832999829842 ], [ -69.997110999818105, 46.695519999930525 ], [ -70.056500000368587, 46.415577999813159 ], [ -70.191189000409409, 46.350216999698148 ], [ -70.292691999744747, 46.19146399976276 ], [ -70.236283000249216, 46.145232999917248 ], [ -70.253113999804185, 46.10011900014981 ], [ -70.301909000224072, 46.08236000019059 ], [ -70.278320999764432, 46.056285999720508 ], [ -70.317995999789375, 46.019075000198697 ], [ -70.283942000143966, 45.995488000170447 ], [ -70.315859000254918, 45.962990999782853 ], [ -70.239142000032018, 45.94394399993196 ], [ -70.258822000222366, 45.891168999849555 ], [ -70.416870000393999, 45.795536000149212 ], [ -70.400346000087382, 45.719717000194073 ], [ -70.558589000252653, 45.666476000273541 ], [ -70.687692000074037, 45.569422000193022 ], [ -70.716396000399854, 45.486466999980529 ], [ -70.621269000406073, 45.402735999806701 ], [ -70.658769000363421, 45.377672999947194 ], [ -70.798094999696303, 45.426516000283193 ], [ -70.825737000015138, 45.400265000167757 ], [ -70.802532999695032, 45.365677000101115 ], [ -70.838065999997255, 45.234618000279909 ], [ -70.895048999603134, 45.240324999717153 ], [ -70.917835000346813, 45.311723000126442 ], [ -71.010372999996221, 45.347663999826466 ], [ -71.008520999968809, 45.31924100001487 ], [ -71.098200999660321, 45.301672999708074 ], [ -71.147560000144807, 45.239434999687603 ], [ -71.230614000249531, 45.249417000002943 ], [ -71.2962340003766, 45.29914399974021 ], [ -71.384137000383774, 45.233509000115156 ], [ -71.442818000031266, 45.238291999953027 ], [ -71.397341999701723, 45.203517999764884 ], [ -71.428385000126653, 45.123672000290064 ], [ -71.498042000394477, 45.070187000252162 ], [ -71.501019000178061, 45.013442999733293 ], [ -74.731300999650955, 44.990418999867352 ], [ -74.834674000353687, 45.014697999719594 ], [ -74.992726999649861, 44.977468999899948 ], [ -75.307621000244026, 44.836809999702602 ], [ -75.76693600012085, 44.515271999768075 ], [ -75.912826999839496, 44.367805000247138 ], [ -76.16182500012205, 44.280775999905863 ], [ -76.164257999932502, 44.239602999919697 ], [ -76.206774000196916, 44.214538000254947 ], [ -76.312639000261328, 44.199045000250095 ], [ -76.352679000159242, 44.134743000100229 ], [ -76.438287000448241, 44.094172000274682 ], [ -76.776233000128215, 43.629529000040094 ], [ -78.688295000081794, 43.634741999884127 ], [ -79.200936000263667, 43.450422000325041 ], [ -79.055931999751508, 43.254674000060824 ], [ -79.042298999913072, 43.143662999938101 ], [ -79.07445899969828, 43.077863000224212 ], [ -79.007129999658929, 43.06575700028106 ], [ -79.019964000154431, 42.994755999783138 ], [ -78.909158999950947, 42.933256999977573 ], [ -78.930558999924216, 42.850105000014537 ], [ -80.080222000428478, 42.394161999903325 ], [ -80.519851000267167, 42.327132000006728 ], [ -80.519341999555806, 39.721402999981329 ], [ -75.773786000013644, 39.72220000018924 ], [ -75.672024000212204, 39.817730000115425 ], [ -75.508229999987563, 39.835215000279391 ], [ -75.405413999676767, 39.796396000271208 ], [ -75.558772999779478, 39.629986999852122 ], [ -75.51195999998167, 39.567290000039442 ], [ -75.560537999768243, 39.45564499965932 ], [ -75.321020999555657, 39.2513790001993 ], [ -75.015123000406177, 38.788657000335171 ], [ -74.733423000015094, 38.96765799979309 ], [ -74.565241000020436, 39.210642000153612 ], [ -74.461614999597728, 39.301022999997002 ], [ -74.362513000285787, 39.32578100006635 ], [ -74.083316000025363, 39.6695620003076 ], [ -73.89820800004118, 40.274352999713763 ], [ -73.876777999930681, 40.501126999802665 ], [ -73.768781000354707, 40.533746999671216 ], [ -73.486495999982623, 40.520505000031335 ], [ -73.274025000237174, 40.551314000294383 ], [ -72.374529000152606, 40.818595000097417 ], [ -71.808163000355847, 41.027811999990135 ], [ -71.777490999651661, 41.067292000257332 ] ] ], [ [ [ -71.678806999916162, 41.158911999976993 ], [ -71.618860999872084, 41.099090999833891 ], [ -71.517537999563487, 41.107077000222773 ], [ -71.477024000012634, 41.155657000030878 ], [ -71.489322000032615, 41.235171000030711 ], [ -71.535979000194828, 41.28617999991561 ], [ -71.591590999997237, 41.289317000207895 ], [ -71.634968000427179, 41.263681999830538 ], [ -71.678806999916162, 41.158911999976993 ] ] ] ] } },
{ "type": "Feature", "properties": { "OBJECTID": 4, "AREALAND": "1944010967122", "AREAWATER": "184269117882", "FUNCSTAT": "S", "GEOID": "2", "LSADC": "68", "MTFCC": "G1100", "BASENAME": "Midwest", "NAME": "Midwest Region", "OID": "2729020719825", "REGION": "2", "CENTLON": "-093.3114764", "CENTLAT": "+42.8315107", "INTPTLON": "-093.3107946", "INTPTLAT": "+42.8262692" }, "geometry": { "type": "Polygon", "coordinates": [ [ [ -86.378470999806424, 38.181599000319437 ], [ -86.271800999652982, 38.138871999900545 ], [ -86.270315000221785, 38.060296000127252 ], [ -86.219273999589191, 38.02751299977087 ], [ -86.09993899989297, 38.010953000056993 ], [ -86.043782000292509, 37.958206000029357 ], [ -86.0265469996082, 37.994022999755572 ], [ -85.942699000183424, 38.006815999837812 ], [ -85.90552100044134, 38.169530000304633 ], [ -85.829065000334367, 38.276554000335395 ], [ -85.743474999588727, 38.267294000292402 ], [ -85.679961999757197, 38.297584999943957 ], [ -85.606953999611974, 38.438574000324444 ], [ -85.505707000369682, 38.464717000270873 ], [ -85.419531999643041, 38.535330000093609 ], [ -85.456722999803901, 38.6863570003242 ], [ -85.435947000169691, 38.72870999968071 ], [ -85.272376000426135, 38.740740000321622 ], [ -85.173161000237997, 38.688007000324518 ], [ -84.991923999814873, 38.778284000040593 ], [ -84.813607000172269, 38.785272999668656 ], [ -84.830045000265159, 38.830139999765052 ], [ -84.78527500029044, 38.880425000143049 ], [ -84.87724700022541, 38.909413000023207 ], [ -84.830048999564809, 38.972560000345609 ], [ -84.897370999931468, 39.057400000345616 ], [ -84.749968999768953, 39.147732000269059 ], [ -84.618342999725414, 39.073303999978023 ], [ -84.452534000165073, 39.119239000099988 ], [ -84.426389000046413, 39.053134000107491 ], [ -84.306074000358947, 39.007753000282953 ], [ -84.213114999861759, 38.805835000311433 ], [ -83.869407000235242, 38.761300999917815 ], [ -83.764188000251181, 38.652525000177945 ], [ -83.659484999752877, 38.627384000265671 ], [ -83.62602299976119, 38.678610999683805 ], [ -83.520883000318193, 38.703061999791338 ], [ -83.36277499987213, 38.657219999722095 ], [ -83.293181000251806, 38.596713999771517 ], [ -83.24566399974897, 38.628564000093924 ], [ -83.153243000275424, 38.618982000278116 ], [ -83.030494999879195, 38.725839000156476 ], [ -82.890432000229353, 38.756259999724193 ], [ -82.842472000035727, 38.588909999825098 ], [ -82.698285000206482, 38.543770000003654 ], [ -82.583377999564931, 38.409969999786412 ], [ -82.332734999842501, 38.443539999973972 ], [ -82.291271000437661, 38.578982999947847 ], [ -82.175266999629017, 38.607083999754607 ], [ -82.22156599959095, 38.787187000088423 ], [ -82.145466999859337, 38.839680000217527 ], [ -82.143167000118282, 38.898079000316997 ], [ -82.037748999942607, 39.023864999998537 ], [ -81.933186000084717, 38.987660000208621 ], [ -81.902970000388422, 38.876089999838115 ], [ -81.827353999632251, 38.945898000006402 ], [ -81.76265800031824, 38.924123000299069 ], [ -81.764253000427672, 39.015279000020492 ], [ -81.813853999863198, 39.079677999701119 ], [ -81.746053999645653, 39.096977999927468 ], [ -81.75617999997111, 39.180459999654943 ], [ -81.691914999753976, 39.227034999821136 ], [ -81.683612999866853, 39.270947000344059 ], [ -81.5702469998064, 39.267674999659043 ], [ -81.557547000103511, 39.338773999765003 ], [ -81.456142999604069, 39.40927400000249 ], [ -81.375960999700965, 39.341696999694371 ], [ -81.217315000027853, 39.387590000115885 ], [ -80.973482999840158, 39.588446000020205 ], [ -80.880360000209734, 39.620706000313156 ], [ -80.829763999816052, 39.711838999779758 ], [ -80.869092000409694, 39.766363999891787 ], [ -80.790760999810757, 39.867280000331021 ], [ -80.806776000304353, 39.916308000000228 ], [ -80.75611299996352, 39.91340200029893 ], [ -80.738181000043525, 40.078606999794282 ], [ -80.599895000078021, 40.317665999674212 ], [ -80.632731999905729, 40.390504999761994 ], [ -80.595405000200742, 40.475315999917136 ], [ -80.66795700023637, 40.582495999742754 ], [ -80.627170999800626, 40.619936000164003 ], [ -80.518990999926544, 40.638801000148021 ], [ -80.519851000267167, 42.327132000006728 ], [ -81.249833000013325, 42.216414999905176 ], [ -82.398348000296878, 41.676524000030255 ], [ -82.681119000017461, 41.676327999862977 ], [ -83.069312000111665, 41.864216999768921 ], [ -83.149449999633845, 42.040263999674231 ], [ -83.127998999606959, 42.238694999990699 ], [ -83.063637000203755, 42.316857000006124 ], [ -82.83025000018371, 42.373492000034005 ], [ -82.661885999715864, 42.54174599986596 ], [ -82.589980999585521, 42.550977999684818 ], [ -82.523434000069003, 42.607344000320602 ], [ -82.467666999557579, 42.761906000281741 ], [ -82.456027000211847, 42.925812000210399 ], [ -82.12297100044222, 43.590827000171124 ], [ -82.374927000241797, 44.716436999764127 ], [ -82.520639999685201, 45.335901999804939 ], [ -83.483974000189619, 45.771936999790732 ], [ -83.63686700013703, 45.773943999780897 ], [ -83.433557999721017, 45.998895000000189 ], [ -83.571467000117991, 46.10599800030716 ], [ -83.654646999721066, 46.122054999944986 ], [ -83.826243000240638, 46.119288000266913 ], [ -83.955423999879812, 46.057187999860588 ], [ -84.005684999639413, 46.149551000208206 ], [ -84.108089000221582, 46.241237999947018 ], [ -84.146171999611809, 46.418519999749293 ], [ -84.111225000013818, 46.504118999916997 ], [ -84.128925000130224, 46.530118999787405 ], [ -84.226130999932153, 46.533920000197867 ], [ -84.275814000281741, 46.492820999784513 ], [ -84.420273999922458, 46.501076999889904 ], [ -84.475593999646819, 46.452864000222725 ], [ -84.556962000303784, 46.460638999961937 ], [ -84.762957000250239, 46.634324000199861 ], [ -84.859335000396896, 46.888843000209818 ], [ -86.250138999738908, 47.477903000154377 ], [ -88.369861999893502, 48.306062999958236 ], [ -88.677442000089371, 48.245397000211909 ], [ -89.33754999983276, 47.974260999959178 ], [ -89.489195999825242, 48.014533000043215 ], [ -89.580972999766544, 47.995939000158742 ], [ -89.748926000330655, 48.023542000242081 ], [ -89.897197000156311, 47.987580999893602 ], [ -89.993824999649888, 48.028091000268759 ], [ -90.023330999691709, 48.084748000066767 ], [ -90.135787999906043, 48.112208999709402 ], [ -90.374289000142426, 48.090915000216114 ], [ -90.556700999652108, 48.095931000266326 ], [ -90.579679999841304, 48.123796999984762 ], [ -90.751576999761426, 48.090987000189976 ], [ -90.798223999877905, 48.136889000240132 ], [ -90.777931000117462, 48.163838000192378 ], [ -90.836401999702687, 48.177027999755708 ], [ -90.839295999645586, 48.239559000004419 ], [ -90.885756999989241, 48.245952999950617 ], [ -91.266774999602305, 48.078830999957518 ], [ -91.567509999928262, 48.043788999997581 ], [ -91.559111999781663, 48.108592999730497 ], [ -91.711751000184179, 48.114649999878047 ], [ -91.715364000002381, 48.199503999912103 ], [ -91.958351999742987, 48.233134999796036 ], [ -92.006525000371965, 48.26541099978369 ], [ -92.000114999796907, 48.321095999757851 ], [ -92.055221000159321, 48.359363999747409 ], [ -92.262549000274419, 48.354913000227036 ], [ -92.306175000226389, 48.316246000061248 ], [ -92.269578000267359, 48.248184999712279 ], [ -92.369917000386778, 48.220279000148153 ], [ -92.469771000084307, 48.352091999973588 ], [ -92.456431000148825, 48.414082999805231 ], [ -92.507470000233283, 48.447978999818346 ], [ -92.656223000107786, 48.436474000174854 ], [ -92.712681999832014, 48.462982000011458 ], [ -92.698674999899765, 48.494839999841552 ], [ -92.627010999793839, 48.503272999746628 ], [ -92.634885999883693, 48.542556999861581 ], [ -92.72841199992024, 48.539372000089209 ], [ -92.954788000389001, 48.631540000178539 ], [ -93.254654000153494, 48.64281399998675 ], [ -93.465468999690103, 48.591635000221281 ], [ -93.467377999618918, 48.546451000072985 ], [ -93.787992000326852, 48.515848999992997 ], [ -93.818489000230514, 48.531412999748518 ], [ -93.806349000394306, 48.579507000104122 ], [ -93.844350999593672, 48.630222000250512 ], [ -94.224204999990818, 48.649457000039469 ], [ -94.308817000395067, 48.71027300018406 ], [ -94.452379000060304, 48.692401000031118 ], [ -94.587653000082142, 48.717577999894885 ], [ -94.690902000038008, 48.777998999905257 ], [ -94.683457000118452, 48.884120000181923 ], [ -94.816263999994632, 49.321399000004298 ], [ -94.957393999674352, 49.370197999717178 ], [ -95.058301999881252, 49.353253000010589 ], [ -95.153395000438181, 49.384478999767687 ], [ -95.153191000223671, 48.998869999858179 ], [ -104.048691999585358, 48.999898999781152 ], [ -104.053249000308099, 41.001405999738765 ], [ -102.051716999826979, 41.002358999756403 ], [ -102.042089000342244, 36.993015999850805 ], [ -94.617964000212993, 36.998905000209035 ], [ -94.61785899973269, 36.49943099975799 ], [ -90.152307000189793, 36.497982000325102 ], [ -90.138502999748809, 36.413725999755478 ], [ -90.063503999659019, 36.384080999787734 ], [ -90.064193000295418, 36.302502000305047 ], [ -90.319612000125389, 36.089569999825954 ], [ -90.377900000310817, 35.995744999999246 ], [ -89.706932000298082, 36.000981000210743 ], [ -89.678821000349188, 36.084636000359716 ], [ -89.591632000194451, 36.142135000331699 ], [ -89.701820999556475, 36.246004000169371 ], [ -89.534676000352746, 36.252770999805378 ], [ -89.620255000329422, 36.323006000085577 ], [ -89.5318219996945, 36.339246000163428 ], [ -89.509722000112504, 36.373626000133406 ], [ -89.545255000414713, 36.427079000282959 ], [ -89.519922000057775, 36.477052999825048 ], [ -89.569049999665296, 36.56172100013972 ], [ -89.479929999840422, 36.569086999739433 ], [ -89.493946999818419, 36.473559000245537 ], [ -89.46443300027903, 36.457747000184412 ], [ -89.365797000224092, 36.625125999773701 ], [ -89.324636999694548, 36.631022999746087 ], [ -89.260855000249492, 36.565396999659967 ], [ -89.213874000222162, 36.579910999684181 ], [ -89.159117999664105, 36.666353999808727 ], [ -89.19785600025385, 36.739772000211723 ], [ -89.116460000007791, 36.768671000072025 ], [ -89.178854999755842, 36.833335999878926 ], [ -89.1381090004014, 36.847322999829345 ], [ -89.098968000303842, 36.956067000062468 ], [ -89.170172999927132, 37.007067000023454 ], [ -89.17938500038359, 37.053247999647098 ], [ -89.029865999879817, 37.211064999682307 ], [ -88.91618000015221, 37.223991000153575 ], [ -88.566509999664291, 37.075374000182428 ], [ -88.461957999677026, 37.073556999943726 ], [ -88.424656999911306, 37.152291000114722 ], [ -88.515903000298266, 37.284090999806857 ], [ -88.475283000442218, 37.38985700020114 ], [ -88.067843999627627, 37.485866999793465 ], [ -88.159156999961738, 37.662610999650859 ], [ -88.029849999925872, 37.79825199971696 ], [ -87.951839999717293, 37.771694999903801 ], [ -87.907375000239426, 37.807128999907277 ], [ -87.940976999973202, 37.879472999693483 ], [ -87.903863999630147, 37.92553699985401 ], [ -87.829772999561555, 37.876424999907329 ], [ -87.67501099986832, 37.901642999724324 ], [ -87.679411000232221, 37.836525000183009 ], [ -87.644160999787232, 37.826189000288608 ], [ -87.583925000213242, 37.872484999730951 ], [ -87.627316999813473, 37.920401999706172 ], [ -87.597763999915998, 37.973896999972204 ], [ -87.510567000263663, 37.906081000201162 ], [ -87.411990999584859, 37.944503000188874 ], [ -87.161704000412897, 37.839763999872602 ], [ -87.110729999727454, 37.782418000213276 ], [ -87.065414000129792, 37.807613999725461 ], [ -87.034165999665433, 37.906264999846442 ], [ -86.819688999906802, 37.999422000161999 ], [ -86.732544999957909, 37.894767999855034 ], [ -86.647853000086045, 37.909387000347394 ], [ -86.662240999784814, 37.852849999818126 ], [ -86.638279000129657, 37.84269000004641 ], [ -86.598194000025885, 37.867163000204343 ], [ -86.588687000016648, 37.921089999732551 ], [ -86.5073409999993, 37.929504999756155 ], [ -86.52171199997963, 38.039616999680661 ], [ -86.43057500027092, 38.075282999959974 ], [ -86.464679999969945, 38.117375000211666 ], [ -86.332817000099965, 38.129565999663143 ], [ -86.32289199961599, 38.151189999684149 ], [ -86.378470999806424, 38.181599000319437 ] ] ] } }
]
}
