{
"type": "FeatureCollection",
"name": "Coast_Guard_Districts",
"crs": { "type": "name", "properties": { "name": "urn:ogc:def:crs:OGC:1.3:CRS84" } },
"features": [
{ "type": "Feature", "properties": { "OBJECTID": 1, "DistrictName": "Northeast", "DistrictId": 1, "Office": "Boston, Massachusetts", "Opfac": "71101", "Atu": "01", "AreaName": "Atlantic Area", "ZONES": "Cotp Zones consist of Boston, Northern New England, Southeastern New England, New York and Long Island Sound", "Emergency_Contact_Number": "", "GlobalID": "7bba86d4-262d-4a17-b0b4-2dab8c90a42b", "SHAPE__Area": 1121317328836.3438, "SHAPE__Length": 5643245.7017852105 }, "geometry": { "type": "Polygon", "coordinates": [ [ [ -69.207426881847695, 47.454031151835203 ], [ -69.0438054156498, 47.427417675884897 ], [ -69.050761670969393, 47.256349202246199 ], [ -68.900848489718896, 47.1779614277985 ], [ -68.617573657294798, 47.243349017260002 ], [ -68.577852125436493, 47.287376976858503 ], [ -68.377715659295305, 47.287305593071402 ], [ -68.368983036705401, 47.3515986291129 ], [ -68.284869091040704, 47.360331250864398 ], [ -68.154688779428398, 47.325091433917898 ], [ -67.956931775303303, 47.198884822087102 ], [ -67.882787770141405, 47.104277451993497 ], [ -67.790202942214606, 47.067229245030603 ], [ -67.781312450594896, 45.943474627823903 ], [ -67.750631681435294, 45.917362423051301 ], [ -67.803969678740899, 45.882798372256403 ], [ -67.755171693219296, 45.823325362713298 ], [ -67.806687023186598, 45.794567197149298 ], [ -67.781583710369702, 45.731154560877698 ], [ -67.818227409248706, 45.693797023212902 ], [ -67.727101067152603, 45.662662590202302 ], [ -67.734677216611999, 45.688966486028001 ], [ -67.709651077162903, 45.681326510201501 ], [ -67.645447429184699, 45.613347214846399 ], [ -67.430845303090194, 45.5839830649806 ], [ -67.416196150561902, 45.501236119087999 ], [ -67.503308729238796, 45.489408916145301 ], [ -67.419150951178196, 45.374970880893002 ], [ -67.489262552878699, 45.281615066056098 ], [ -67.3529908210202, 45.129567507712203 ], [ -67.295883756887093, 45.148912525876902 ], [ -67.283819890169497, 45.191671439882001 ], [ -67.158147872625193, 45.161835737927099 ], [ -66.985430000283202, 44.918229999801802 ], [ -66.985252312621697, 44.830728307010197 ], [ -66.906111952409702, 44.795562150805303 ], [ -67.000276184794302, 44.636173357933899 ], [ -66.999999999556906, 41.870000000133302 ], [ -63.000000000213497, 42.833999999868098 ], [ -63.000000000213497, 40.999989999661601 ], [ -67.323580000177699, 36.887100000092502 ], [ -70.183363466050693, 38.466681733026498 ], [ -73.9782600002479, 40.299890000975502 ], [ -74.508340000430294, 40.299999999963497 ], [ -74.690909655170699, 41.366996371755803 ], [ -74.738064074963603, 41.430929242238498 ], [ -74.891815127704106, 41.439026270723602 ], [ -74.913543645169995, 41.476829154769497 ], [ -74.983656067930696, 41.481296180317202 ], [ -75.074583106204699, 41.605685307768802 ], [ -75.044429034567401, 41.617433989766702 ], [ -75.053291611039597, 41.751939444844602 ], [ -75.104352118588594, 41.775213584078401 ], [ -75.0720036190191, 41.813263901093997 ], [ -75.172785787712598, 41.872291729689202 ], [ -75.259344618797201, 41.863048784939203 ], [ -75.279181057899294, 41.938952238827198 ], [ -75.359578333670399, 41.9994446988932 ], [ -74.650002947211902, 42.000006796282499 ], [ -74.656061295980805, 44.999503721896197 ], [ -71.501694374269903, 45.013394729758403 ], [ -71.499475324414007, 45.069524992314101 ], [ -71.429281224132794, 45.12127826919 ], [ -71.397455933029207, 45.204559404268302 ], [ -71.4433000000801, 45.238250000014602 ], [ -71.384620000257499, 45.233459999960601 ], [ -71.296719999725099, 45.299100000040397 ], [ -71.231379999980504, 45.249370000042198 ], [ -71.147483893975604, 45.239513003795501 ], [ -71.098466997104197, 45.3013789901973 ], [ -71.008999998746305, 45.319190000106701 ], [ -71.010860000067893, 45.347619999913597 ], [ -70.918319999870405, 45.311680000125598 ], [ -70.8955499999186, 45.240279999900999 ], [ -70.838559998843394, 45.234569999955298 ], [ -70.803019998868393, 45.365629999875402 ], [ -70.826229999934597, 45.4002099998402 ], [ -70.798590000163898, 45.426459999757903 ], [ -70.659249999689095, 45.377620000001698 ], [ -70.621759999777396, 45.402689999805098 ], [ -70.716880000098499, 45.486429999875 ], [ -70.687594153776701, 45.569706358968901 ], [ -70.557913529142795, 45.666788368042397 ], [ -70.401047561866406, 45.719493429119503 ], [ -70.416811491322903, 45.795457722090497 ], [ -70.259648091855993, 45.8902197569357 ], [ -70.239898564757596, 45.9439360893114 ], [ -70.316368884010203, 45.963033768251897 ], [ -70.284989351323603, 45.995391932767703 ], [ -70.318123345862404, 46.019067570032199 ], [ -70.278386346811402, 46.0560681890762 ], [ -70.301764552024693, 46.082599178795 ], [ -70.253461493308905, 46.099552838763898 ], [ -70.236150913766494, 46.145297975964503 ], [ -70.292393077249102, 46.191352444295397 ], [ -70.191763290675595, 46.349881654299502 ], [ -70.056686048650405, 46.415235929723302 ], [ -69.997287166631807, 46.695435310025204 ], [ -69.207426881847695, 47.454031151835203 ] ] ] } },
{ "type": "Feature", "properties": { "OBJECTID": 2, "DistrictName": "Southeast", "DistrictId": 7, "Office": "Miami, Florida", "Opfac": "71107", "Atu": "07", "AreaName": "Atlantic Area", "ZONES": "Cotp Zones consist of Miami, Charleston, Jacksonville, San Juan, St. Petersburg, Key West, and Savannah", "Emergency_Contact_Number": "", "GlobalID": "fd367cab-aafa-441f-86a5-3164969cafd8", "SHAPE__Area": 8485268877189.3301, "SHAPE__Length": 17849534.836954214 }, "geometry": { "type": "Polygon", "coordinates": [ [ [ -82.379480308888702, 35.199238349792402 ], [ -81.033229999692594, 35.148679999972003 ], [ -81.041489999746901, 35.044699999819002 ], [ -80.934950000188095, 35.107410000104203 ], [ -80.782049998771399, 34.935780000293903 ], [ -80.7975499996042, 34.819790000210297 ], [ -79.675299999988198, 34.804740000211901 ], [ -78.552559999927496, 33.859260000128799 ], [ -78.398209999962901, 33.762789998980502 ], [ -73.014489999725399, 30.9059300011515 ], [ -69.316670000131296, 28.999999999848299 ], [ -42.999999999903302, 11.999999999919901 ], [ -48.000000000205397, 10.086000000296 ], [ -56.9999999998509, 9.333330000193451 ], [ -60.784259998688903, 9.333330000193451 ], [ -60.853609999708397, 9.444439998886519 ], [ -60.987569999828203, 9.55180000039117 ], [ -61.255979999614198, 9.588890000065691 ], [ -61.407229999771502, 9.70472000127717 ], [ -61.480560000132002, 9.82361000024488 ], [ -61.619869999571399, 9.905279999774709 ], [ -61.648060000061299, 9.89735999871222 ], [ -61.574579999912999, 9.80069000008905 ], [ -61.597709998816597, 9.78277999964779 ], [ -61.771949999932097, 9.830280000321739 ], [ -61.800920001294998, 9.812279999905771 ], [ -61.733320000195697, 9.69875000043492 ], [ -61.735840000044803, 9.600940000382939 ], [ -61.811670000162898, 9.757890000068549 ], [ -61.962229999858998, 9.91193999982117 ], [ -62.075559999934399, 9.986390000218959 ], [ -62.209239998773398, 10.0110399987294 ], [ -62.231750000230903, 9.96471999983795 ], [ -62.201530000336597, 9.938329999816981 ], [ -62.1319500000617, 9.93777999992427 ], [ -62.027439999907202, 9.86642000026246 ], [ -62.133499999965302, 9.826440000296341 ], [ -62.130000000125001, 9.75210999980095 ], [ -62.196109999798502, 9.6416699996911 ], [ -62.165340000083397, 9.71528000011334 ], [ -62.205699999648402, 9.914029999983351 ], [ -62.250489998816299, 9.9670100001282 ], [ -62.236810000020498, 9.85499999982537 ], [ -62.277229999859998, 9.747500001253981 ], [ -62.322640000067302, 9.7120799986902 ], [ -62.315170000033397, 9.752849999597551 ], [ -62.488879999622903, 10.1530600000955 ], [ -62.5352799998672, 10.2022199999198 ], [ -62.6094599996242, 10.2239600010621 ], [ -62.615759999696103, 10.093179999794501 ], [ -62.805279999739803, 10.0086100002236 ], [ -62.910559999823199, 10.076939999734901 ], [ -62.983860000046398, 10.0689200003696 ], [ -63.0159799996487, 10.095690000088201 ], [ -62.956950000021699, 10.1043000001306 ], [ -62.829180000369, 10.053609999014601 ], [ -62.669310000307199, 10.074999999865501 ], [ -62.630630000342101, 10.107150000080701 ], [ -62.6855600000791, 10.3102799997946 ], [ -62.7363899990278, 10.3738199998537 ], [ -62.844979999879101, 10.3957099999154 ], [ -62.838610000385302, 10.5116600000432 ], [ -62.911179999964297, 10.515619998729401 ], [ -63.004239999845502, 10.452980000011999 ], [ -62.912299999697602, 10.5287499998319 ], [ -62.649729999675898, 10.568189999917299 ], [ -62.331110000183997, 10.5316600012741 ], [ -62.249169999964799, 10.6270099988431 ], [ -61.953060000133597, 10.6488900000253 ], [ -61.883340000116597, 10.6947200000174 ], [ -61.879590000031101, 10.7283400002486 ], [ -62.192500000353299, 10.694169999662501 ], [ -62.697499999000399, 10.7477799997556 ], [ -62.906669999995501, 10.695829999702999 ], [ -63.172220000173802, 10.7197199996107 ], [ -63.253059998954498, 10.6783299996343 ], [ -63.534449998825899, 10.627080000184 ], [ -63.8427799988592, 10.645829999638799 ], [ -64.146809999884397, 10.6179199988307 ], [ -64.264589998755795, 10.657779999881001 ], [ -64.299589999853893, 10.6265300003157 ], [ -64.235690000408098, 10.5143700003525 ], [ -64.148670000307703, 10.5699999995858 ], [ -63.966390000144202, 10.5784700000181 ], [ -63.697499999959199, 10.485549999559099 ], [ -63.809450000010301, 10.4422199999557 ], [ -64.182050000283596, 10.456550000160799 ], [ -64.368060000441204, 10.384160000169199 ], [ -64.395839999954006, 10.337219999973501 ], [ -64.378549999916402, 10.301110000349199 ], [ -64.482510000250002, 10.2380500004219 ], [ -64.625969998909696, 10.246670001249401 ], [ -64.764459999988006, 10.0972200013186 ], [ -65.081389998936004, 10.0605599998673 ], [ -65.814449999646399, 10.2283300012892 ], [ -65.935740000200497, 10.298299999652899 ], [ -65.958619998858893, 10.3566700000514 ], [ -66.1197300001012, 10.500000000058 ], [ -66.081680001221301, 10.576669998770599 ], [ -66.2298699999577, 10.640549999794899 ], [ -66.343000000016602, 10.604719998888701 ], [ -66.470569999652795, 10.629180001163 ], [ -67.002229999876107, 10.6102799997887 ], [ -67.867980000286806, 10.4648699997674 ], [ -68.165149999576798, 10.4988899995965 ], [ -68.253620000021598, 10.5888899999147 ], [ -68.328060000069698, 10.767510000387 ], [ -68.325289999975297, 10.843610001288001 ], [ -68.242510000405304, 10.8743699998588 ], [ -68.418329999765106, 11.179999999887 ], [ -68.843679999684994, 11.447079999831599 ], [ -69.274870000267498, 11.533960000131801 ], [ -69.360209999869596, 11.493330000306001 ], [ -69.506960000103902, 11.506939999768599 ], [ -69.631809999874505, 11.467639998895599 ], [ -69.757780000276597, 11.661379999749 ], [ -69.859450000016594, 12.071940000269301 ], [ -69.934720001166298, 12.169719999991001 ], [ -70.014309999619101, 12.1974999998636 ], [ -70.187500000423199, 12.107780000384601 ], [ -70.286670000405493, 11.920290000046201 ], [ -70.235980000300501, 11.6288899996343 ], [ -70.180010000297798, 11.6036099999725 ], [ -69.816539998668603, 11.6909700001854 ], [ -69.742399999992799, 11.4992000000987 ], [ -69.801390001233401, 11.427219998740799 ], [ -69.874030000234299, 11.426530000035999 ], [ -69.987649998941293, 11.514720000138301 ], [ -70.047790000052402, 11.5177800000333 ], [ -70.034870000241497, 11.441320000237299 ], [ -70.508479999930699, 11.248189998832601 ], [ -70.825559998666506, 11.2113900002816 ], [ -71.281110000185805, 10.9891699999654 ], [ -71.492860001304393, 10.961039999897601 ], [ -71.451679999785, 10.9163899999058 ], [ -71.446670000224103, 10.7955600004142 ], [ -71.526400000215602, 10.7269399999062 ], [ -71.593150000121696, 10.725450000082899 ], [ -71.661809999781497, 10.777500000041901 ], [ -71.763620000161893, 11.0137500003685 ], [ -71.740830000118507, 11.034170000286201 ], [ -71.932779998701307, 11.3630500003527 ], [ -71.966399999775007, 11.5063899998043 ], [ -71.954170000425407, 11.5947199987055 ], [ -71.378619998863002, 11.7533300000203 ], [ -71.282500000255794, 11.9186099998873 ], [ -71.131260000144195, 12.017360000324199 ], [ -71.110840000162099, 12.0755500002905 ], [ -71.220840000276596, 12.3020799999095 ], [ -71.275699999693401, 12.346110000062801 ], [ -71.528629999636394, 12.446110000339299 ], [ -71.661540000343095, 12.463890000048499 ], [ -71.736530000212099, 12.4141699987766 ], [ -71.631389999870706, 12.4215999998559 ], [ -71.809719999932199, 12.313330000065401 ], [ -71.864239998692, 12.210760000066401 ], [ -71.933219999815606, 12.1657600003008 ], [ -71.986049999828097, 12.1570800001828 ], [ -72.011820000028095, 12.192640000161299 ], [ -71.964760001256394, 12.2519699999206 ], [ -72.157919999984102, 12.2411099989029 ], [ -72.138720000192805, 12.1063900002886 ], [ -72.258609998834501, 11.889169999884 ], [ -72.416250001272005, 11.7977800000551 ], [ -72.517649999776907, 11.787500000085499 ], [ -72.768760000377895, 11.687779999980901 ], [ -73.284450000313399, 11.2955600001156 ], [ -73.790839999928806, 11.265690001216701 ], [ -74.012790000094398, 11.355279999641599 ], [ -74.155010000268504, 11.3313899998378 ], [ -74.236949998691003, 11.2349999988189 ], [ -74.229870001339407, 11.1186099988991 ], [ -74.395000000309096, 10.7421499998106 ], [ -74.4577800000217, 10.742499999879399 ], [ -74.519179999709905, 10.8127899997973 ], [ -74.593310000136498, 10.783299999980001 ], [ -74.591740000141399, 10.8776399996148 ], [ -74.465290000238497, 10.9713200003756 ], [ -74.327220000183104, 10.9748600003582 ], [ -74.292230000029093, 10.999029998723801 ], [ -74.505000000423607, 10.9933300001357 ], [ -74.860810000251504, 11.1254900000707 ], [ -75.023060000420301, 10.9665300012865 ], [ -75.0394399998886, 10.90582000004 ], [ -75.264140000056997, 10.798989999816699 ], [ -75.268189999718203, 10.7530499998665 ], [ -75.235629999899999, 10.762009998696801 ], [ -75.226609999962406, 10.7291700000077 ], [ -75.408890001024304, 10.658610001107601 ], [ -75.504039998787604, 10.550139998903701 ], [ -75.485290000156397, 10.4466599999288 ], [ -75.547069999786302, 10.417899999683801 ], [ -75.534030000324705, 10.182360001185801 ], [ -75.571670000024199, 10.1344399999768 ], [ -75.660840000077798, 9.760279999859881 ], [ -75.585280000296393, 9.606390000085851 ], [ -75.634320000040404, 9.448189999959601 ], [ -75.687919999981801, 9.41139000028042 ], [ -75.816050000383001, 9.438609999943919 ], [ -75.918619999748202, 9.422219998671579 ], [ -76.089740000066698, 9.33583000008201 ], [ -76.172640001083906, 9.23583000111355 ], [ -76.264180000300399, 8.995279999978591 ], [ -76.317509999905099, 8.93861000132711 ], [ -76.426760000182099, 8.90639000037045 ], [ -76.673889999645397, 8.67660000011429 ], [ -76.884730000194693, 8.62221999974104 ], [ -76.928340000253101, 8.56832999982459 ], [ -76.928199998714405, 8.537210000100989 ], [ -76.821819998989199, 8.48222000000329 ], [ -76.7738299986584, 8.411249999933659 ], [ -76.731950000225197, 8.039169999557499 ], [ -76.7579200004417, 7.91917000036573 ], [ -76.871950000125906, 7.90943999882643 ], [ -76.923889999660503, 7.93604000023201 ], [ -76.916750000237798, 8.03152999967349 ], [ -76.836679998691096, 8.026459999772969 ], [ -76.834110001308204, 8.129099999668529 ], [ -76.887789999819006, 8.121669998791759 ], [ -76.9486199986965, 8.15917000112559 ], [ -76.968600000259102, 8.23833000012432 ], [ -77.2846599988207, 8.51652999978381 ], [ -77.346949999885098, 8.662220000170629 ], [ -77.510830001221805, 8.686110000090631 ], [ -77.542790000092097, 8.76361000131952 ], [ -77.702640000062402, 8.87666999979677 ], [ -77.805150000051498, 9.047639999918291 ], [ -78.034390000325899, 9.228820000412339 ], [ -78.366670000318805, 9.335280000297651 ], [ -78.552089998675896, 9.42833000025713 ], [ -79.054519999940197, 9.42903000037508 ], [ -79.065909999938896, 9.49332999871163 ], [ -78.959429999756296, 9.54336000107187 ], [ -79.463060000221503, 9.56805000118008 ], [ -79.534449999792699, 9.620139999713039 ], [ -79.625840000119695, 9.594170000205009 ], [ -79.744440000047106, 9.43527999961066 ], [ -79.967639998744005, 9.353069999877439 ], [ -80.117509999775393, 9.20693999977302 ], [ -80.535839999923198, 9.085829998769031 ], [ -80.751940001177005, 8.971669999654329 ], [ -80.837089999909907, 8.87840000116382 ], [ -81.153059998958199, 8.787499999659151 ], [ -81.507289999643604, 8.793119998721309 ], [ -81.886329998832494, 9.17360999991139 ], [ -81.913890000033902, 9.112499999949989 ], [ -81.788070001216198, 9.003329999704791 ], [ -81.816389998707507, 8.945280000143709 ], [ -82.060289999565597, 8.93082999972369 ], [ -82.242779999791395, 9.002360000140619 ], [ -82.381670000004505, 9.285830000215849 ], [ -82.363620000083699, 9.40722000032196 ], [ -82.610280000092104, 9.603690000177879 ], [ -82.763130000381807, 9.65264000024435 ], [ -83.025290001222899, 10.002789999913899 ], [ -83.104859999584207, 10.009719999701 ], [ -83.410839999647706, 10.396940000352201 ], [ -83.505830000272496, 10.569299999779 ], [ -83.622090000275804, 10.90582000004 ], [ -83.717219999744401, 10.9430600012521 ], [ -83.811950000078099, 11.080549999875799 ], [ -83.871399999829606, 11.314169998880899 ], [ -83.857789998659101, 11.392500000189299 ], [ -83.758679999849605, 11.554439999783799 ], [ -83.6534399999491, 11.6028099999949 ], [ -83.697989998917507, 11.842150000203301 ], [ -83.728059999922195, 11.8611100002116 ], [ -83.7423299987219, 11.8070799987985 ], [ -83.775840000190797, 11.802640000180901 ], [ -83.828090000245197, 11.875830000231201 ], [ -83.764509999568205, 11.931869999978399 ], [ -83.722509999687801, 12.0680499998071 ], [ -83.676959999738401, 12.050549999922399 ], [ -83.669719998960005, 12.2783400000502 ], [ -83.735839999577493, 12.4811100001344 ], [ -83.696259999987106, 12.5527799996864 ], [ -83.591400000028301, 12.624720001189299 ], [ -83.594180000168393, 12.685420000029801 ], [ -83.645709999624202, 12.750210000012 ], [ -83.644040000070007, 12.79701000004 ], [ -83.602919999723397, 12.8181900001134 ], [ -83.5370900004324, 12.7706899998194 ], [ -83.5618100012192, 12.5851399996528 ], [ -83.6241399997716, 12.556690000257801 ], [ -83.632710000345696, 12.4795800003363 ], [ -83.571119999788394, 12.390000000414201 ], [ -83.495069999562205, 12.3909400001624 ], [ -83.4784900000774, 12.423889999716399 ], [ -83.539450001346196, 12.6017999997432 ], [ -83.501949999592298, 12.9034700002377 ], [ -83.5649999996415, 13.276109999868 ], [ -83.493889998656201, 13.7266599999165 ], [ -83.426120001270803, 13.9676400001935 ], [ -83.257780000194103, 14.178609999860001 ], [ -83.186949998692896, 14.323890000151099 ], [ -83.278060001332307, 14.6466699997122 ], [ -83.324999998656807, 14.741810001150199 ], [ -83.373890000409602, 14.7469399996977 ], [ -83.419109999747803, 14.809429999856301 ], [ -83.349460000050996, 14.901110001283 ], [ -83.131849999974804, 14.9929799996815 ], [ -83.282649999870401, 15.0656899999223 ], [ -83.393480000188305, 15.256390000188899 ], [ -83.6166799997835, 15.3472500004038 ], [ -83.5072200003425, 15.2805500000474 ], [ -83.496950000077007, 15.2030500000233 ], [ -83.570420000179595, 15.1581199999231 ], [ -83.623470000300102, 15.189230000158 ], [ -83.589729998677498, 15.232709999791499 ], [ -83.546880000298898, 15.1983999987863 ], [ -83.531399998659296, 15.268889998719899 ], [ -83.628740000152106, 15.267889999740801 ], [ -83.758350000136701, 15.1966700000084 ], [ -83.771120000159797, 15.280210000032 ], [ -83.963899999844202, 15.407640000240001 ], [ -84.027709999776604, 15.400909999580501 ], [ -83.983119998828698, 15.3472900000541 ], [ -83.830070000319097, 15.270969999602499 ], [ -83.911330000122703, 15.239509999893199 ], [ -84.074459998926997, 15.349170000093901 ], [ -84.209519998688606, 15.545660000262201 ], [ -84.010839999863606, 15.535690000330799 ], [ -83.855560000136506, 15.4600000011531 ], [ -84.260150000315804, 15.8259699996329 ], [ -84.525559999853598, 15.8461100000206 ], [ -84.441119999876804, 15.825830000023201 ], [ -84.511110000230602, 15.7824999998916 ], [ -84.599169999698304, 15.7755600012107 ], [ -84.677640000214396, 15.876959998732801 ], [ -84.996960000213406, 15.991279999783 ], [ -85.177230000165807, 15.908890000428 ], [ -85.496119999994505, 15.889030001027299 ], [ -85.764309999672506, 15.996669999906199 ], [ -86.011599999867698, 16.021619999780999 ], [ -85.906879999650897, 15.992080001282799 ], [ -85.910150000235802, 15.9558299997744 ], [ -85.991389999947899, 15.8983300000817 ], [ -86.186460000226006, 15.8806199995984 ], [ -86.271540001333705, 15.8112500000098 ], [ -86.403470001150794, 15.7675700003304 ], [ -86.488340000399603, 15.801109999925499 ], [ -86.938899999754497, 15.756390000073001 ], [ -87.313340000359602, 15.836110001245601 ], [ -87.474449999805302, 15.784440000079901 ], [ -87.707779999924, 15.9212800003958 ], [ -87.916400000199801, 15.864719999870299 ], [ -88.136950000249598, 15.6828499997691 ], [ -88.551389998773104, 15.9408299996613 ], [ -88.576680000370601, 15.916389999827601 ], [ -88.495839999793304, 15.849510000254501 ], [ -88.618060000109907, 15.698540001101 ], [ -88.747920000339704, 15.8372199999425 ], [ -88.888999999790698, 15.8760299998861 ], [ -88.925359999923302, 15.9633000010557 ], [ -88.726819999942094, 16.231659999963899 ], [ -88.650850000081903, 16.279719998753801 ], [ -88.530009999789598, 16.298049999875701 ], [ -88.387920001108498, 16.4904200000286 ], [ -88.394180000099098, 16.541660000071399 ], [ -88.347230000033903, 16.6027800000175 ], [ -88.361299999715399, 16.501770000429801 ], [ -88.302720001248503, 16.643609999873998 ], [ -88.278199999579897, 16.889440000321802 ], [ -88.213340000234396, 16.962079998823 ], [ -88.234869999904006, 17.064790001270001 ], [ -88.289140000215198, 17.122499999654998 ], [ -88.294729999734301, 17.276799999898198 ], [ -88.248900000300793, 17.4652700001912 ], [ -88.168780000321902, 17.499109999652202 ], [ -88.278409998743896, 17.580830000249001 ], [ -88.282500000384701, 17.623890000339902 ], [ -88.2258499999664, 17.715829998908099 ], [ -88.202439998883705, 17.887080001271499 ], [ -88.087359999786401, 18.1223600000171 ], [ -88.077800000073793, 18.215549998871801 ], [ -88.097500000355595, 18.373260000095001 ], [ -88.315559999795198, 18.364179999641198 ], [ -88.313340001318394, 18.424440000055899 ], [ -88.1694499997934, 18.677219999594399 ], [ -88.217789999928698, 18.700000000059699 ], [ -88.039730000204003, 18.868189999952701 ], [ -88.002519998878199, 18.7844399997824 ], [ -88.002709999747395, 18.675900000337499 ], [ -88.073330000287896, 18.4936099990136 ], [ -87.925569999925202, 18.420280000195799 ], [ -87.847500000340403, 18.190829998937499 ], [ -87.828060000349595, 18.310830000004302 ], [ -87.762369999902404, 18.408609999966 ], [ -87.729800000038296, 18.6642999987724 ], [ -87.654319999724606, 18.759860000334101 ], [ -87.596049999980906, 19.050340000025901 ], [ -87.488619999944206, 19.291389999651098 ], [ -87.500270000233996, 19.325069998876899 ], [ -87.547370000087, 19.318889999725599 ], [ -87.635079999750303, 19.214789999912501 ], [ -87.687780000066496, 19.250139999672399 ], [ -87.676949999934394, 19.314989999594399 ], [ -87.628759999587004, 19.396869998833601 ], [ -87.541110000198103, 19.432149999890001 ], [ -87.563059999992305, 19.3944400001117 ], [ -87.5272299986908, 19.4029099998756 ], [ -87.471259999586394, 19.442219999867302 ], [ -87.412209999867997, 19.5816700000724 ], [ -87.424100001255596, 19.604369999783 ], [ -87.526669998824204, 19.5847199996809 ], [ -87.657720000005796, 19.5055499998928 ], [ -87.733410001280106, 19.599860000161101 ], [ -87.736599999702406, 19.677570000099799 ], [ -87.660560000420404, 19.678890000101799 ], [ -87.580970000171007, 19.799590000003899 ], [ -87.510579998885802, 19.827069999973698 ], [ -87.475839999875404, 19.870550000003 ], [ -87.481810000234404, 19.950729999849301 ], [ -87.449479998773199, 19.9264400002677 ], [ -87.469060000302804, 19.849020000345199 ], [ -87.444809999869193, 19.900190001103301 ], [ -87.472230001328498, 20.085969998780701 ], [ -87.425559999849199, 20.222780000015799 ], [ -87.226389999681203, 20.5038800000621 ], [ -87.069459998694697, 20.613050000018401 ], [ -86.913080000224099, 20.8019399996993 ], [ -86.774980000031505, 21.152799999876599 ], [ -86.8111900003762, 21.180209999716901 ], [ -86.812849999884705, 21.418459998796202 ], [ -86.908160000176593, 21.467100001227099 ], [ -87.004139999939895, 21.573600000007598 ], [ -87.097629999991497, 21.6067100002637 ], [ -84.076111111402398, 29.385833333119699 ], [ -84.0758333325536, 30.250000000006501 ], [ -84.749999999731102, 30.250000000006501 ], [ -84.750130000325697, 30.766269998886699 ], [ -84.660859999814704, 30.7880099998292 ], [ -84.6550500001876, 30.848310000250901 ], [ -84.619090000088093, 30.862539998843801 ], [ -84.545670000214301, 30.939030000037 ], [ -84.551429998714397, 30.992939999767898 ], [ -84.517309999845097, 31.008659999917199 ], [ -84.482200000040507, 31.156929999744499 ], [ -84.413310001125197, 31.187990000215301 ], [ -84.340359999807902, 31.305320000277199 ], [ -84.200359999907306, 31.3556599997519 ], [ -84.151750000333607, 31.41584000105 ], [ -84.142880000183993, 31.595320000011601 ], [ -84.063310000025993, 31.606769999994501 ], [ -84.015810000139894, 31.6515299997052 ], [ -84.032570000448104, 31.715650000159801 ], [ -83.985770000170703, 31.766799999658399 ], [ -84.008449998812594, 31.801170001077502 ], [ -83.947110000297101, 31.848220000134901 ], [ -83.933730000178699, 31.835990000222299 ], [ -83.890869999957701, 31.839060000128701 ], [ -83.937339999623902, 31.847089998944298 ], [ -83.9241999988066, 31.905389999857299 ], [ -83.890700000078397, 31.9098400001828 ], [ -83.921590000342405, 31.912010000047999 ], [ -83.923140000246093, 31.949499999794 ], [ -83.893209999881705, 31.9422599999805 ], [ -83.921610000433901, 31.956059999738201 ], [ -83.896369999963397, 31.961099999940298 ], [ -83.9299600000016, 31.958819999702602 ], [ -83.950640000274703, 32.038020000008203 ], [ -83.979460000053095, 32.044289999854101 ], [ -83.974269999668806, 32.092569999785503 ], [ -84.043439999864901, 32.179649999701098 ], [ -84.031219999662696, 32.329119999796298 ], [ -85.190279999672995, 32.880559999736398 ], [ -85.611349998879604, 34.992280000113396 ], [ -83.108530001100405, 35.0007700001402 ], [ -82.784839999976398, 35.085699999801697 ], [ -82.7566400012374, 35.0673100003279 ], [ -82.681430000362099, 35.127899999741203 ], [ -82.379480308888702, 35.199238349792402 ] ] ] } },
{ "type": "Feature", "properties": { "OBJECTID": 3, "DistrictName": "Oceania", "DistrictId": 14, "Office": "Honolulu, Hawaii", "Opfac": "71114", "Atu": "14", "AreaName": "Pacific Area", "ZONES": "Cotp Zones consist of Honolulu and Guam", "Emergency_Contact_Number": "", "GlobalID": "8e3b787e-e3b1-41da-9a5f-7e7a69d98ded", "SHAPE__Area": 49935955452817.875, "SHAPE__Length": 49780992.301291414 }, "geometry": { "type": "MultiPolygon", "coordinates": [ [ [ [ -179.999988541186013, -5.00000000022737 ], [ -179.999988541186013, 39.999999999978201 ], [ -149.999999993790993, 40.000000004795197 ], [ -110.000000008891007, -4.99999999083095 ], [ -179.999988541186013, -5.00000000022737 ] ] ], [ [ [ 165.433660000292008, -5.00904999892135 ], [ 159.999999999786013, -4.97548999979962 ], [ 159.995010000316995, 0.004689999888752 ], [ 140.997289999716997, 0.000539998877097 ], [ 140.996909998876987, 3.48797000010133 ], [ 131.953789999616987, 3.48592999975293 ], [ 132.012719999685004, 5.98745000001377 ], [ 129.985160000159993, 5.98745000001377 ], [ 129.993030000227009, 16.989800000270701 ], [ 142.213240000344996, 16.993959999760101 ], [ 142.301099998897996, 17.348550000012001 ], [ 142.15382999987699, 18.347290000026401 ], [ 141.715180000206004, 19.063759999927601 ], [ 141.488899999996988, 19.6057199999936 ], [ 141.357089999830009, 20.2423799997758 ], [ 141.348330000183012, 20.880829999663799 ], [ 143.083889998915993, 22.303599999876699 ], [ 145.096100000091013, 23.893059999955799 ], [ 145.751690000368001, 23.793919999920401 ], [ 146.174660000181007, 23.6718799999522 ], [ 146.605239998871014, 23.488429998804399 ], [ 147.178750000086012, 23.127849998965701 ], [ 147.523660001258008, 22.822490000075099 ], [ 147.76346000132699, 22.552440000068898 ], [ 148.017180000393012, 22.1842700000797 ], [ 148.339499998842996, 21.667419999794799 ], [ 148.684179999860987, 20.9800900003838 ], [ 148.83715999895, 20.548549999727499 ], [ 148.923919998758009, 20.1349399997247 ], [ 149.073939999577988, 19.741180001202402 ], [ 149.284469998709, 18.633969998732201 ], [ 149.344540000398013, 17.674479999881299 ], [ 149.340699999901005, 17.198690000087701 ], [ 149.404170000074998, 16.994839999686199 ], [ 157.999999999665988, 16.997080000226202 ], [ 157.999999999665988, 50.999999999773003 ], [ 165.000000000088988, 42.999999999044199 ], [ 165.000000000088988, 39.999999999978201 ], [ 179.999988541187008, 39.999999999978201 ], [ 179.999988541187008, -5.00000000738636 ], [ 165.433660000292008, -5.00904999892135 ] ] ] ] } },
{ "type": "Feature", "properties": { "OBJECTID": 4, "DistrictName": "East", "DistrictId": 5, "Office": "Portsmouth, Virginia", "Opfac": "71105", "Atu": "05", "AreaName": "Atlantic Area", "ZONES": "Cotp Zones consist of Delaware Bay, Hampton Roads, Baltimore, and North Carolina", "Emergency_Contact_Number": "", "GlobalID": "edb89314-362a-4c76-bf5f-bd756913bd5f", "SHAPE__Area": 1384103759428.1035, "SHAPE__Length": 7108815.3842410166 }, "geometry": { "type": "Polygon", "coordinates": [ [ [ -73.0074399998161, 30.9023000003506 ], [ -78.398209999962901, 33.762789998980502 ], [ -78.552559999927396, 33.859260000128899 ], [ -79.675299999988198, 34.804740000211901 ], [ -80.7975499996042, 34.819790000210297 ], [ -80.782049998771299, 34.935780000293903 ], [ -80.934950000187996, 35.107410000104203 ], [ -81.041489999746801, 35.044699999819002 ], [ -81.033229999692594, 35.148679999972003 ], [ -82.282520000113607, 35.199859999875301 ], [ -82.372069995617196, 35.180350005155702 ], [ -82.392940000352596, 35.215390000255901 ], [ -82.4401199996733, 35.165690000062902 ], [ -82.681430000361999, 35.127899999741302 ], [ -82.756640001237301, 35.0673100003279 ], [ -82.784839999976398, 35.085699999801697 ], [ -83.108530001100405, 35.000770000140299 ], [ -84.321879999716799, 34.988420000365899 ], [ -84.290239998716999, 35.225570000344902 ], [ -84.223729999908699, 35.269069999874397 ], [ -84.127119999958495, 35.240989999946997 ], [ -84.046510000433202, 35.2741899989921 ], [ -84.007420001287599, 35.371630000257099 ], [ -84.023310000311, 35.411479999033098 ], [ -83.8800699999627, 35.518749999725401 ], [ -83.771740000300795, 35.5621200003552 ], [ -83.498340000146996, 35.562990000078202 ], [ -83.351559998877093, 35.659859999696202 ], [ -83.298680000432498, 35.657009999916397 ], [ -83.251239999922603, 35.7199100001978 ], [ -83.159210000261297, 35.764889999699299 ], [ -82.984159999932203, 35.777930000117699 ], [ -82.896240000206603, 35.879130000093397 ], [ -82.920380000137001, 35.927230000174298 ], [ -82.874169999863497, 35.952699999929003 ], [ -82.804999999667402, 35.927160000289099 ], [ -82.775870000267602, 36.0008100002361 ], [ -82.637170000025307, 36.065809999038201 ], [ -82.5906600001762, 36.032010000290498 ], [ -82.610890000187396, 35.967409999978699 ], [ -82.557880000249796, 35.953900000059399 ], [ -82.355160000012802, 36.115610000287901 ], [ -82.213850000408002, 36.159109999805302 ], [ -82.147949999000105, 36.149519999891503 ], [ -82.130249999781995, 36.104520000080598 ], [ -82.034459999989394, 36.120949999934702 ], [ -81.855000000149005, 36.337239999741101 ], [ -81.793089999924504, 36.3624599989218 ], [ -81.707439999802702, 36.335170000080801 ], [ -81.741710000256504, 36.412389999776103 ], [ -81.695310000012199, 36.467909999901003 ], [ -81.708059999943799, 36.535770000304701 ], [ -81.646919999648304, 36.6119199998016 ], [ -83.675270000092596, 36.600930000204997 ], [ -83.648289999747703, 36.622419999859503 ], [ -83.135430000181103, 36.7427399997149 ], [ -83.072539999965301, 36.854509999727 ], [ -82.878570000227398, 36.889589999947802 ], [ -82.8669900002578, 36.978060001043602 ], [ -82.722450000251101, 37.045219999903402 ], [ -82.721230000060501, 37.120839999963799 ], [ -82.351300000322297, 37.267029999803903 ], [ -81.968300000087197, 37.537800000088197 ], [ -81.926809999844806, 37.5129799998384 ], [ -81.995899998776594, 37.474729999693999 ], [ -81.936120000210494, 37.438649999909103 ], [ -81.928359999748395, 37.360490000281999 ], [ -81.853499999575803, 37.2877400002209 ], [ -81.758940000019706, 37.275949999738501 ], [ -81.676500000208193, 37.201560000241102 ], [ -81.554700000016197, 37.207840000104198 ], [ -81.499259999742904, 37.257360000281899 ], [ -81.416880000206007, 37.273209999714403 ], [ -81.363809999994004, 37.337910000021097 ], [ -81.225840000396005, 37.235380000310002 ], [ -80.8991399989781, 37.315690000087201 ], [ -80.849479999991303, 37.346939999764601 ], [ -80.883039998993993, 37.384180000027698 ], [ -80.859809999633001, 37.429359999944197 ], [ -80.770099999804302, 37.372380000323901 ], [ -80.511390000371307, 37.481649999965398 ], [ -80.464840001237505, 37.426130000270902 ], [ -80.299789999938895, 37.508289999799899 ], [ -80.282449998774197, 37.533430000223802 ], [ -80.330310000307094, 37.536239999751601 ], [ -80.328399999655005, 37.564249999 ], [ -80.221470000108894, 37.627899999916302 ], [ -80.2960199988635, 37.692590000350101 ], [ -80.162210001226399, 37.875089999932896 ], [ -79.999620001299107, 37.994900000241003 ], [ -79.926399998746803, 38.1069299997068 ], [ -79.945210001245698, 38.132250000309902 ], [ -79.920119999664706, 38.182400000120403 ], [ -79.789149999747295, 38.268539999905698 ], [ -79.810080001163897, 38.306700000018601 ], [ -79.726109999743798, 38.3632899997869 ], [ -79.649190000029606, 38.591130000309803 ], [ -79.537589999782895, 38.551359999769502 ], [ -79.476359999973894, 38.4572100008671 ], [ -79.283229998688498, 38.418049999974002 ], [ -79.210579999641894, 38.492940000277301 ], [ -79.130150000041695, 38.654309999966301 ], [ -79.0928300000094, 38.660129999803999 ], [ -79.055170000218396, 38.7850899997932 ], [ -78.999400000232299, 38.846270000230803 ], [ -78.868970000090002, 38.763119998960299 ], [ -78.786019999742393, 38.887120000032702 ], [ -78.717210000294799, 38.935609999848502 ], [ -78.719419998725797, 38.9053400001103 ], [ -78.697489999921402, 38.914650000076797 ], [ -78.627680000391095, 38.981760000315099 ], [ -78.601649999900104, 38.964519999971898 ], [ -78.550460000202904, 39.017989999858898 ], [ -78.571890001211699, 39.031909999699799 ], [ -78.403849999710602, 39.167439999954503 ], [ -78.438639999848107, 39.1979799997371 ], [ -78.339229999666301, 39.348610000031002 ], [ -78.366610000044304, 39.359410000184297 ], [ -78.347060001346904, 39.465950000127698 ], [ -77.823870000341998, 39.137130000239601 ], [ -77.719750000174898, 39.325289999834801 ], [ -77.7576800003025, 39.340519999704199 ], [ -77.751620001328504, 39.423979999905697 ], [ -77.801529999662193, 39.440459999875301 ], [ -77.765819999808002, 39.498329999773198 ], [ -77.8658400000852, 39.519800000245901 ], [ -77.885720000292096, 39.557560000294302 ], [ -77.834620000108202, 39.573089999927603 ], [ -77.839419999606903, 39.606910000198802 ], [ -77.890980000098295, 39.600480000170101 ], [ -77.938789999605703, 39.621559999877299 ], [ -77.941050000062106, 39.587230000105897 ], [ -78.003580001326, 39.601370000212903 ], [ -78.074390000040793, 39.666250000230498 ], [ -78.169240000025098, 39.697149999852499 ], [ -78.230000000379107, 39.6750500000323 ], [ -78.267379999787494, 39.618730000074699 ], [ -78.355100000394899, 39.6416099999566 ], [ -78.375130000389703, 39.609270000341198 ], [ -78.430609999049295, 39.623280000073898 ], [ -78.394999999652399, 39.583759999746803 ], [ -78.455869999611295, 39.588220000927699 ], [ -78.417819999833, 39.5482399997451 ], [ -78.459039998840396, 39.552009999034901 ], [ -78.470170001243105, 39.518469999854503 ], [ -78.680260000158299, 39.544220000187799 ], [ -78.764619999769195, 39.587089999946102 ], [ -78.7322099997387, 39.617150000173702 ], [ -78.775940000346097, 39.624880000302397 ], [ -78.769650000319899, 39.648990001006702 ], [ -78.826289998895803, 39.586680000075802 ], [ -78.814719999870306, 39.563909999799797 ], [ -78.845840001186403, 39.565149999987597 ], [ -78.956180000161197, 39.440670000061203 ], [ -79.100449999831099, 39.476989999954299 ], [ -79.161699999731496, 39.388239999737699 ], [ -79.487149999923105, 39.2066699996778 ], [ -79.477420000331094, 39.721609999694103 ], [ -79.0000399986682, 39.722750000156502 ], [ -79.000000001180197, 40.999989999661601 ], [ -78.915987300139705, 41.0000075278247 ], [ -78.916672974314594, 41.999000000156698 ], [ -75.341942372653904, 41.993312439138499 ], [ -75.279181057899294, 41.938952238827099 ], [ -75.259344618797201, 41.863048784939203 ], [ -75.172785787712598, 41.872291729689202 ], [ -75.0720036190191, 41.813263901094103 ], [ -75.104352118588594, 41.775213584078401 ], [ -75.053291611039597, 41.751939444844602 ], [ -75.044429034567401, 41.617433989766702 ], [ -75.074583106204699, 41.605685307768802 ], [ -74.983656067930696, 41.481296180317202 ], [ -74.913543645169995, 41.476829154769497 ], [ -74.891815127704007, 41.439026270723602 ], [ -74.738064074963603, 41.430929242238498 ], [ -74.6909096551706, 41.366996371755803 ], [ -74.508340000430294, 40.299999999963497 ], [ -73.978260000248, 40.299890000975402 ], [ -70.183363466050693, 38.466681733026498 ], [ -67.323580000177699, 36.887100000092602 ], [ -73.0074399998161, 30.9023000003506 ] ], [ [ -77.881040001342299, 39.604270000089997 ], [ -77.8810160297989, 39.604313692300003 ], [ -77.880954000230304, 39.604510209315002 ], [ -77.881040001342299, 39.604270000089997 ] ], [ [ -77.881309999882404, 39.606460000107901 ], [ -77.881175999988102, 39.6063690000694 ], [ -77.881773697655603, 39.607601409793197 ], [ -77.881309999882404, 39.606460000107901 ] ], [ [ -77.883409999606897, 39.609889999903999 ], [ -77.8824730001717, 39.608872000140401 ], [ -77.883550750340603, 39.610080424779703 ], [ -77.883409999606897, 39.609889999903999 ] ] ] } },
{ "type": "Feature", "properties": { "OBJECTID": 5, "DistrictName": "Heartland", "DistrictId": 8, "Office": "New Orleans, Louisiana", "Opfac": "71108", "Atu": "08", "AreaName": "Atlantic Area", "ZONES": "Cotp Zones consist of Mobile, New Orleans, MSU Morgan City, Corpus Christi, Upper Mississippi, Lower Mississippi, Ohio Valley, Houston-Galveston,  MSU Port Arthur, and MSU Pittsburg", "Emergency_Contact_Number": "", "GlobalID": "afcfac12-8505-4099-ae6a-f4211d9f43f2", "SHAPE__Area": 7392646369341.2305, "SHAPE__Length": 16706081.049136464 }, "geometry": { "type": "MultiPolygon", "coordinates": [ [ [ [ -77.881175999988102, 39.6063690000694 ], [ -77.881309999882404, 39.606460000107901 ], [ -77.881773697655703, 39.607601409793197 ], [ -77.881175999988102, 39.6063690000694 ] ] ], [ [ [ -77.8810160297989, 39.604313692300003 ], [ -77.881040001342299, 39.604270000089997 ], [ -77.880954000230304, 39.604510209315002 ], [ -77.8810160297989, 39.604313692300003 ] ] ], [ [ [ -85.8335444432104, 24.8066944440837 ], [ -86.553334443407294, 25.206944444217299 ], [ -86.4116844440438, 25.722144442605 ], [ -86.174214443852307, 26.221884443929699 ], [ -86.258394444436405, 26.407704443863899 ], [ -86.611994444036696, 26.500404443730499 ], [ -87.020194443660998, 26.2139144437037 ], [ -87.437874444428701, 25.992984442663101 ], [ -87.912934999621299, 25.812154443606001 ], [ -88.384874999756207, 25.699024444342399 ], [ -90.494725555362507, 25.781114444325901 ], [ -91.103865555166607, 25.700304443751001 ], [ -91.392345556028602, 25.7236044443639 ], [ -92.143956111410802, 25.881994443845301 ], [ -93.055788772310194, 26.239360110751399 ], [ -93.420756111007904, 26.009574444118201 ], [ -96.806157221940396, 26.008604443721801 ], [ -97.156019999989994, 25.949840000140199 ], [ -97.283760001302099, 25.959660000012899 ], [ -97.276830000145097, 25.935469998854401 ], [ -97.377669998783304, 25.910820000059498 ], [ -97.360019999793906, 25.8456800002342 ], [ -97.397729999813507, 25.838570000291998 ], [ -97.587310000131595, 25.934729999827599 ], [ -97.570220000110595, 25.9528500003054 ], [ -97.608259999843099, 25.958830000239502 ], [ -97.663480000008406, 26.0356499999872 ], [ -97.7871999999998, 26.031569999775702 ], [ -97.794579999622101, 26.059940001018202 ], [ -97.870959999561094, 26.068540000358901 ], [ -97.974230001229998, 26.0487699999588 ], [ -97.997200000299998, 26.0707999996485 ], [ -98.0781499995839, 26.034369999751199 ], [ -98.082889999706495, 26.0705499999195 ], [ -98.199009999967799, 26.053670000384098 ], [ -98.287159999847105, 26.100509999905199 ], [ -98.282120000149007, 26.126329999808998 ], [ -98.307240000070493, 26.103620000056299 ], [ -98.337809999769107, 26.163789999974298 ], [ -98.388370000177801, 26.154870000178899 ], [ -98.443079998908502, 26.222320000191999 ], [ -98.504329999707195, 26.2084199990373 ], [ -98.594729999997199, 26.259629998864799 ], [ -98.6672200001086, 26.236080000286599 ], [ -98.802580000344193, 26.366720000256901 ], [ -98.898160000074498, 26.3552900010651 ], [ -98.924460000003904, 26.392549999978598 ], [ -98.945439999852496, 26.370109999902802 ], [ -98.962279998730097, 26.398010000015098 ], [ -99.074439999741799, 26.396299999927599 ], [ -99.110520001288506, 26.4234200002034 ], [ -99.098229999867797, 26.488929999644899 ], [ -99.171570000274002, 26.540359999924998 ], [ -99.173320000194195, 26.622589999670701 ], [ -99.276260000353503, 26.849130000084301 ], [ -99.445249999911994, 27.021809999668701 ], [ -99.446310001167404, 27.253310000113402 ], [ -99.541889999999398, 27.316000000372501 ], [ -99.508049998817697, 27.340279999725102 ], [ -99.482719998833801, 27.4760899999835 ], [ -99.529639999660006, 27.500730001072998 ], [ -99.515959999965901, 27.5669999989173 ], [ -99.599589999830798, 27.640590000077299 ], [ -99.7194500001318, 27.658000000263499 ], [ -99.813510000095903, 27.771469999760999 ], [ -99.878140000185994, 27.794580000038899 ], [ -99.938080001280497, 27.981920001050302 ], [ -99.984380000169097, 27.994360000051 ], [ -100.085910000167004, 28.146580000052001 ], [ -100.207680000221998, 28.192390000310901 ], [ -100.277020000297, 28.257059999976001 ], [ -100.370379999753993, 28.476009998862299 ], [ -100.336310000214993, 28.4991000009157 ], [ -100.387629998709997, 28.5149999997085 ], [ -100.413670000145004, 28.544760000148401 ], [ -100.398319999999003, 28.5843200000193 ], [ -100.501900001289002, 28.6624299997988 ], [ -100.537570000062004, 28.8050599999622 ], [ -100.643359999783002, 28.9141799998444 ], [ -100.679770000144998, 29.1057599999884 ], [ -100.777879999769993, 29.1716099998077 ], [ -100.817389999938001, 29.2621299998811 ], [ -101.012009999954003, 29.370999999628101 ], [ -101.063880000067002, 29.459429999900401 ], [ -101.259130000270005, 29.522880000351801 ], [ -101.249130000342006, 29.624729999705 ], [ -101.307689998716995, 29.577749999975499 ], [ -101.306240000168998, 29.652930000353098 ], [ -101.363970000137996, 29.650840000010501 ], [ -101.417560000033006, 29.7468300002927 ], [ -101.399540000249999, 29.769050000058101 ], [ -101.447040000135999, 29.749639999935599 ], [ -101.458759998949006, 29.788879999672901 ], [ -101.538140000035, 29.759389999786801 ], [ -101.545939998883, 29.8115000011429 ], [ -101.576179999767007, 29.769840000191198 ], [ -101.645259998653003, 29.754160000084401 ], [ -101.807200000099002, 29.780460000323199 ], [ -101.819960000075994, 29.811389999868901 ], [ -101.823140000250007, 29.788879999672901 ], [ -101.930309999995004, 29.784300000224299 ], [ -101.976280000068996, 29.8164500002555 ], [ -102.069699999801003, 29.786330000010299 ], [ -102.318899999748993, 29.877970000366201 ], [ -102.363249999600001, 29.845869999937399 ], [ -102.387639999775004, 29.761040000281401 ], [ -102.513450000343994, 29.783410000115701 ], [ -102.546970000062004, 29.745069999789401 ], [ -102.566699998684001, 29.770719999695601 ], [ -102.671530000302994, 29.743920000028901 ], [ -102.808049998658007, 29.522760000336302 ], [ -102.818180000078996, 29.398480000258399 ], [ -102.883869998730006, 29.350630000959899 ], [ -102.907839999678998, 29.2582499999051 ], [ -102.867930000376006, 29.2221500000845 ], [ -102.997470000041005, 29.1778000010857 ], [ -103.036849999614006, 29.098220000153798 ], [ -103.100610000215994, 29.058769998869298 ], [ -103.117080000095996, 28.983459999834398 ], [ -103.285709999804993, 28.978909999704399 ], [ -103.311510000141993, 29.0254099996795 ], [ -103.343279999939995, 29.024890000167002 ], [ -103.330380000220003, 29.041360000057601 ], [ -103.366039999845995, 29.020520000371899 ], [ -103.474750000347996, 29.065270000205199 ], [ -103.555390000009993, 29.1585899998529 ], [ -103.722069999781993, 29.1846400011237 ], [ -103.779819998944006, 29.225789999863299 ], [ -103.783210000077005, 29.266060000205901 ], [ -104.052920000420002, 29.328799999813501 ], [ -104.166109998956998, 29.3947200000053 ], [ -104.212530000190995, 29.483769999761801 ], [ -104.382390000135999, 29.543110000146299 ], [ -104.513350000006994, 29.635449999778501 ], [ -104.571140000249997, 29.778419999654101 ], [ -104.686079999605994, 29.9216300003641 ], [ -104.708250000405997, 30.236409999635399 ], [ -104.856910000393995, 30.387510000351298 ], [ -104.921949999665003, 30.605320000377802 ], [ -104.975090000197, 30.6134599999621 ], [ -105.004419999613006, 30.6844699999697 ], [ -105.064820000116995, 30.6885799989075 ], [ -105.217610000131998, 30.805509999888098 ], [ -105.399280000201003, 30.852170000087199 ], [ -105.401709999638001, 30.888660000153202 ], [ -105.56033000027, 30.992019998938002 ], [ -105.601780000329995, 31.081460000012999 ], [ -105.772139999866994, 31.167430000242302 ], [ -105.869270000398998, 31.288149999983101 ], [ -105.939609998760005, 31.318269999903499 ], [ -105.954789999926007, 31.364109999635701 ], [ -106.204759999803997, 31.465269999735 ], [ -106.350000000316996, 31.698120000076401 ], [ -106.416029999624996, 31.7483000000495 ], [ -106.488850000347995, 31.747749999952401 ], [ -106.529029999987998, 31.784479999764599 ], [ -108.201349998699001, 31.786899999865799 ], [ -108.208740000163999, 31.343849998994202 ], [ -109.043109999866005, 31.343450000092702 ], [ -109.048320000342002, 40.998430000244703 ], [ -111.046979999723007, 40.997920000250097 ], [ -111.053429999583003, 44.9957000000147 ], [ -104.043080660586995, 44.9978568760637 ], [ -104.06301111018, 49.0004877778061 ], [ -97.2301415858974, 49.000683486139899 ], [ -97.233995999863296, 48.9474339998402 ], [ -97.177814000148601, 48.875638999843403 ], [ -97.1902740014485, 48.815134999968997 ], [ -97.158118000064704, 48.810318999956998 ], [ -97.181640000402098, 48.798517000145601 ], [ -97.090313000722603, 48.684403999943903 ], [ -97.175422999272598, 48.561956999770501 ], [ -97.126758000345703, 48.520157000222099 ], [ -97.162667999318103, 48.477782999743901 ], [ -97.128162999585996, 48.474361999722497 ], [ -97.150633000860495, 48.440815998748697 ], [ -97.122583000112698, 48.417920999820304 ], [ -97.163376000221007, 48.392857000162202 ], [ -97.1333409993765, 48.382195998883802 ], [ -97.156261000014496, 48.365577999775397 ], [ -97.112230999831397, 48.296472000184103 ], [ -97.1450320005724, 48.268765999902101 ], [ -97.120690000077303, 48.224754001180301 ], [ -97.137190999919397, 48.226950999719897 ], [ -97.152190000436804, 48.219636000298998 ], [ -97.139054999642397, 48.221951999895303 ], [ -97.117837999967193, 48.209763999769798 ], [ -97.1392959996668, 48.216754999833803 ], [ -97.147510000588696, 48.170571999997897 ], [ -97.120967999911699, 48.159551999702998 ], [ -97.146504999584806, 48.142220000094099 ], [ -97.072256999157403, 48.048068000074103 ], [ -97.055341000111895, 47.947515000089197 ], [ -96.974127999265605, 47.823474000160601 ], [ -96.991578000035105, 47.808186999788298 ], [ -96.934883000309398, 47.767209000295999 ], [ -96.851012000420099, 47.598507999850199 ], [ -96.871762999939904, 47.4190060000358 ], [ -96.837464999896994, 47.389526999931 ], [ -96.858206000269405, 47.3675299997252 ], [ -96.828763999801794, 47.327994999816603 ], [ -96.844847000067404, 47.193579999956 ], [ -96.821554999883702, 47.1843140000814 ], [ -96.841246999769595, 47.151855998777897 ], [ -96.812658999794706, 47.038633999700799 ], [ -96.839547999903104, 47.0067279998404 ], [ -96.791760973910698, 46.928465000135702 ], [ -96.753259974045804, 46.924562999809801 ], [ -96.802546973661904, 46.811521000142598 ], [ -96.775455973887205, 46.766751000144197 ], [ -96.798177974158406, 46.6294660002916 ], [ -96.747268972872007, 46.582022000128099 ], [ -96.721855973945793, 46.4395050166912 ], [ -96.608381071123404, 46.333319039894299 ], [ -90.000002974370204, 46.333320000045099 ], [ -90.000002974370204, 40.999980000321798 ], [ -78.999782542406095, 40.9999949881445 ], [ -79.000039998668299, 39.722750000156502 ], [ -79.477420000331193, 39.721609999694103 ], [ -79.487149999923105, 39.2066699996778 ], [ -79.161699999731496, 39.388239999737699 ], [ -79.100449999831099, 39.476989999954299 ], [ -78.956180000161197, 39.440670000061203 ], [ -78.845840001186403, 39.565149999987597 ], [ -78.814719999870306, 39.563909999799797 ], [ -78.826289998895803, 39.586680000075802 ], [ -78.769650000319899, 39.648990001006702 ], [ -78.775940000346097, 39.624880000302497 ], [ -78.7322099997387, 39.617150000173702 ], [ -78.764619999769195, 39.587089999946102 ], [ -78.680260000158398, 39.544220000187799 ], [ -78.470170001243204, 39.518469999854503 ], [ -78.459039998840396, 39.552009999034901 ], [ -78.4178199998331, 39.5482399997451 ], [ -78.455869999611394, 39.588220000927699 ], [ -78.394999999652498, 39.583759999746803 ], [ -78.430609999049295, 39.623280000073898 ], [ -78.375130000389802, 39.609270000341198 ], [ -78.355100000394998, 39.6416099999566 ], [ -78.267379999787593, 39.618730000074699 ], [ -78.230000000379107, 39.6750500000323 ], [ -78.169240000025297, 39.697149999852499 ], [ -78.074390000040907, 39.666250000230498 ], [ -78.0035800013261, 39.601370000212903 ], [ -77.941050000062205, 39.587230000105997 ], [ -77.938789999605802, 39.621559999877299 ], [ -77.890980000098395, 39.600480000170101 ], [ -77.839419999607003, 39.606910000198802 ], [ -77.834620000108202, 39.573089999927603 ], [ -77.885720000292096, 39.557560000294302 ], [ -77.8658400000852, 39.519800000245901 ], [ -77.765819999808002, 39.498329999773198 ], [ -77.801529999662307, 39.440459999875301 ], [ -77.751620001328604, 39.423979999905697 ], [ -77.757680000302599, 39.340519999704199 ], [ -77.719750000174898, 39.325289999834801 ], [ -77.823870000342097, 39.137130000239502 ], [ -78.347060001347003, 39.465950000127599 ], [ -78.366610000044304, 39.359410000184297 ], [ -78.339229999666401, 39.348610000031002 ], [ -78.438639999848206, 39.1979799997372 ], [ -78.4038499997108, 39.167439999954503 ], [ -78.571890001211798, 39.0319099996997 ], [ -78.550460000202904, 39.017989999858898 ], [ -78.601649999900204, 38.964519999971799 ], [ -78.627680000391194, 38.981760000315099 ], [ -78.697489999921501, 38.914650000076797 ], [ -78.719419998725797, 38.9053400001103 ], [ -78.717210000294799, 38.935609999848502 ], [ -78.786019999742393, 38.887120000032702 ], [ -78.868970000090201, 38.763119998960299 ], [ -78.999400000232399, 38.846270000230803 ], [ -79.055170000218496, 38.7850899997932 ], [ -79.0928300000094, 38.660129999803999 ], [ -79.130150000041695, 38.654309999966401 ], [ -79.210579999641894, 38.492940000277301 ], [ -79.283229998688597, 38.418049999974002 ], [ -79.476359999973994, 38.4572100008671 ], [ -79.537589999782796, 38.551359999769502 ], [ -79.649190000029705, 38.591130000309803 ], [ -79.726109999743798, 38.3632899997869 ], [ -79.810080001163996, 38.306700000018601 ], [ -79.789149999747295, 38.268539999905698 ], [ -79.920119999664706, 38.182400000120403 ], [ -79.945210001245798, 38.132250000309902 ], [ -79.926399998746803, 38.1069299997068 ], [ -79.999620001299107, 37.994900000241003 ], [ -80.162210001226597, 37.875089999933003 ], [ -80.296019998863599, 37.692590000350201 ], [ -80.221470000108994, 37.627899999916302 ], [ -80.328399999655105, 37.564249999 ], [ -80.330310000307094, 37.5362399997517 ], [ -80.282449998774297, 37.533430000223902 ], [ -80.299789999938895, 37.508289999799899 ], [ -80.464840001237604, 37.426130000271002 ], [ -80.511390000371406, 37.481649999965498 ], [ -80.770099999804302, 37.372380000323901 ], [ -80.8598099996331, 37.429359999944303 ], [ -80.883039998994093, 37.384180000027897 ], [ -80.849479999991402, 37.3469399997647 ], [ -80.8991399989781, 37.315690000087301 ], [ -81.225840000396104, 37.235380000310101 ], [ -81.363809999994004, 37.337910000021303 ], [ -81.416880000206007, 37.273209999714503 ], [ -81.499259999743003, 37.257360000281999 ], [ -81.554700000016297, 37.207840000104298 ], [ -81.676500000208407, 37.201560000241201 ], [ -81.758940000019805, 37.2759499997386 ], [ -81.853499999575803, 37.2877400002209 ], [ -81.928359999748494, 37.360490000282098 ], [ -81.936120000210593, 37.438649999909202 ], [ -81.995899998776693, 37.474729999693999 ], [ -81.926809999844806, 37.5129799998385 ], [ -81.968300000087197, 37.537800000088303 ], [ -82.351300000322396, 37.267029999804002 ], [ -82.721230000060501, 37.120839999963898 ], [ -82.7224500002513, 37.045219999903402 ], [ -82.8669900002579, 36.978060001043701 ], [ -82.878570000227498, 36.889589999947802 ], [ -83.0725399999654, 36.8545099997271 ], [ -83.135430000181202, 36.742739999714999 ], [ -83.531079999890494, 36.665580000157199 ], [ -83.6751899988285, 36.601219999798197 ], [ -81.646919999648404, 36.6119199998016 ], [ -81.708059999943998, 36.535770000304801 ], [ -81.695310000012299, 36.467909999901003 ], [ -81.741710000256603, 36.412389999776202 ], [ -81.707439999802801, 36.335170000080801 ], [ -81.793089999924604, 36.362459998921899 ], [ -81.855000000149005, 36.3372399997412 ], [ -82.029380000108404, 36.123519999783703 ], [ -82.130249999782095, 36.104520000080697 ], [ -82.147949999000204, 36.149519999891602 ], [ -82.213850000408002, 36.159109999805402 ], [ -82.355160000012802, 36.115610000287901 ], [ -82.557880000249796, 35.953900000059498 ], [ -82.610890000187396, 35.967409999978699 ], [ -82.5906600001762, 36.032010000290498 ], [ -82.637170000025307, 36.065809999038301 ], [ -82.775870000267602, 36.0008100002361 ], [ -82.804999999667402, 35.927160000289099 ], [ -82.874169999863597, 35.952699999929003 ], [ -82.920380000137001, 35.927230000174397 ], [ -82.896240000206603, 35.879130000093497 ], [ -82.984159999932203, 35.777930000117799 ], [ -83.159210000261396, 35.764889999699299 ], [ -83.251239999922703, 35.7199100001978 ], [ -83.298680000432597, 35.657009999916397 ], [ -83.351559998877207, 35.659859999696302 ], [ -83.498340000147095, 35.562990000078301 ], [ -83.771740000300795, 35.5621200003552 ], [ -83.880069999962799, 35.5187499997255 ], [ -84.023310000311, 35.411479999033197 ], [ -84.007420001287599, 35.371630000257099 ], [ -84.046510000433202, 35.274189998992199 ], [ -84.127119999958495, 35.240989999947097 ], [ -84.223729999908699, 35.269069999874397 ], [ -84.290239998716999, 35.225570000344902 ], [ -84.321879999716899, 34.988420000365998 ], [ -85.611349998879604, 34.992280000113503 ], [ -85.190279999672995, 32.880559999736498 ], [ -84.031219999662696, 32.329119999796397 ], [ -84.0526899999562, 32.206010000293297 ], [ -83.929960000001699, 31.958819999702602 ], [ -83.9139300003377, 31.964400000203501 ], [ -83.896369999963397, 31.961099999940298 ], [ -83.921610000433901, 31.9560599997384 ], [ -83.916650000203305, 31.950460000101199 ], [ -83.906709998752504, 31.9505299998503 ], [ -83.8986799997502, 31.947960000119899 ], [ -83.893209999881705, 31.9422599999806 ], [ -83.923140000245994, 31.949499999794 ], [ -83.921590000342505, 31.912010000048099 ], [ -83.892910000306003, 31.913860000347299 ], [ -83.890700000078397, 31.9098400001829 ], [ -83.9241999988066, 31.905389999857501 ], [ -83.937339999623802, 31.847089998944501 ], [ -83.922550000242197, 31.853349999864999 ], [ -83.890789998693506, 31.840979999723899 ], [ -83.947110000297101, 31.848220000135001 ], [ -84.007239999565897, 31.802759999932999 ], [ -83.985770000170803, 31.766799999658499 ], [ -84.032570000448104, 31.715650000159901 ], [ -84.015810000139993, 31.6515299997053 ], [ -84.063310000025993, 31.606769999994501 ], [ -84.144100001273003, 31.592669999837302 ], [ -84.151750000333607, 31.41584000105 ], [ -84.200359999907207, 31.355659999752 ], [ -84.340359999807902, 31.305320000277302 ], [ -84.413310001125197, 31.1879900002154 ], [ -84.482200000040393, 31.156929999744602 ], [ -84.517309999845097, 31.008659999917398 ], [ -84.551429998714397, 30.992939999768002 ], [ -84.545670000214301, 30.939030000037 ], [ -84.6550500001877, 30.848310000251001 ], [ -84.660859999814804, 30.788009999829299 ], [ -84.750130000325797, 30.766269998886798 ], [ -84.749999999731003, 30.250000000006601 ], [ -84.0758333325536, 30.250000000006601 ], [ -84.076111111402398, 29.385833333119798 ], [ -85.8335444432104, 24.8066944440837 ] ] ], [ [ [ -98.440132365949907, 49.000005111964299 ], [ -98.489354540440203, 49.000064472806599 ], [ -98.525578124210298, 49.000007683288601 ], [ -98.440132365949907, 49.000005111964299 ] ] ] ] } },
{ "type": "Feature", "properties": { "OBJECTID": 6, "DistrictName": "Southwest", "DistrictId": 11, "Office": "Alameda, California", "Opfac": "71111", "Atu": "11", "AreaName": "Pacific Area", "ZONES": "Cotp Zones consist of Los Angeles-Long Beach, San Diego and San Francisco Bay", "Emergency_Contact_Number": "", "GlobalID": "e7ef38df-cf90-4f3a-a49b-7dd39cd19084", "SHAPE__Area": 16133802501051.893, "SHAPE__Length": 30166829.037560161 }, "geometry": { "type": "Polygon", "coordinates": [ [ [ -110.000000006047998, -4.99999999396303 ], [ -144.259399999611986, 33.541819999642797 ], [ -149.999999993791988, 40.000000004795098 ], [ -128.790461276222999, 41.519274815101802 ], [ -124.216666666926002, 41.9999999996677 ], [ -111.046779999706999, 42.001679999837698 ], [ -111.046900000254993, 40.997800000236197 ], [ -109.048320000342002, 40.998430000244802 ], [ -109.047930000354, 31.343440000155901 ], [ -111.077740000291001, 31.341180000218898 ], [ -114.813399999601003, 32.494699999668697 ], [ -114.789439998697006, 32.555900000327803 ], [ -114.812970000329003, 32.559430000094601 ], [ -114.809000000135001, 32.6164800001823 ], [ -114.715320000112996, 32.7301500001779 ], [ -117.124962280080993, 32.534404555978398 ], [ -117.035220000191003, 32.282090000984901 ], [ -116.919360000221005, 32.223660000092302 ], [ -116.875960001123005, 32.017380000018598 ], [ -116.767140000118005, 31.9715000000052 ], [ -116.742390000092001, 31.9057199997456 ], [ -116.608720001299005, 31.846630000349698 ], [ -116.644169999964006, 31.7327999999921 ], [ -116.732960000076005, 31.741569999817798 ], [ -116.645230001219005, 31.664480000161799 ], [ -116.643260000292997, 31.581309999833199 ], [ -116.685460000190005, 31.575299999950399 ], [ -116.683239999915997, 31.549899999883301 ], [ -116.598399999007995, 31.4621699997249 ], [ -116.531809998935003, 31.441719999854701 ], [ -116.357949998660004, 31.2426799997688 ], [ -116.305060000168993, 31.1384399996521 ], [ -116.332059999707994, 30.959350000254599 ], [ -116.270070000014996, 30.963709998874201 ], [ -116.204589998732004, 30.884130000355199 ], [ -116.054300000270999, 30.787769999859901 ], [ -116.029170000304006, 30.674979998998801 ], [ -116.045359998902995, 30.465259999995599 ], [ -116.003519998856007, 30.3623000002911 ], [ -115.926060000264997, 30.402969999705601 ], [ -115.814070000030995, 30.308120000064701 ], [ -115.779370001204001, 30.08172999976 ], [ -115.816189999846998, 29.9518300003303 ], [ -115.745990000329002, 29.951249999791798 ], [ -115.701139999988996, 29.895940000161598 ], [ -115.698270000335, 29.7524700000466 ], [ -115.512559999752995, 29.625740001154799 ], [ -115.452279998899996, 29.622849998937799 ], [ -115.385840000412003, 29.563720000112799 ], [ -115.246509999983004, 29.512709998987301 ], [ -115.188420000164001, 29.428850000323798 ], [ -114.964809999592006, 29.3739799999721 ], [ -114.742800000049996, 29.180719999900798 ], [ -114.705740000309007, 29.104600001127601 ], [ -114.630569999616, 29.096580000391899 ], [ -114.580339999819003, 28.966499999882501 ], [ -114.401839999878007, 28.8754400003412 ], [ -114.342309999761, 28.733090000149001 ], [ -114.247299999942996, 28.655499999718099 ], [ -114.179780000107996, 28.661480000241902 ], [ -114.151110000117001, 28.5677399997269 ], [ -114.063649999801001, 28.5123100002771 ], [ -114.051259998820996, 28.407769999745 ], [ -114.118180000403001, 28.259639999766399 ], [ -114.055900000283003, 28.1987099997306 ], [ -114.271350000360002, 27.898729999675801 ], [ -114.259160000294997, 27.8911100001243 ], [ -114.173350001238006, 27.95145000019 ], [ -114.155860001183996, 27.949020000174801 ], [ -114.130510000209995, 27.8837600011618 ], [ -114.176569999796996, 27.7985299999986 ], [ -114.142450000029996, 27.7302700002828 ], [ -114.051479999826995, 27.720319999924399 ], [ -114.068199999952995, 27.8051300000288 ], [ -114.025600000023005, 27.7476300001683 ], [ -113.980349998750995, 27.7558399997056 ], [ -113.914789999796, 27.713439999903901 ], [ -113.950820000215998, 27.656070000140001 ], [ -114.072439999585001, 27.691160000313101 ], [ -114.045339999589004, 27.662869999717099 ], [ -114.104269998758994, 27.601579999811399 ], [ -114.144009999979005, 27.662489999931001 ], [ -114.298580000051999, 27.755530000091699 ], [ -114.292249999842994, 27.864440000243299 ], [ -114.315559998671006, 27.875459999620102 ], [ -114.494610000229997, 27.777079999606201 ], [ -114.987589999589005, 27.827999999937401 ], [ -115.057460000293005, 27.8631999998426 ], [ -115.079850000302997, 27.848120000117898 ], [ -115.023100000325002, 27.739560000190199 ], [ -114.944069999942997, 27.7126699996813 ], [ -114.909889999900997, 27.666200000371099 ], [ -114.858910001164006, 27.689429999602801 ], [ -114.845469999873004, 27.6465300002228 ], [ -114.872290000383998, 27.641569999947301 ], [ -114.790010000405999, 27.61460999993 ], [ -114.734279998806002, 27.524759999707001 ], [ -114.521389999660002, 27.426620000194301 ], [ -114.494749999972001, 27.392440000188699 ], [ -114.484729999951, 27.227719999873401 ], [ -114.429630000334996, 27.2080599998725 ], [ -114.425429999987998, 27.174749999832098 ], [ -114.296030000065002, 27.1250399997496 ], [ -114.240530001313999, 27.150339999722501 ], [ -114.149269999785005, 27.123910000157402 ], [ -114.001189999754999, 26.9714300010492 ], [ -113.961879998705001, 26.997340000110199 ], [ -113.842329999821999, 26.967430000169301 ], [ -113.776040001121999, 26.9120900003219 ], [ -113.731610000006995, 26.8002899999119 ], [ -113.622310000400006, 26.721980000022501 ], [ -113.546510000419005, 26.7230100000045 ], [ -113.461980000031005, 26.807129999991901 ], [ -113.264050000145005, 26.751910000324202 ], [ -113.263999999915995, 26.821750000202201 ], [ -113.198070000168002, 26.857119999784999 ], [ -113.197650000042998, 26.932949999809601 ], [ -113.154599999851001, 26.983860000290498 ], [ -113.140649999820994, 26.854619999967699 ], [ -113.236370000191002, 26.783880001000099 ], [ -113.180230000308995, 26.759339999820099 ], [ -113.167630000165005, 26.792100001181499 ], [ -113.121979998859999, 26.7961099997014 ], [ -113.150829998776004, 26.752909998984499 ], [ -113.054029999752998, 26.647819999774601 ], [ -113.054530001141998, 26.5986599988106 ], [ -112.677219999984999, 26.316479999670999 ], [ -112.610639999957996, 26.315020000095899 ], [ -112.496059998657003, 26.232530000296599 ], [ -112.458900000254005, 26.260769999866099 ], [ -112.386699999672999, 26.230879998813801 ], [ -112.302540000079006, 26.066379999953998 ], [ -112.229769999585002, 26.035010000000899 ], [ -112.149200001140997, 25.9315900002888 ], [ -112.098619999741999, 25.686859998900601 ], [ -112.075829999698996, 25.7244000003598 ], [ -112.089110000258003, 25.692449999627701 ], [ -112.060709999706006, 25.6167100011914 ], [ -112.066760001329001, 25.520520000046801 ], [ -112.084459998751001, 25.535739999805202 ], [ -112.061650000412996, 25.496100000240901 ], [ -112.084879999774003, 25.499689999834899 ], [ -112.064170000261996, 25.429770000063801 ], [ -112.095049999582002, 25.362739999725601 ], [ -112.089349998661007, 25.342899999876799 ], [ -112.088369998670004, 25.3676900002209 ], [ -112.070020000072006, 25.374980000093501 ], [ -112.075400000426995, 25.237509999995801 ], [ -112.112029999998001, 25.237859999945002 ], [ -112.102470001184003, 25.180639999883699 ], [ -112.126149999907994, 25.184579999995201 ], [ -112.152799999641999, 25.094059999016899 ], [ -112.114109998732999, 25.0576500002208 ], [ -112.123529999601999, 25.010500000138801 ], [ -112.144290001138998, 24.965600001179201 ], [ -112.178260000221002, 24.954860000267601 ], [ -112.156909998678998, 24.950859999600301 ], [ -112.172200000347999, 24.814739998851 ], [ -112.144720001308997, 24.858620000368202 ], [ -112.140419998707998, 24.804380000308001 ], [ -112.140289999909996, 24.895049999725799 ], [ -112.112850000156001, 24.920799999664599 ], [ -112.134399999916994, 24.909529999611099 ], [ -112.135270000302995, 24.948699999931499 ], [ -112.096119999985007, 25.007560000150502 ], [ -112.109130000207003, 24.945759999827899 ], [ -112.076609998774998, 24.931709999669099 ], [ -112.109389999599998, 24.930850000103501 ], [ -112.075330000107002, 24.906199999826601 ], [ -112.122829999993002, 24.871369999963701 ], [ -112.088579999630994, 24.830659999707301 ], [ -112.116050000420998, 24.788170000113698 ], [ -112.059430000139002, 24.761790000061001 ], [ -112.075990001329004, 24.7237200002271 ], [ -112.052590000292, 24.7504300002444 ], [ -111.960929998729995, 24.741810000072501 ], [ -111.968110000132995, 24.772919999805801 ], [ -111.924789998706004, 24.7506099998065 ], [ -111.826839999811995, 24.610260000286502 ], [ -111.807369999683999, 24.509160000129501 ], [ -111.757739999936007, 24.517210001196901 ], [ -111.805979999613996, 24.5506800011593 ], [ -111.801489999737001, 24.5730899996082 ], [ -111.788000000013994, 24.5459899996582 ], [ -111.735210001083004, 24.5489300001665 ], [ -111.740219999744994, 24.5719699998875 ], [ -111.700539998799002, 24.5374899997624 ], [ -111.694239998726999, 24.584199999858701 ], [ -111.635989999973006, 24.5599100002872 ], [ -111.582569999957002, 24.4154299999045 ], [ -111.530649999614994, 24.4155400003167 ], [ -111.495390000022994, 24.390509999958599 ], [ -111.449630000010998, 24.336820000285002 ], [ -111.454170000117003, 24.326660000344098 ], [ -111.046169999610996, 24.111899999854199 ], [ -110.625199999963996, 23.736559999827399 ], [ -110.326259999764005, 23.5800000001624 ], [ -110.146939999664994, 23.296780000101599 ], [ -110.080209999850993, 22.986790000009002 ], [ -109.983149999638997, 22.879709999979301 ], [ -109.838039999719996, 22.8907199997617 ], [ -109.707649999759994, 22.9905600001163 ], [ -109.666300000158003, 23.063930000111601 ], [ -109.560060000175, 23.097600001076199 ], [ -109.463660001185005, 23.1831200000641 ], [ -109.396349999616007, 23.387629998968201 ], [ -109.403469999845996, 23.465640000230099 ], [ -109.473959999792001, 23.578949998991501 ], [ -109.685370000253002, 23.672869999710102 ], [ -109.703070000370005, 23.809109999660201 ], [ -109.823790000112993, 23.928729999787301 ], [ -109.801349999874006, 23.9963600000643 ], [ -109.826289999870994, 24.059870000215099 ], [ -109.977839999604001, 24.040679999819901 ], [ -110.009469998761006, 24.1658399998216 ], [ -110.167809999908997, 24.254060001188702 ], [ -110.242029999848995, 24.352229999707099 ], [ -110.332729999714999, 24.318629999965601 ], [ -110.311129998826999, 24.166979999696899 ], [ -110.559749998818006, 24.213269998928102 ], [ -110.672600001188997, 24.3526400010598 ], [ -110.740399999610005, 24.6195400000897 ], [ -110.655569998746998, 24.806959999622201 ], [ -110.756650000280004, 25.017190000246998 ], [ -110.811080001323006, 25.0353399999576 ], [ -110.910000000162, 25.155159999995899 ], [ -110.943370000092003, 25.310769999780799 ], [ -111.025500000281994, 25.4556099999757 ], [ -111.017749999865998, 25.514459999757999 ], [ -111.117459999622994, 25.5277999998486 ], [ -111.188599998949002, 25.615110000121302 ], [ -111.220629999935994, 25.726550000246 ], [ -111.305439998910998, 25.784680000276701 ], [ -111.311450000351002, 25.827079999067202 ], [ -111.288450000245007, 25.812569999710799 ], [ -111.304730000153995, 25.831529999834501 ], [ -111.326469999886001, 25.835209999910301 ], [ -111.356240000417003, 25.963809999912002 ], [ -111.318169998751003, 26.098560000088099 ], [ -111.391720000117999, 26.262330000358201 ], [ -111.380839998857994, 26.3291999997573 ], [ -111.462709998757006, 26.4147499998104 ], [ -111.441139998905001, 26.522090000319601 ], [ -111.563629999558003, 26.5642800002813 ], [ -111.567090000114007, 26.710039999743 ], [ -111.820680001279001, 26.899249998931801 ], [ -111.850619999892999, 26.878399999908499 ], [ -111.816789998757002, 26.722240000282099 ], [ -111.677060000091004, 26.592650000122099 ], [ -111.733949999809994, 26.542440000976701 ], [ -111.762819999818007, 26.555599998833401 ], [ -111.904039999909003, 26.726270000158799 ], [ -111.858170001190999, 26.787990000135501 ], [ -111.870320000174999, 26.832090000122001 ], [ -112.010120000059004, 26.9587400001102 ], [ -112.026470000288001, 27.028170000019699 ], [ -111.952390000090006, 27.0968299999269 ], [ -112.111720000377005, 27.138429998903199 ], [ -112.209019999890003, 27.203770000317402 ], [ -112.197700000211, 27.245889999750101 ], [ -112.300190000108998, 27.3921300002085 ], [ -112.353980000020996, 27.550969999885702 ], [ -112.595620001320995, 27.652149999757 ], [ -112.702939999956001, 27.757000000225801 ], [ -112.770320000048997, 27.865250000042899 ], [ -112.765699999576995, 28.002160000297099 ], [ -112.804029999738006, 28.025080000137699 ], [ -112.785260000117006, 28.195379999902698 ], [ -112.872650000112998, 28.312050000345401 ], [ -112.842719999748994, 28.4425000000934 ], [ -112.868869999891004, 28.431030000206199 ], [ -112.896729998870995, 28.474260000104401 ], [ -113.014260000191996, 28.459469999736498 ], [ -113.094489999776002, 28.503110000330398 ], [ -113.216839998889995, 28.8291099997695 ], [ -113.253529998735999, 28.843379999715001 ], [ -113.347599999644004, 28.8014900009982 ], [ -113.379740000235998, 28.9399800002994 ], [ -113.410920000030004, 28.929130000158999 ], [ -113.432619998679996, 28.965779998885999 ], [ -113.479239999930996, 28.953619999896301 ], [ -113.48271999968, 28.899430000308001 ], [ -113.530980000347, 28.910470000112099 ], [ -113.560410000220998, 29.022250000253202 ], [ -113.532999999706007, 29.057260001174299 ], [ -113.652880000099003, 29.211900000293099 ], [ -113.635529999786996, 29.273160000139502 ], [ -113.724820001287, 29.369029999698501 ], [ -114.205439998906002, 29.744840001048299 ], [ -114.271849999951996, 29.775359999863401 ], [ -114.288159999998001, 29.747110000253901 ], [ -114.336340001197996, 29.7491300002022 ], [ -114.405240000158997, 29.824590000223299 ], [ -114.405929998824007, 29.892090000086299 ], [ -114.573940000188003, 30.0347699998492 ], [ -114.664999999903998, 30.195630000203099 ], [ -114.628170000316004, 30.4835400002701 ], [ -114.697320001319, 30.6287800002765 ], [ -114.708820000024005, 30.906780000178902 ], [ -114.830020000166996, 30.997810000291999 ], [ -114.809269998675006, 31.0465200003093 ], [ -114.877130000066003, 31.108370000149499 ], [ -114.889259999855994, 31.164720000214601 ], [ -114.858229998951998, 31.519759999848699 ], [ -114.779499999940995, 31.658760000210101 ], [ -114.820109999752006, 31.7211600002931 ], [ -114.822200000329005, 31.797680000293699 ], [ -114.917109999689004, 31.850839999793699 ], [ -114.957359999649, 31.914799999073299 ], [ -114.695009999736001, 31.764490000379201 ], [ -114.594350000123995, 31.764570000127801 ], [ -114.492329999681999, 31.6742999997218 ], [ -114.171269999808004, 31.497880000139901 ], [ -114.027230000291993, 31.491580000233501 ], [ -113.940840001276996, 31.567090000001699 ], [ -113.993630000208, 31.568319999707199 ], [ -113.965200000416999, 31.585930001141499 ], [ -113.969880000264993, 31.6553700003033 ], [ -113.929250000362998, 31.596169999951002 ], [ -113.904559999713996, 31.611020000155801 ], [ -113.663560000442999, 31.5034999997862 ], [ -113.610149998675993, 31.377439999728999 ], [ -113.602329999736, 31.337060000288101 ], [ -113.639999999571998, 31.343169999926399 ], [ -113.621910000366995, 31.327279999705301 ], [ -113.207500000183998, 31.243799998879201 ], [ -113.194590000418998, 31.224919999942198 ], [ -113.112420000046001, 31.190380000065201 ], [ -113.159129999911002, 31.218020000294999 ], [ -113.124830000219006, 31.230599999954201 ], [ -113.037080000372001, 31.169369999881201 ], [ -113.081769999981006, 30.9775399997771 ], [ -113.124460001220996, 31.0535600003216 ], [ -113.094150000016995, 30.9686400002163 ], [ -113.128170000226007, 30.812060000260399 ], [ -113.095499999904007, 30.703739999024599 ], [ -112.987910000034006, 30.533540000052099 ], [ -112.864210000133994, 30.409190000020502 ], [ -112.862250000150993, 30.266870000059001 ], [ -112.808369999826994, 30.258759999963601 ], [ -112.756400000156006, 30.186389999629299 ], [ -112.744230000182, 29.9115000011295 ], [ -112.662259998926999, 29.887879999999299 ], [ -112.581260000312994, 29.713599999685901 ], [ -112.383539999590994, 29.4930200000314 ], [ -112.406070000241996, 29.337579999725101 ], [ -112.333980000164004, 29.288169999909101 ], [ -112.348429998887994, 29.317759999797499 ], [ -112.255949998964994, 29.3250000000147 ], [ -112.212299998724006, 29.273390001078202 ], [ -112.225529999952997, 29.179860000110398 ], [ -112.163360000335999, 29.1146400001955 ], [ -112.186629999879997, 29.0738599999389 ], [ -112.147260000352006, 28.996100000221301 ], [ -112.166870000222005, 28.9683599999716 ], [ -112.105069999601994, 28.959860000285101 ], [ -112.030140000008004, 28.862680000268501 ], [ -111.904270000062994, 28.7861999988978 ], [ -111.948910000341002, 28.760509999917399 ], [ -111.769970000184003, 28.6039900001517 ], [ -111.710500000341995, 28.4579400002422 ], [ -111.440899998705007, 28.374670000077199 ], [ -111.455899999945999, 28.315220000076799 ], [ -111.388200000186004, 28.269960000232899 ], [ -111.254120000415, 28.058239999621399 ], [ -111.118920000013006, 27.978740000243601 ], [ -111.102959999771997, 27.938389999894099 ], [ -110.983420000036006, 27.959769999941699 ], [ -110.947370001321005, 27.926279999728699 ], [ -110.968360001215999, 27.9083899996597 ], [ -110.948720000310004, 27.8722999989747 ], [ -110.885460000199004, 27.841140000208899 ], [ -110.853739999731005, 27.9134600010354 ], [ -110.796520000298997, 27.923630000058701 ], [ -110.610510000141005, 27.8592699998356 ], [ -110.646539999661996, 27.892329998871801 ], [ -110.508459999560998, 27.8611499997815 ], [ -110.617869999671996, 27.824290000153901 ], [ -110.595250001303995, 27.788299999946101 ], [ -110.632049998957996, 27.611569999859402 ], [ -110.587910000069002, 27.5320199999328 ], [ -110.592749998852, 27.439749999699899 ], [ -110.544989999573005, 27.433880000017101 ], [ -110.558169999675002, 27.3707800002299 ], [ -110.474759999918007, 27.368069999827402 ], [ -110.489940000185001, 27.300210000271299 ], [ -110.523049999825005, 27.296050000306 ], [ -110.425469999929007, 27.265110000024301 ], [ -110.297460000076995, 27.1500099998491 ], [ -110.060860000271006, 27.0805000000727 ], [ -110.020000000216001, 27.113960000246401 ], [ -109.963579999952003, 27.103249999916098 ], [ -109.917399999815004, 27.0611099998114 ], [ -109.890679998863007, 26.9294499988988 ], [ -109.944400001150001, 27.007470000052699 ], [ -109.949969999678999, 26.989710000041399 ], [ -109.791279999625004, 26.725559998902199 ], [ -109.615349998864005, 26.657979999662 ], [ -109.578039999775996, 26.680499999961601 ], [ -109.443450000366994, 26.654579999706701 ], [ -109.546009999687001, 26.715950000053599 ], [ -109.462199999896995, 26.692039999825599 ], [ -109.458950000301996, 26.747669998856001 ], [ -109.412220000345002, 26.727919999053999 ], [ -109.367879998744002, 26.676880000073101 ], [ -109.416560000434004, 26.665939999794301 ], [ -109.266680001154, 26.502170000374399 ], [ -109.259640000391997, 26.327869998882999 ], [ -109.170480000384003, 26.321939999853399 ], [ -109.158650000169004, 26.440050000306901 ], [ -109.147219999987001, 26.368769999822501 ], [ -109.105480001296002, 26.394980000267399 ], [ -109.042549999998997, 26.286290000151499 ], [ -109.010719999927005, 26.2800499997389 ], [ -109.041020001085997, 26.1879199997962 ], [ -109.083749999814003, 26.293870000083299 ], [ -109.132399998672, 26.332450000264799 ], [ -109.152970000238, 26.2203099998585 ], [ -109.194180000098001, 26.214609999656499 ], [ -109.203889998700006, 26.148289999847801 ], [ -109.312240000250995, 26.1034800002632 ], [ -109.221219999818999, 26.302270000091799 ], [ -109.284140000172002, 26.282319999809602 ], [ -109.449619999844998, 25.947560000236098 ], [ -109.413360000170002, 25.8913400000324 ], [ -109.439710000328006, 25.792980000228798 ], [ -109.370750000193993, 25.660659999663299 ], [ -109.398339999735995, 25.6391300011549 ], [ -109.250180001136997, 25.6378800000806 ], [ -109.164799999555001, 25.5616299998389 ], [ -109.155130000236994, 25.590459999768001 ], [ -109.103749998772997, 25.582310000248999 ], [ -109.126410000017998, 25.619489998838901 ], [ -109.089580000430004, 25.5817800001332 ], [ -109.059759999671002, 25.606610001015799 ], [ -109.026730001296002, 25.552939999953399 ], [ -109.113080000127994, 25.550489998892701 ], [ -109.072719999664997, 25.496090000243601 ], [ -109.014179998686004, 25.468790000270399 ], [ -109.014310000178995, 25.509480000161599 ], [ -108.950419999881007, 25.4989499996239 ], [ -108.937609999675004, 25.4535400002929 ], [ -108.888210000081003, 25.506490000180101 ], [ -108.910210001002, 25.514959999958698 ], [ -108.901610000291001, 25.5728100000373 ], [ -108.841959998725997, 25.567099999723801 ], [ -108.819750000436997, 25.525540000357601 ], [ -108.800169999806002, 25.548900000192099 ], [ -108.780329999781998, 25.552729999602199 ], [ -108.760539999987003, 25.523229998802702 ], [ -108.783740000109006, 25.516040000289301 ], [ -108.789939999723998, 25.464529999628802 ], [ -108.767909999563003, 25.4647800000632 ], [ -108.780040000252001, 25.459209999935201 ], [ -108.791909999751994, 25.419630000063801 ], [ -108.758190000016995, 25.448419999780999 ], [ -108.760780001084996, 25.4593399999717 ], [ -108.745149998759004, 25.465740000310699 ], [ -108.729859999785006, 25.498560001064 ], [ -108.698160000306999, 25.5279400000523 ], [ -108.769769999987005, 25.432299999999799 ], [ -108.738560000055998, 25.399210000330001 ], [ -108.794509999067998, 25.401369999640501 ], [ -108.777559999687995, 25.372449999966499 ], [ -108.494530001298003, 25.291150000193401 ], [ -108.390469998710003, 25.1850399996672 ], [ -108.373340000303003, 25.259469999762199 ], [ -108.396070000072001, 25.285220000038201 ], [ -108.368260000421003, 25.2642700002549 ], [ -108.355600000002994, 25.285220000038201 ], [ -108.363860000057997, 25.2570900000606 ], [ -108.317889999984004, 25.247639999902098 ], [ -108.319080000037005, 25.1986599998644 ], [ -108.258820000173998, 25.201699999770501 ], [ -108.164770001153997, 25.108380000259 ], [ -108.131129999989, 25.123670000105001 ], [ -108.071670000191006, 25.093759999623099 ], [ -107.991980001280993, 24.994270000252399 ], [ -108.045150000153996, 25.004009999698201 ], [ -107.996569999819002, 24.984219999751701 ], [ -108.022380000202006, 24.895990000386998 ], [ -107.984860001051999, 24.851450000006199 ], [ -108.018769999859003, 24.843540000151702 ], [ -107.970930000213997, 24.787670001206099 ], [ -107.989699999834997, 24.762399999985298 ], [ -107.929349998660996, 24.740970000247898 ], [ -107.991429999664007, 24.750400000156102 ], [ -107.963959999772001, 24.721099999745402 ], [ -107.982829999851006, 24.727310000251599 ], [ -107.994480000140001, 24.6732899996512 ], [ -107.978200000230999, 24.650709998833001 ], [ -107.849849999721997, 24.552950000262499 ], [ -107.810419999920001, 24.532060000197902 ], [ -107.798609999796, 24.535600000040102 ], [ -107.923640000389994, 24.622539999746401 ], [ -107.977889998812998, 24.6990900000967 ], [ -107.715210000084994, 24.4863000003628 ], [ -107.678500000148006, 24.505939999818501 ], [ -107.597269999583006, 24.4596699996228 ], [ -107.578120000021002, 24.480419999738501 ], [ -107.602219998869998, 24.5053199996035 ], [ -107.521709999801999, 24.501520000032102 ], [ -107.465519999690997, 24.3827300000411 ], [ -107.497260000249995, 24.367700000108201 ], [ -107.485690000326002, 24.344469999921099 ], [ -107.538260000047998, 24.3654100001948 ], [ -107.486759999830994, 24.315699998855401 ], [ -107.795990001286, 24.500970000365701 ], [ -106.977010000117005, 23.9232800001231 ], [ -106.897060000018001, 23.8427099988427 ], [ -106.808760000351, 23.657249999869801 ], [ -106.503910000066, 23.3654699996437 ], [ -106.422359999834001, 23.1975800003001 ], [ -106.402600000175994, 23.2078400011853 ], [ -106.364530000306999, 23.2069300001098 ], [ -106.320280000015998, 23.1723900002678 ], [ -106.375579999647996, 23.2048100002634 ], [ -106.400490000405995, 23.194140000000498 ], [ -106.049880000109994, 22.841580000076899 ], [ -105.997460000176005, 22.881990001210202 ], [ -106.037750001218001, 22.836300000186 ], [ -105.793840000314006, 22.626730000015201 ], [ -105.762729999941996, 22.5382100004093 ], [ -105.744989998744003, 22.5510700000798 ], [ -105.728650000357007, 22.5333600002105 ], [ -105.741059998732993, 22.491070000356199 ], [ -105.673899998748993, 22.330639999025699 ], [ -105.655319999997005, 21.9900800002826 ], [ -105.493839998857993, 21.7492199997616 ], [ -105.455280000339997, 21.6211299996225 ], [ -105.285750000109005, 21.520539999853199 ], [ -105.241649999605002, 21.525720000324501 ], [ -105.195779999989, 21.459020000213101 ], [ -105.256080000034999, 21.339169999799498 ], [ -105.218489998768007, 21.220870000204599 ], [ -105.244069999895004, 21.063500000118101 ], [ -105.270319999595998, 21.031769999978099 ], [ -105.310179998671003, 21.040679999799298 ], [ -105.498119999571998, 20.811680000039502 ], [ -105.547130000077004, 20.7957600002003 ], [ -105.414420000285006, 20.7531199997415 ], [ -105.347630000196006, 20.772089999752598 ], [ -105.249569999900999, 20.654669998978601 ], [ -105.258670000205001, 20.577759999658898 ], [ -105.454519998660999, 20.4925199987733 ], [ -105.632329999039001, 20.470270000196599 ], [ -105.699970000321002, 20.391649999706999 ], [ -105.568740000112001, 20.232810000152401 ], [ -105.564899998716996, 20.0883499988465 ], [ -105.508219999958001, 19.9889400002101 ], [ -105.212589999626999, 19.610590000005701 ], [ -105.105379999698997, 19.563580001029401 ], [ -105.086430000153001, 19.453619998828799 ], [ -105.037760000304999, 19.4314899998542 ], [ -105.029840000009003, 19.373710000265199 ], [ -104.962069999929, 19.3142000002968 ], [ -104.882259999571005, 19.267969999812099 ], [ -104.807849999659993, 19.2896300000534 ], [ -104.816089999623003, 19.2240099997322 ], [ -104.735150000385005, 19.2312800011488 ], [ -104.683260000180994, 19.198529999895499 ], [ -104.695369998982002, 19.171459999869601 ], [ -104.454510000350993, 19.0879299999601 ], [ -104.369480000370999, 19.1086400012315 ], [ -104.318240000445002, 19.063389999764901 ], [ -104.341740000141996, 19.018949999967099 ], [ -103.951120000084998, 18.850310000167902 ], [ -103.706709999590004, 18.647489999950299 ], [ -103.718080001293998, 18.586959999746099 ], [ -103.582859999901999, 18.496129998865399 ], [ -103.481869999679006, 18.319219999629201 ], [ -102.71627000014, 18.048520001111498 ], [ -102.274060000353003, 17.9561399998986 ], [ -102.186589999991, 17.910570000117701 ], [ -102.054409999927998, 17.983480001038899 ], [ -101.959319999745006, 17.9662799999229 ], [ -101.798040000420002, 17.875249999878399 ], [ -101.661510000221995, 17.7101800002483 ], [ -101.659190000389003, 17.664929998801099 ], [ -101.620609999983003, 17.662330000056102 ], [ -101.576019999934005, 17.6183400011031 ], [ -101.557410000146007, 17.635100000305499 ], [ -101.559139999975002, 17.612369999896501 ], [ -101.507609998722998, 17.6228100002178 ], [ -101.443599999672003, 17.5558100012789 ], [ -101.460570000041997, 17.5319199995883 ], [ -101.195870001057003, 17.416429999912101 ], [ -101.060980001174997, 17.313620000339199 ], [ -101.058339999878996, 17.269290000051999 ], [ -99.964619999612907, 16.894920000114301 ], [ -99.904929999661803, 16.8228500003843 ], [ -99.882799999942605, 16.8567800003194 ], [ -99.851220000115703, 16.8472199987261 ], [ -99.864790001103103, 16.810659998879199 ], [ -99.832529999962105, 16.798100000065201 ], [ -99.853030001208495, 16.789739999574099 ], [ -99.692269999770403, 16.7015399999921 ], [ -98.981979999910294, 16.588650000320602 ], [ -98.8711200003535, 16.533469999589101 ], [ -98.8532500012561, 16.559770001178901 ], [ -98.770180000359602, 16.546790000371999 ], [ -98.569109999585194, 16.3254400001811 ], [ -98.215130000043402, 16.2327900002023 ], [ -97.934279999947293, 16.078969999990498 ], [ -97.7954500000086, 15.9660400000256 ], [ -97.174779999565303, 15.904989999584901 ], [ -96.847219999603595, 15.7259599996628 ], [ -96.488829999651998, 15.646499999950599 ], [ -96.424500000035806, 15.683129999756201 ], [ -96.231219999860897, 15.6722600011365 ], [ -95.753579999703604, 15.8975000011306 ], [ -95.446419998734001, 15.966100001254199 ], [ -95.370639999743005, 16.004679999747999 ], [ -95.356899999774399, 16.066470000260502 ], [ -95.210300000226098, 16.157290001081101 ], [ -95.246939999843093, 16.160570000168999 ], [ -95.149440000313106, 16.1630300002317 ], [ -95.156209999840002, 16.195200001209301 ], [ -94.759200000197893, 16.204290000293 ], [ -95.101490000165299, 16.237919999812 ], [ -94.884310000259504, 16.242549999916299 ], [ -94.814339999997202, 16.267289999848501 ], [ -94.951090001201194, 16.2443599995885 ], [ -95.059389999827403, 16.263140001211301 ], [ -95.065020000427793, 16.2882300003943 ], [ -94.972999999913995, 16.324050000363101 ], [ -94.909680001324702, 16.418369999596202 ], [ -94.855260001225503, 16.429859999999401 ], [ -94.805120000043203, 16.390819999845601 ], [ -94.766910000431295, 16.322209999958499 ], [ -94.808249999987595, 16.290880000079301 ], [ -94.792929999978199, 16.2661700003165 ], [ -94.671929999852395, 16.356750000120599 ], [ -94.594250000254902, 16.336620001003201 ], [ -94.576449998782806, 16.305819999817299 ], [ -94.614840000116402, 16.248440000406699 ], [ -94.733549999648503, 16.214489999574798 ], [ -94.723840000147902, 16.195130000043399 ], [ -94.440409999928406, 16.165689999643298 ], [ -93.986289999560398, 16.015809999927999 ], [ -94.097940000035805, 16.1068900000855 ], [ -94.252059999846594, 16.1711399998125 ], [ -94.389850000417894, 16.172729999672601 ], [ -94.4780499996278, 16.230649999786099 ], [ -94.421580000032804, 16.228480000021001 ], [ -94.476440000348106, 16.256879998858398 ], [ -94.443980000088899, 16.2556599987407 ], [ -94.447999999612804, 16.296380000412299 ], [ -94.413330000024303, 16.308159999920399 ], [ -94.323440000270494, 16.223030000302401 ], [ -94.232409999793504, 16.196690000043599 ], [ -94.154500000042304, 16.234989999989001 ], [ -94.124749999603196, 16.157729998867701 ], [ -93.907470000138304, 16.083230000172499 ], [ -93.883750001230794, 16.017340000103999 ], [ -93.974559999802906, 16.013579999910501 ], [ -93.544920000022302, 15.7715300012007 ], [ -93.5357500002969, 15.750780001219301 ], [ -93.667779998774805, 15.8341100011843 ], [ -93.2530399997774, 15.516849999679501 ], [ -93.018420000046206, 15.286480000327501 ], [ -92.959330000144803, 15.268090000091201 ], [ -92.847950000006094, 15.181020000124199 ], [ -92.843250000066504, 15.207049999972 ], [ -92.753780000437402, 15.1648799996655 ], [ -92.730089999870302, 15.076510000279599 ], [ -92.772289999767196, 15.1453099998156 ], [ -92.839360000238798, 15.1645099998288 ], [ -92.325129999795294, 14.6241299999131 ], [ -110.000000006047998, -4.99999999396303 ] ], [ [ -92.840799998741105, 15.1527400009925 ], [ -92.848319999003607, 15.172099999688401 ], [ -92.874009999735904, 15.187779999777799 ], [ -92.873429999777898, 15.1826100004201 ], [ -92.840799998741105, 15.1527400009925 ] ], [ [ -92.947619999580496, 15.2340399999743 ], [ -92.894720000146293, 15.2079599999793 ], [ -92.959219999641704, 15.2542599999384 ], [ -92.947619999580496, 15.2340399999743 ] ], [ [ -101.633260000356003, 17.645510000111301 ], [ -101.630729998663995, 17.6487100002674 ], [ -101.633670000435004, 17.6487199996062 ], [ -101.633260000356003, 17.645510000111301 ] ], [ [ -101.635319998998995, 17.653139999723599 ], [ -101.632379999923998, 17.6567400010758 ], [ -101.635420000354998, 17.655740000265201 ], [ -101.635319998998995, 17.653139999723599 ] ], [ [ -101.651239999956999, 17.6556100001883 ], [ -101.649540000265006, 17.6592100000783 ], [ -101.652349999644002, 17.658169999764201 ], [ -101.651239999956999, 17.6556100001883 ] ], [ [ -101.672750000432998, 17.673560000044599 ], [ -101.665919999733006, 17.676309999610101 ], [ -101.671480000014, 17.6773200002342 ], [ -101.672750000432998, 17.673560000044599 ] ], [ [ -105.698230000446003, 20.372659999712099 ], [ -105.693070000199, 20.375499999900999 ], [ -105.699219998686999, 20.377569999998599 ], [ -105.698230000446003, 20.372659999712099 ] ], [ [ -105.696430000296999, 20.4165400004098 ], [ -105.694050000190998, 20.4208300003713 ], [ -105.696939999934997, 20.419679999851599 ], [ -105.696430000296999, 20.4165400004098 ] ], [ [ -105.690989998769993, 20.433629999914899 ], [ -105.686040001280006, 20.426330000373401 ], [ -105.688520000048001, 20.4338099999364 ], [ -105.690989998769993, 20.433629999914899 ] ], [ [ -105.625849999940002, 20.719079999894198 ], [ -105.616090001109001, 20.719859999873801 ], [ -105.618159999797996, 20.723529999821402 ], [ -105.625849999940002, 20.719079999894198 ] ], [ [ -105.576889999662995, 20.732630000031602 ], [ -105.568920000036996, 20.728089999919799 ], [ -105.569560000270002, 20.740069999925499 ], [ -105.576889999662995, 20.732630000031602 ] ], [ [ -105.599529999919, 20.737289999893498 ], [ -105.588040000361005, 20.737389998966901 ], [ -105.588119998929997, 20.739689999743501 ], [ -105.599529999919, 20.737289999893498 ] ], [ [ -106.216729998861993, 21.258039999942099 ], [ -106.205650001180004, 21.336650000008898 ], [ -106.272790000174993, 21.3426200003452 ], [ -106.293299999671007, 21.3131699998975 ], [ -106.216729998861993, 21.258039999942099 ] ], [ [ -106.295699999869001, 21.297709999651101 ], [ -106.287459999906005, 21.298979999772001 ], [ -106.293630000281993, 21.304040000038899 ], [ -106.295699999869001, 21.297709999651101 ] ], [ [ -106.306879999806, 21.3163000003116 ], [ -106.299409998873003, 21.320839999747001 ], [ -106.304699999714998, 21.325540000282299 ], [ -106.306879999806, 21.3163000003116 ] ], [ [ -106.416980000376995, 21.416969999881701 ], [ -106.337139999882993, 21.4579900000703 ], [ -106.363540000270007, 21.497089999928701 ], [ -106.479010000252998, 21.506850000173699 ], [ -106.527789999705007, 21.445200000361901 ], [ -106.528369999663994, 21.423359999844401 ], [ -106.416980000376995, 21.416969999881701 ] ], [ [ -106.530909999604006, 21.509210000320898 ], [ -106.504789998701995, 21.606809998805399 ], [ -106.547360000290993, 21.691410000105499 ], [ -106.66312999985, 21.6978300003199 ], [ -106.641879999663999, 21.564470000103 ], [ -106.530909999604006, 21.509210000320898 ] ], [ [ -106.684939999901999, 21.743660001059801 ], [ -106.660599999954997, 21.768649999892901 ], [ -106.678669999966999, 21.820079998787399 ], [ -106.696780000161993, 21.792499999862699 ], [ -106.684939999901999, 21.743660001059801 ] ], [ [ -105.912050000253998, 21.876230000273701 ], [ -105.895679999932995, 21.8715399997361 ], [ -105.909219998986998, 21.890759999749498 ], [ -105.912050000253998, 21.876230000273701 ] ], [ [ -116.442760000329002, 23.857749999757399 ], [ -116.402609999928004, 23.867079999852098 ], [ -116.365170000245001, 23.960199999791801 ], [ -116.374129999908007, 24.0557000000572 ], [ -116.446979999869995, 24.1347299999162 ], [ -116.446250000123996, 24.200169999702499 ], [ -116.534070000290001, 24.1339800001725 ], [ -116.528279999855997, 24.0648199988517 ], [ -116.474000001296005, 24.0197999997193 ], [ -116.442760000329002, 23.857749999757399 ] ], [ [ -111.707960000401002, 24.3035599997764 ], [ -111.692699998869003, 24.370499999994902 ], [ -111.766309998713993, 24.456999999648499 ], [ -111.874309998662994, 24.525499999965 ], [ -112.012690000136999, 24.5243999997369 ], [ -111.707960000401002, 24.3035599997764 ] ], [ [ -111.666569999718007, 24.3615200002161 ], [ -111.457320000153004, 24.335799999964799 ], [ -111.563659999696, 24.376960000066401 ], [ -111.666569999718007, 24.3615200002161 ] ], [ [ -112.059779999943999, 24.543520000136201 ], [ -112.137859999574005, 24.6411499998868 ], [ -112.115600000159006, 24.689919999946401 ], [ -112.129370000264004, 24.733969998875398 ], [ -112.233189999957006, 24.839760000306899 ], [ -112.175449999942998, 24.872180000119901 ], [ -112.184039998811997, 24.8847000003293 ], [ -112.189220000049005, 24.919680000120199 ], [ -112.173269998953998, 24.881559999989801 ], [ -112.161960000220006, 24.9082399998107 ], [ -112.183930000106002, 24.9480599999338 ], [ -112.179640000245001, 24.9624599999844 ], [ -112.152970001317996, 24.973760000210302 ], [ -112.172010000377, 25.036039999748301 ], [ -112.124779999929999, 25.273190001207301 ], [ -112.298690000433993, 24.792730000045299 ], [ -112.255109999614007, 24.751019999694002 ], [ -112.234810000181, 24.789969999721901 ], [ -112.148319999810994, 24.743449999923499 ], [ -112.132829999921995, 24.6828500009896 ], [ -112.168579999958993, 24.651949999703501 ], [ -112.059779999943999, 24.543520000136201 ] ], [ [ -112.157640000222003, 25.035820000174699 ], [ -112.143880001059998, 25.029869999899599 ], [ -112.149380000167994, 25.046259999794 ], [ -112.157640000222003, 25.035820000174699 ] ], [ [ -112.109570001321998, 25.2481499996262 ], [ -112.090929999601002, 25.2451100010055 ], [ -112.087160000322001, 25.257219999893501 ], [ -112.109570001321998, 25.2481499996262 ] ], [ [ -112.100730000411005, 25.274879998824598 ], [ -112.098370001294001, 25.266119998989499 ], [ -112.083479998759998, 25.277819999774302 ], [ -112.100730000411005, 25.274879998824598 ] ], [ [ -112.118360000207005, 25.2785999999555 ], [ -112.114309999648, 25.3058600000372 ], [ -112.098920000215998, 25.331570000347799 ], [ -112.098079999966998, 25.484740000272399 ], [ -112.118360000207005, 25.2785999999555 ] ], [ [ -112.097760000299999, 25.285170000343701 ], [ -112.085269998862998, 25.304259999897599 ], [ -112.094699999778001, 25.3271400000034 ], [ -112.106919999979993, 25.309189999652201 ], [ -112.097760000299999, 25.285170000343701 ] ], [ [ -112.092020000095005, 25.3351400002921 ], [ -112.075289999923996, 25.3376300003737 ], [ -112.081179999916998, 25.3469100000225 ], [ -112.092020000095005, 25.3351400002921 ] ], [ [ -112.093640001216997, 25.506030000310801 ], [ -112.086960000304998, 25.6451000000697 ], [ -112.092990000040004, 25.661280000353699 ], [ -112.091880000353001, 25.680320000056501 ], [ -112.106119999014993, 25.528730000108901 ], [ -112.093640001216997, 25.506030000310801 ] ], [ [ -112.082149999863006, 25.564639999767198 ], [ -112.071790000083993, 25.589279999855901 ], [ -112.082339998934998, 25.594490000044701 ], [ -112.082149999863006, 25.564639999767198 ] ], [ [ -112.082159999908001, 25.603909999632599 ], [ -112.066320000215001, 25.611890000022001 ], [ -112.079729998673997, 25.625010000255699 ], [ -112.082159999908001, 25.603909999632599 ] ], [ [ -112.083939999966006, 25.643909999641501 ], [ -112.077809999772995, 25.6318499988386 ], [ -112.077839999909997, 25.644740000293599 ], [ -112.083939999966006, 25.643909999641501 ] ], [ [ -112.091260000212003, 25.666649999671399 ], [ -112.083479998759998, 25.672860000028699 ], [ -112.088419999796997, 25.6732999997852 ], [ -112.091260000212003, 25.666649999671399 ] ], [ [ -113.076379998682, 26.615380000072999 ], [ -113.066660000034005, 26.614379999788 ], [ -113.075330000167, 26.617209999985 ], [ -113.076379998682, 26.615380000072999 ] ], [ [ -113.081440000268003, 26.6209399988225 ], [ -113.108439999807004, 26.658840000195902 ], [ -113.126479998782997, 26.645890001095701 ], [ -113.122490000295002, 26.635290000392501 ], [ -113.081440000268003, 26.6209399988225 ] ], [ [ -113.090969999844006, 26.666509999662502 ], [ -113.090250000143996, 26.661230000022101 ], [ -113.080270001204994, 26.661360000102299 ], [ -113.090969999844006, 26.666509999662502 ] ], [ [ -113.142680001022001, 26.664389999722601 ], [ -113.178020000082, 26.7209599988233 ], [ -113.264369999812004, 26.712850000364099 ], [ -113.262399999783995, 26.704339999669301 ], [ -113.142680001022001, 26.664389999722601 ] ], [ [ -114.372410000003995, 27.1502400000576 ], [ -114.369320000242993, 27.142890000276299 ], [ -114.365980000235993, 27.145879999908399 ], [ -114.372410000003995, 27.1502400000576 ] ], [ [ -115.175399998996994, 27.855289999694101 ], [ -115.160829999724001, 27.874460000358699 ], [ -115.213590000313999, 27.8979800011024 ], [ -115.187250000201999, 27.8770299998152 ], [ -115.175399998996994, 27.855289999694101 ] ], [ [ -114.174510000256006, 27.900309999816098 ], [ -114.171400001300995, 27.891809999824499 ], [ -114.172700000060999, 27.901920000075101 ], [ -114.174510000256006, 27.900309999816098 ] ], [ [ -115.225570000317006, 28.0376000000036 ], [ -115.178149999899006, 28.0388600001051 ], [ -115.151059999948998, 28.167719999012501 ], [ -115.188339999798004, 28.323009998902201 ], [ -115.232270000422005, 28.375990000232001 ], [ -115.262880000303994, 28.368639999918301 ], [ -115.276549999053998, 28.306039999935098 ], [ -115.251569999772002, 28.227189999915598 ], [ -115.360270000228994, 28.099489998887599 ], [ -115.278269999735002, 28.096020001159498 ], [ -115.225570000317006, 28.0376000000036 ] ], [ [ -115.383739998891002, 28.111240000322098 ], [ -115.377469999854995, 28.108300000258399 ], [ -115.370549999641, 28.115940000078702 ], [ -115.383739998891002, 28.111240000322098 ] ], [ [ -115.605879999926003, 28.264479999807399 ], [ -115.595150000250996, 28.265250000353301 ], [ -115.604140000051004, 28.269450000112901 ], [ -115.605879999926003, 28.264479999807399 ] ], [ [ -115.543429999926005, 28.308530000357599 ], [ -115.527790000248999, 28.3049899996387 ], [ -115.537010000202997, 28.314099999727301 ], [ -115.543429999926005, 28.308530000357599 ] ], [ [ -115.597359998681995, 28.299260000253099 ], [ -115.568620000167996, 28.306899998875199 ], [ -115.594469999834999, 28.316519999967699 ], [ -115.597359998681995, 28.299260000253099 ] ], [ [ -115.565100000236001, 28.316129999929299 ], [ -115.556179999858003, 28.309320000023 ], [ -115.549170000130999, 28.310080000030201 ], [ -115.565100000236001, 28.316129999929299 ] ], [ [ -116.122830001132996, 30.482349999616002 ], [ -116.110070000256997, 30.4949199989078 ], [ -116.125590000282997, 30.4873600001442 ], [ -116.122830001132996, 30.482349999616002 ] ], [ [ -116.789999999583003, 31.799910000113101 ], [ -116.779110000074994, 31.794370000131099 ], [ -116.789829999703997, 31.8035799998462 ], [ -116.789999999583003, 31.799910000113101 ] ], [ [ -116.807450000353001, 31.810130000147399 ], [ -116.799400001259002, 31.810740000022001 ], [ -116.810370000234997, 31.8214900011445 ], [ -116.807450000353001, 31.810130000147399 ] ], [ [ -117.241270000388994, 32.389799999941197 ], [ -117.242000000134993, 32.414309999838302 ], [ -117.247969999595995, 32.419559999896897 ], [ -117.250369998896005, 32.417250000167201 ], [ -117.241270000388994, 32.389799999941197 ] ], [ [ -117.300419999667, 32.440409999854801 ], [ -117.292559999644993, 32.4354099997894 ], [ -117.299920000073996, 32.444990000015402 ], [ -117.300419999667, 32.440409999854801 ] ], [ [ -117.286459998691996, 32.467659999655801 ], [ -117.278740001106996, 32.469689999963101 ], [ -117.284919998833999, 32.473640000369301 ], [ -117.286459998691996, 32.467659999655801 ] ], [ [ -115.960511144199003, 32.630531314290501 ], [ -115.878788703365998, 32.636184784664898 ], [ -115.877376862556005, 32.636303559077099 ], [ -115.878680000030002, 32.636209999721203 ], [ -115.960511144199003, 32.630531314290501 ] ], [ [ -114.187189999867002, 27.898710000300099 ], [ -114.185379999673003, 27.907440000089402 ], [ -114.195480000059007, 27.9118000003294 ], [ -114.187189999867002, 27.898710000300099 ] ], [ [ -114.183320000131005, 27.9189199999498 ], [ -114.165450000134996, 27.915249999652499 ], [ -114.168040001202996, 27.9469499996483 ], [ -114.183320000131005, 27.9189199999498 ] ], [ [ -114.165189999844003, 27.705690000185001 ], [ -114.153310000299001, 27.7093699996474 ], [ -114.170360000136995, 27.714199999874399 ], [ -114.165189999844003, 27.705690000185001 ] ], [ [ -114.153050000007994, 27.726370001185799 ], [ -114.165460000181, 27.7670400000477 ], [ -114.179679998751993, 27.7711799999981 ], [ -114.180970000160997, 27.750949999910301 ], [ -114.153050000007994, 27.726370001185799 ] ], [ [ -114.187929998761007, 27.7268399999246 ], [ -114.220779999905005, 27.7642900003063 ], [ -114.245590000205993, 27.754180000380099 ], [ -114.240419999913001, 27.7436099998862 ], [ -114.187929998761007, 27.7268399999246 ] ], [ [ -114.225469999799003, 27.842870000081099 ], [ -114.223400000211996, 27.8320700011285 ], [ -114.220290000359, 27.8430999988494 ], [ -114.225469999799003, 27.842870000081099 ] ], [ [ -113.222759999919006, 26.7589699999846 ], [ -113.192089998865001, 26.750929999791399 ], [ -113.234949999983996, 26.771000000081099 ], [ -113.222759999919006, 26.7589699999846 ] ], [ [ -113.160699999906996, 26.904630000131501 ], [ -113.149119999039002, 26.907990000183499 ], [ -113.157549999870994, 26.912880000156999 ], [ -113.160699999906996, 26.904630000131501 ] ], [ [ -113.164369998728006, 26.9251100001681 ], [ -113.158699999741003, 26.9278399998752 ], [ -113.164320000296001, 26.929940000342899 ], [ -113.164369998728006, 26.9251100001681 ] ], [ [ -112.119869999928, 24.936289999939898 ], [ -112.124890000432998, 24.951060000398499 ], [ -112.116489998839995, 24.955520000264102 ], [ -112.120290000053004, 24.954889998863301 ], [ -112.124890000432998, 24.951060000398499 ], [ -112.129249999715, 24.9469900010874 ], [ -112.119869999928, 24.936289999939898 ] ], [ [ -109.795880000005994, 24.1403400001401 ], [ -109.807720000266002, 24.209130000190001 ], [ -109.924380001201001, 24.3759199998239 ], [ -109.885959998832007, 24.193789999677001 ], [ -109.795880000005994, 24.1403400001401 ] ], [ [ -110.352260000116999, 24.4000000000715 ], [ -110.295960001300003, 24.460799999600901 ], [ -110.306809999726994, 24.502669999956499 ], [ -110.363579998898004, 24.5316300001329 ], [ -110.396959999771994, 24.517669999597199 ], [ -110.352260000116999, 24.4000000000715 ] ], [ [ -110.403589998658006, 24.492370000090801 ], [ -110.403520000135003, 24.486849999606999 ], [ -110.395629999975995, 24.490080001220701 ], [ -110.403589998658006, 24.492370000090801 ] ], [ [ -110.384959999678003, 24.530870000217401 ], [ -110.362530000383003, 24.5478999996221 ], [ -110.395969999735001, 24.591329998837001 ], [ -110.412610000393002, 24.567239999728201 ], [ -110.384959999678003, 24.530870000217401 ] ], [ [ -110.394530000334996, 24.604150000244299 ], [ -110.387480001323993, 24.597059999936999 ], [ -110.387119998778999, 24.6002599996317 ], [ -110.394530000334996, 24.604150000244299 ] ], [ [ -108.009060001256998, 24.761919999894801 ], [ -107.999689999718001, 24.760659998786199 ], [ -108.006690001194997, 24.765220000373901 ], [ -108.009060001256998, 24.761919999894801 ] ], [ [ -108.082300000307001, 24.816819999803901 ], [ -108.064909998914004, 24.811050000037898 ], [ -108.083339999673996, 24.822980001150999 ], [ -108.082300000307001, 24.816819999803901 ] ], [ [ -108.054360000062005, 24.822689999928201 ], [ -108.082399998968, 24.913600000047399 ], [ -108.048359999566003, 24.8403699999159 ], [ -108.039700001274994, 24.928199999705999 ], [ -108.063879999592004, 24.9663500002452 ], [ -108.060369999705998, 24.994720000377399 ], [ -108.145530000280999, 25.052149999917098 ], [ -108.125029999933005, 24.974369999788198 ], [ -108.147100000275998, 24.960669999696801 ], [ -108.105100000396007, 24.924590000235298 ], [ -108.090989999632995, 24.836250000150301 ], [ -108.054360000062005, 24.822689999928201 ] ], [ [ -108.056809998692998, 24.966140000967499 ], [ -108.045910000036997, 24.970679999669699 ], [ -108.057780000435002, 24.970929999860299 ], [ -108.056809998692998, 24.966140000967499 ] ], [ [ -108.104280000238006, 24.812780000137899 ], [ -108.130909999880998, 24.921089999692601 ], [ -108.238430000329004, 25.058229998780199 ], [ -108.322509998659001, 25.111459999972901 ], [ -108.225270000319, 25.019689998808801 ], [ -108.104280000238006, 24.812780000137899 ] ], [ [ -108.105009999984006, 24.861900000141699 ], [ -108.095149999797997, 24.855610001142701 ], [ -108.101750000343003, 24.867759999990099 ], [ -108.105009999984006, 24.861900000141699 ] ], [ [ -108.157490000191999, 24.972680000000299 ], [ -108.140260001328002, 24.965519999923298 ], [ -108.154170000277006, 24.982680000030602 ], [ -108.157490000191999, 24.972680000000299 ] ], [ [ -108.198839999794004, 25.015659999909701 ], [ -108.194159999945995, 25.0178999989385 ], [ -108.199550000347003, 25.019760001220199 ], [ -108.198839999794004, 25.015659999909701 ] ], [ [ -108.162689998825996, 25.0250800001267 ], [ -108.151040001230996, 25.018859999617501 ], [ -108.160339998856003, 25.028840000232002 ], [ -108.162689998825996, 25.0250800001267 ] ], [ [ -108.233540000418003, 25.077719999998099 ], [ -108.232900000186007, 25.091059999636901 ], [ -108.240629998713999, 25.088930000383399 ], [ -108.233540000418003, 25.077719999998099 ] ], [ [ -108.253500000092998, 25.094169999857801 ], [ -108.244799999823002, 25.091750000003699 ], [ -108.254140000326004, 25.102650000201901 ], [ -108.253500000092998, 25.094169999857801 ] ], [ [ -108.301379999920997, 25.118490000086201 ], [ -108.291339999808997, 25.114519999738199 ], [ -108.290899998694996, 25.115919999693201 ], [ -108.301379999920997, 25.118490000086201 ] ], [ [ -110.594369999974006, 24.839070000025501 ], [ -110.567680000056995, 24.830769999778902 ], [ -110.572939999864005, 24.855259998942699 ], [ -110.594369999974006, 24.839070000025501 ] ], [ [ -110.586980001203997, 24.872629999633599 ], [ -110.534310000126993, 24.8888700000326 ], [ -110.572739998949004, 25.001529998791099 ], [ -110.711480000272005, 25.0986899999066 ], [ -110.715240000403995, 25.0344799996533 ], [ -110.586980001203997, 24.872629999633599 ] ], [ [ -108.238719999859001, 25.1344800002759 ], [ -108.232950000415002, 25.140450000339001 ], [ -108.242550001208997, 25.145820000145999 ], [ -108.238719999859001, 25.1344800002759 ] ], [ [ -108.406369999576, 25.174070000150699 ], [ -108.393530001029006, 25.149089999829599 ], [ -108.394869999972002, 25.176610001169401 ], [ -108.406369999576, 25.174070000150699 ] ], [ [ -108.279440000172002, 25.1460000001317 ], [ -108.311060000181996, 25.194610001064699 ], [ -108.356790000057003, 25.209809999887 ], [ -108.341150000379997, 25.173669999628299 ], [ -108.373870000031999, 25.197189999651201 ], [ -108.354710000424006, 25.166709999644699 ], [ -108.279440000172002, 25.1460000001317 ] ], [ [ -108.270289998742001, 25.160820000203 ], [ -108.245450000101002, 25.180629999795599 ], [ -108.273619999600996, 25.1832100010046 ], [ -108.270289998742001, 25.160820000203 ] ], [ [ -108.371780000352999, 25.164419999638501 ], [ -108.355149999741002, 25.160020001166501 ], [ -108.367400000081005, 25.173099998913202 ], [ -108.371780000352999, 25.164419999638501 ] ], [ [ -110.706340000116995, 25.214770000363998 ], [ -110.696950001182003, 25.216359999640201 ], [ -110.698609999791998, 25.219159999679899 ], [ -110.706340000116995, 25.214770000363998 ] ], [ [ -110.738649999689997, 25.2978300003039 ], [ -110.721549999622994, 25.270290001127201 ], [ -110.701149999731996, 25.3163799998676 ], [ -110.738649999689997, 25.2978300003039 ] ], [ [ -108.806980000414001, 25.368650000259301 ], [ -108.826020000371997, 25.417940000162002 ], [ -109.028290001244997, 25.442909999975999 ], [ -108.912269999645005, 25.422059999673301 ], [ -108.806980000414001, 25.368650000259301 ] ], [ [ -110.798349999685996, 25.5966100002228 ], [ -110.796520000298997, 25.640210000205698 ], [ -110.813099998884994, 25.6957700011166 ], [ -110.833529998912994, 25.641140000309498 ], [ -110.798349999685996, 25.5966100002228 ] ], [ [ -111.041440000432999, 25.645040000182298 ], [ -111.030139999946996, 25.694169998875498 ], [ -111.068599999803993, 25.707239999805701 ], [ -111.056399998795001, 25.663069999736301 ], [ -111.041440000432999, 25.645040000182298 ] ], [ [ -111.241680000105006, 25.765609999034801 ], [ -111.244319998706999, 25.800580000253898 ], [ -111.258410001174994, 25.815139998897902 ], [ -111.255670000319, 25.784289999926401 ], [ -111.241680000105006, 25.765609999034801 ] ], [ [ -111.200850000187003, 25.8014600000737 ], [ -111.126460001265997, 25.984720000028201 ], [ -111.079130000361005, 25.966410000082799 ], [ -111.084820000337004, 26.063050001178201 ], [ -111.185390000435007, 26.025580000127899 ], [ -111.176880000135995, 25.973690001106799 ], [ -111.231949999614997, 25.835690000377301 ], [ -111.200850000187003, 25.8014600000737 ] ], [ [ -111.297349998735996, 26.085480000002399 ], [ -111.264379999737002, 26.090279999844601 ], [ -111.262140000269994, 26.1173399998072 ], [ -111.290030001185002, 26.112419999677801 ], [ -111.297349998735996, 26.085480000002399 ] ], [ [ -109.941670000339997, 27.018419999701901 ], [ -109.968770000335994, 27.061800000050301 ], [ -110.010170000166994, 27.0885999989057 ], [ -110.045720000187004, 27.0867000000509 ], [ -109.941670000339997, 27.018419999701901 ] ], [ [ -110.529470001343995, 27.288640000293 ], [ -110.529190000062997, 27.304719999644998 ], [ -110.584529999878995, 27.321369999965398 ], [ -110.591749999667996, 27.415810000042399 ], [ -110.603379998967, 27.327850001125601 ], [ -110.529470001343995, 27.288640000293 ] ], [ [ -112.306949999590003, 28.746810000148599 ], [ -112.250900000119998, 28.7731399999155 ], [ -112.266329998836, 28.830099999796101 ], [ -112.187409998955999, 28.9748600000528 ], [ -112.272130000214005, 29.138029999905299 ], [ -112.272940000326003, 29.239790000124898 ], [ -112.455679999897995, 29.189829999722701 ], [ -112.503209999922007, 29.0643199996865 ], [ -112.484489999630995, 28.9561199990011 ], [ -112.582139999847001, 28.8764299999232 ], [ -112.306949999590003, 28.746810000148599 ] ], [ [ -113.141560001287999, 29.000839999752099 ], [ -113.125529999828004, 29.062040000257401 ], [ -113.176650000102995, 29.080809999974299 ], [ -113.202240001275996, 29.145770000267198 ], [ -113.189159999834999, 29.287839999871 ], [ -113.388780000265001, 29.315340000371201 ], [ -113.364030000238998, 29.3974099999961 ], [ -113.409160000064006, 29.4748400001608 ], [ -113.528649999571002, 29.565940000015701 ], [ -113.588639999996005, 29.5551999989266 ], [ -113.608490000065004, 29.433349999902699 ], [ -113.514020000022995, 29.295119999846701 ], [ -113.466839999803994, 29.291209999945401 ], [ -113.267010000210007, 29.074789998873101 ], [ -113.141560001287999, 29.000839999752099 ] ], [ [ -113.898230000403004, 31.5704400001956 ], [ -113.893130001328998, 31.577079999873799 ], [ -113.900089999927999, 31.577780000343601 ], [ -113.898230000403004, 31.5704400001956 ] ], [ [ -113.930879999734003, 31.587469999908901 ], [ -113.916690000401999, 31.5839999998406 ], [ -113.930069999623001, 31.589760001103901 ], [ -113.930879999734003, 31.587469999908901 ] ], [ [ -113.956880000088006, 31.5904900000262 ], [ -113.953099999865003, 31.597590000334101 ], [ -113.959549999724999, 31.593940000974399 ], [ -113.956880000088006, 31.5904900000262 ] ], [ [ -110.847649998823002, 27.892619999805401 ], [ -110.833180000007005, 27.900309999816098 ], [ -110.833020000172993, 27.905599999623199 ], [ -110.847649998823002, 27.892619999805401 ] ], [ [ -108.837519999975996, 25.4971899990189 ], [ -108.808379998733002, 25.5021200000091 ], [ -108.822620000091007, 25.517599999825599 ], [ -108.837519999975996, 25.4971899990189 ] ], [ [ -108.882110000024994, 25.486999999798599 ], [ -108.846410001115004, 25.492670000165301 ], [ -108.840379999583007, 25.5080999996302 ], [ -108.870319999993001, 25.513479999938902 ], [ -108.882110000024994, 25.486999999798599 ] ], [ [ -108.889099998762006, 25.528059999749502 ], [ -108.879909999842994, 25.5220199997351 ], [ -108.874330000369994, 25.5268599989972 ], [ -108.889099998762006, 25.528059999749502 ] ], [ [ -108.794109999933994, 25.539500000020698 ], [ -108.785649999862997, 25.542849999880499 ], [ -108.797969999624002, 25.545540000063902 ], [ -108.794109999933994, 25.539500000020698 ] ], [ [ -94.895959999650898, 16.3325400003684 ], [ -94.886519998690503, 16.335129999770601 ], [ -94.886900000428795, 16.3411800010836 ], [ -94.895959999650898, 16.3325400003684 ] ], [ [ -94.874480000209999, 16.348789999763898 ], [ -94.865979999956295, 16.341230000328402 ], [ -94.844040000207798, 16.338149999868602 ], [ -94.874480000209999, 16.348789999763898 ] ], [ [ -94.824279999651594, 16.346430000197799 ], [ -94.809389999812495, 16.340099999791001 ], [ -94.819850000048703, 16.3504199997084 ], [ -94.824279999651594, 16.346430000197799 ] ] ] } },
{ "type": "Feature", "properties": { "OBJECTID": 7, "DistrictName": "Great Lakes", "DistrictId": 9, "Office": "Cleveland, Ohio", "Opfac": "71109", "Atu": "09", "AreaName": "Atlantic Area", "ZONES": "Cotp Zones consist of Buffalo, Detroit, Duluth, Lake Michigan, and Sault Ste. Marie", "Emergency_Contact_Number": "", "GlobalID": "0d91567f-3317-416c-9a78-236e39b377c9", "SHAPE__Area": 1322284277300.0898, "SHAPE__Length": 9076993.0417971816 }, "geometry": { "type": "MultiPolygon", "coordinates": [ [ [ [ -82.217291282768201, 41.765517088827004 ], [ -82.217219417545394, 41.765550590454197 ], [ -82.217216431545395, 41.7655519231486 ], [ -82.217291282768201, 41.765517088827004 ] ] ], [ [ [ -90.000007443488698, 40.999978550149699 ], [ -90.000007443488698, 46.3333210668793 ], [ -96.608382982738405, 46.333317965617098 ], [ -96.721858169428401, 46.439504247215602 ], [ -96.747226593051806, 46.581918253323799 ], [ -96.798179035967095, 46.629467060717701 ], [ -96.7754516592789, 46.766750035939303 ], [ -96.802544848247905, 46.811520489237601 ], [ -96.753263271761199, 46.924562909009801 ], [ -96.791765064838501, 46.928464716099398 ], [ -96.839546454800896, 47.006729087769003 ], [ -96.812659878347105, 47.038634575174797 ], [ -96.841244270687895, 47.151855040266099 ], [ -96.821553199659903, 47.184314783395102 ], [ -96.844837531824297, 47.193413996689699 ], [ -96.828766671391406, 47.328031509379898 ], [ -96.858213446404903, 47.367602887493398 ], [ -96.8374623633417, 47.389525852316297 ], [ -96.871769024042194, 47.419114082191598 ], [ -96.851008957826195, 47.598508603180598 ], [ -96.934884655904497, 47.767207687639903 ], [ -96.991577333485196, 47.808186374143702 ], [ -96.974105101209105, 47.823402936458798 ], [ -97.055339752351998, 47.947514167334297 ], [ -97.072255029152004, 48.0480688041837 ], [ -97.146500787384497, 48.142217764814603 ], [ -97.120979650162596, 48.1594425312501 ], [ -97.147506900502705, 48.170572024560997 ], [ -97.139296298805903, 48.2167538182755 ], [ -97.117835546668204, 48.209765147965399 ], [ -97.139053753679093, 48.221952051964699 ], [ -97.152187123133004, 48.219626827875501 ], [ -97.137194241041001, 48.2269522726044 ], [ -97.120692189271693, 48.224752953863202 ], [ -97.145036533471298, 48.268751271142897 ], [ -97.1122300592953, 48.296470798354399 ], [ -97.156265474522897, 48.365578480811202 ], [ -97.133340468472198, 48.382197164686701 ], [ -97.163380131573106, 48.392857714767899 ], [ -97.1225786513684, 48.4179223830157 ], [ -97.150633037691406, 48.4408114964492 ], [ -97.128166172435598, 48.474360570419996 ], [ -97.162670462498696, 48.4777818480419 ], [ -97.126755817439502, 48.520157963535198 ], [ -97.175426539533106, 48.561957653735703 ], [ -97.090311166362795, 48.684403807788101 ], [ -97.181642881299297, 48.7985179587454 ], [ -97.158116004008093, 48.810318591168901 ], [ -97.190275691179707, 48.815133894986701 ], [ -97.177816058188895, 48.875637712451002 ], [ -97.2339697465992, 48.9473647031421 ], [ -97.233664319402607, 48.997731583780897 ], [ -95.153714093705105, 48.998898532005597 ], [ -95.149644725468093, 49.380560578218002 ], [ -95.053641771054203, 49.352890247733598 ], [ -94.957450170430704, 49.370178717252799 ], [ -94.816226024614195, 49.320988632720997 ], [ -94.683050783743496, 48.884578943886503 ], [ -94.6955553324985, 48.789549514858997 ], [ -94.587443088054698, 48.717610887244 ], [ -94.452183755724803, 48.692418555174001 ], [ -94.300521186306895, 48.709170385800597 ], [ -94.224011673558394, 48.649489351472901 ], [ -93.838975776479103, 48.626970498122503 ], [ -93.790754212027593, 48.5153500951971 ], [ -93.476999632743201, 48.543800916245701 ], [ -93.465348483508194, 48.5913597026586 ], [ -93.256768657688497, 48.642479814674303 ], [ -92.951350444240603, 48.629968843007902 ], [ -92.734955275449096, 48.540749873709103 ], [ -92.634864986492403, 48.541088887517503 ], [ -92.629259499119598, 48.502739173991401 ], [ -92.716800323556996, 48.465408773615103 ], [ -92.658715257285806, 48.435540165303301 ], [ -92.508319312418607, 48.447008857155197 ], [ -92.460609787679005, 48.412520479596999 ], [ -92.477075906836902, 48.3600486569784 ], [ -92.369772146148804, 48.220380966179597 ], [ -92.270131014834206, 48.245368978722702 ], [ -92.305201243526298, 48.319548958127498 ], [ -92.264220100264794, 48.354169016950998 ], [ -92.055298914637106, 48.3594607235108 ], [ -91.958226965035095, 48.233238511531503 ], [ -91.715250646986505, 48.199611170432497 ], [ -91.711621453238607, 48.114759465517899 ], [ -91.559015652772402, 48.108698614815999 ], [ -91.567396934373306, 48.043900957573001 ], [ -91.266658943555697, 48.078938798392102 ], [ -90.885656482102107, 48.246068898173 ], [ -90.839195615607494, 48.239670560137398 ], [ -90.836303040392593, 48.177140737288497 ], [ -90.777804749090706, 48.163948544376296 ], [ -90.798133623970301, 48.136999449619999 ], [ -90.751475128113199, 48.091099804386602 ], [ -90.579600464802596, 48.123910864921299 ], [ -90.556603593529104, 48.096040797965401 ], [ -90.374191691935906, 48.0910098001007 ], [ -90.135688984002101, 48.112240445654699 ], [ -90.023273809347401, 48.084790122420102 ], [ -89.993755169111196, 48.028151380507197 ], [ -89.896027449351806, 47.9895710227105 ], [ -89.770128562282494, 48.023200862453201 ], [ -89.484599049225096, 48.013262343752203 ], [ -89.355106901019298, 47.978763109956297 ], [ -88.677705311570406, 48.245063882631499 ], [ -88.366663644444102, 48.308332334133198 ], [ -84.860080949730701, 46.888905884918401 ], [ -84.762766455002094, 46.634281637526101 ], [ -84.565011328355993, 46.466379736183299 ], [ -84.482806496706203, 46.459659786729297 ], [ -84.428332657877206, 46.503049478033603 ], [ -84.192767440922495, 46.546660966870299 ], [ -84.126390924578899, 46.531929935610599 ], [ -84.109879889656895, 46.502131258019602 ], [ -84.146073012453996, 46.418882982809897 ], [ -84.1080293601715, 46.2410645649015 ], [ -84.005863962908606, 46.149405703828201 ], [ -84.006070575424005, 46.118526114757302 ], [ -83.976147693309997, 46.102573752120399 ], [ -83.955279829259894, 46.056945641594297 ], [ -83.826155990320501, 46.1190149196348 ], [ -83.654793366721904, 46.121916525556699 ], [ -83.571690219787996, 46.105905975865198 ], [ -83.433744924758599, 45.998713124789802 ], [ -83.637734359476497, 45.773397034918197 ], [ -83.489242843011496, 45.772992893855601 ], [ -82.518532330144794, 45.338618488842897 ], [ -82.122312407778196, 43.591900353581103 ], [ -82.455021439557598, 42.9268711099051 ], [ -82.467534971465298, 42.764979679837502 ], [ -82.519556409568693, 42.612680737725398 ], [ -82.589759749022605, 42.550680513413802 ], [ -82.661669887516396, 42.541868418322103 ], [ -82.828172625427896, 42.373339572333101 ], [ -83.079117000046793, 42.308371416775302 ], [ -83.128290778699494, 42.238444731588103 ], [ -83.122065453780493, 42.1250581800997 ], [ -83.168607168650695, 42.0460999743946 ], [ -83.0719394609266, 41.859721422755399 ], [ -82.6966592678328, 41.683878686892697 ], [ -82.395633816124402, 41.6812018016293 ], [ -81.277958922775696, 42.202008276936802 ], [ -80.073129480561803, 42.392526008320701 ], [ -78.936616915705102, 42.831005937404399 ], [ -78.906756915661006, 42.929150232551102 ], [ -79.019091241940203, 42.995349367200703 ], [ -79.003685134817502, 43.062199222912298 ], [ -79.076035447800507, 43.0780013893039 ], [ -79.043525417668207, 43.141690411803303 ], [ -79.057107944764098, 43.256201573796098 ], [ -79.202158913690894, 43.453363696545203 ], [ -78.663070928537906, 43.637488438441601 ], [ -76.798015685107401, 43.631409423153499 ], [ -76.440827561835903, 44.0930197097234 ], [ -76.351346376384797, 44.136069793029399 ], [ -76.313176959962504, 44.198943876442399 ], [ -76.191419306352898, 44.220904197125101 ], [ -76.161864733505396, 44.280909590984997 ], [ -75.912932585123102, 44.368101013824798 ], [ -75.820846285347997, 44.432238063503398 ], [ -75.766219732920703, 44.5158480456654 ], [ -75.413918444794703, 44.772186939080001 ], [ -75.283168655191105, 44.849169606394 ], [ -74.972486314178298, 44.983460143352303 ], [ -74.826581945731604, 45.015849431438298 ], [ -74.656063738499995, 44.999504625800597 ], [ -74.650000110332201, 42.000007049294702 ], [ -78.916674316397703, 41.998998998105897 ], [ -78.915991596781694, 41.000009058674301 ], [ -90.000007443488698, 40.999978550149699 ] ] ], [ [ [ -82.422942600761601, 43.007769376175197 ], [ -82.421828689809303, 43.006058119695098 ], [ -82.422816836621905, 43.008097826860201 ], [ -82.422942600761601, 43.007769376175197 ] ] ], [ [ [ -83.977863475502602, 46.099565235065803 ], [ -83.977917374419704, 46.099882912320403 ], [ -83.978231784769093, 46.0998330807152 ], [ -83.977863475502602, 46.099565235065803 ] ] ], [ [ [ -75.7475437581638, 44.528449496156099 ], [ -75.727071152838704, 44.542799339987099 ], [ -75.713416760520104, 44.554105114711902 ], [ -75.723154498199904, 44.546282213580398 ], [ -75.7475437581638, 44.528449496156099 ] ] ], [ [ [ -75.030930706563097, 44.945225626537997 ], [ -75.031047487549998, 44.945171582510298 ], [ -75.029673065165397, 44.945680230167902 ], [ -75.030930706563097, 44.945225626537997 ] ] ] ] } },
{ "type": "Feature", "properties": { "OBJECTID": 8, "DistrictName": "Arctic", "DistrictId": 17, "Office": "Juneau, Alaska", "Opfac": "71117", "Atu": "17", "AreaName": "Pacific Area", "ZONES": "Cotp Zones Consist of Southeast Alaska, Western Alaska, and Prince William Sound", "Emergency_Contact_Number": "", "GlobalID": "2b19cb38-afd3-406a-9930-b33a311c04fa", "SHAPE__Area": 61504372550883.836, "SHAPE__Length": 58923333.296542019 }, "geometry": { "type": "MultiPolygon", "coordinates": [ [ [ [ 165.000000000088988, 39.9999999999784 ], [ 165.000000000088988, 42.999999999044803 ], [ 157.999999999665988, 50.999999999773102 ], [ 157.999999999665988, 51.768859999871403 ], [ 158.104519999866, 51.809000000026501 ], [ 158.272460000010994, 51.955149999849901 ], [ 158.272660000027003, 52.0059799998727 ], [ 158.326720000275998, 52.071120000247703 ], [ 158.305389998826996, 52.113420000206403 ], [ 158.380540000325993, 52.124980000086303 ], [ 158.41396999873399, 52.165869999947297 ], [ 158.386519998935, 52.211569999927001 ], [ 158.45335000010499, 52.241349999960697 ], [ 158.443560000237994, 52.260849999857797 ], [ 158.525830000170004, 52.266359999966397 ], [ 158.57129999975399, 52.314719999977001 ], [ 158.485200000269003, 52.333410000042299 ], [ 158.57224999960701, 52.374259999927197 ], [ 158.54607000022699, 52.409790000068 ], [ 158.401859999933009, 52.399719999881903 ], [ 158.513900000397001, 52.458809999891699 ], [ 158.479290000183994, 52.496240000040601 ], [ 158.527600000180996, 52.518440000128102 ], [ 158.518160000119991, 52.551029999997702 ], [ 158.416939999742993, 52.5922399999776 ], [ 158.459850000193001, 52.6069899999844 ], [ 158.393510000366007, 52.643179999926801 ], [ 158.499019998806006, 52.606330000042398 ], [ 158.560299998843988, 52.6198800001455 ], [ 158.603519998915004, 52.687500000259597 ], [ 158.480510000375006, 52.761890000119301 ], [ 158.535690000356993, 52.7871400001818 ], [ 158.568650000209004, 52.769589999970599 ], [ 158.585530000167012, 52.807389999995301 ], [ 158.740520000364995, 52.8909599997736 ], [ 158.724990000291996, 52.940080000161402 ], [ 158.775250000227004, 52.921119999886201 ], [ 158.901239998924012, 53.016789999848797 ], [ 159.130740000387988, 53.112669999875301 ], [ 159.318400000008012, 53.1592999999326 ], [ 159.394810000084988, 53.148620000143602 ], [ 159.474109999906005, 53.218539999946699 ], [ 159.630330000339995, 53.249460000026701 ], [ 159.712109998928014, 53.211700000024798 ], [ 159.839709998702006, 53.264739999912798 ], [ 159.746520000022997, 53.192340000098199 ], [ 160.033520000402007, 53.092450000076703 ], [ 160.056789999947, 53.135639999955202 ], [ 160.040069998923997, 53.207249999831703 ], [ 160.002030000089007, 53.221669999758603 ], [ 160.023929999654001, 53.2527500000161 ], [ 159.959179999913999, 53.237129999979999 ], [ 159.948299998654988, 53.203360000093099 ], [ 159.906200000114012, 53.249600000057001 ], [ 159.973909999920011, 53.320169999986497 ], [ 159.916790000046007, 53.319379999910801 ], [ 159.897689999813991, 53.347780000223899 ], [ 159.931200001283003, 53.3773200001568 ], [ 159.846540000299996, 53.396309999888203 ], [ 159.866229999637994, 53.474359999980102 ], [ 159.946349998717011, 53.467929999892199 ], [ 159.964289999931992, 53.4926399997819 ], [ 159.923369998704004, 53.5646200001501 ], [ 159.962740000028987, 53.558679999994503 ], [ 159.905149999802006, 53.638340000121502 ], [ 159.917800000173997, 53.676349999891499 ], [ 159.873080000429013, 53.662840000121101 ], [ 159.845049998874003, 53.714450000093301 ], [ 159.855259998864994, 53.8392899998491 ], [ 159.96091999978799, 54.019759999866103 ], [ 159.980359998880004, 54.112569999888599 ], [ 160.427000000067011, 54.3902100002095 ], [ 160.644440001161996, 54.493640000199598 ], [ 160.966900000252991, 54.586440000085098 ], [ 161.19334000029599, 54.581989999990299 ], [ 161.204249999896007, 54.523380000067299 ], [ 161.282349998720008, 54.476780000181698 ], [ 161.474299999996987, 54.514730000240803 ], [ 161.720149999894005, 54.507990000125503 ], [ 161.827549998894995, 54.599630000010997 ], [ 162.121800000099, 54.752270000097297 ], [ 162.097789999865, 54.818179999939296 ], [ 162.153519998770008, 54.8464600000624 ], [ 161.83561999897799, 55.113519999891103 ], [ 161.756649999768001, 55.2785800000416 ], [ 161.735950000302012, 55.407250000242897 ], [ 161.787899999882995, 55.646509999855802 ], [ 161.908799998652995, 55.775819999993097 ], [ 162.030670000063992, 55.980019999882501 ], [ 162.097169999724002, 56.000000000091802 ], [ 162.064729998658009, 56.039830000020501 ], [ 162.091859999689007, 56.082070000191798 ], [ 162.268219998824009, 56.161539999949198 ], [ 162.621860000404013, 56.231589999995002 ], [ 162.757829999835991, 56.149930000094201 ], [ 162.829410000276994, 56.063929999885303 ], [ 163.06209000011799, 56.0095599998917 ], [ 163.159350000345, 56.118900000217103 ], [ 163.369420000068004, 56.185139999956696 ], [ 163.338790000095003, 56.268430000094597 ], [ 163.361489998828006, 56.325580000176402 ], [ 163.252790000169, 56.443729999917998 ], [ 163.278979999595009, 56.463990000100701 ], [ 163.255110000000997, 56.543960000048401 ], [ 163.280589998874007, 56.571060000031601 ], [ 163.243380000244002, 56.619330000188498 ], [ 163.290389998786992, 56.689209999889499 ], [ 163.238999999971014, 56.712160000077802 ], [ 163.241180000062002, 56.750310000033203 ], [ 163.088200000076, 56.7437300001897 ], [ 162.939849999708997, 56.6954799998854 ], [ 162.782880000336007, 56.780899999800397 ], [ 162.861250001293001, 57.018720000027699 ], [ 162.779710000209008, 57.184809999811399 ], [ 162.787629999606992, 57.341200000098397 ], [ 162.914250000287012, 57.432390000047199 ], [ 163.093930000234991, 57.475219999968701 ], [ 163.149520000296008, 57.566569999874098 ], [ 163.246799999718007, 57.616279999987199 ], [ 163.226749998732998, 57.656859999909898 ], [ 163.325830000101007, 57.720460000034102 ], [ 163.505059999786994, 58.479039999933498 ], [ 163.599489998748993, 58.573879999841701 ], [ 164.161189998941012, 58.807549999836603 ], [ 164.269549999638997, 58.806490000106699 ], [ 164.467440000240003, 58.865670000042499 ], [ 164.631559999979999, 58.863190000107998 ], [ 164.719069999625987, 58.922880000172299 ], [ 164.698639999597987, 58.967360000004298 ], [ 164.745569998674, 59.043799999884797 ], [ 164.600740000036012, 59.2080099999948 ], [ 164.700120000080005, 59.596469999811198 ], [ 164.891190000026995, 59.804130000050897 ], [ 165.115649999996009, 59.872169999906198 ], [ 165.177609998653992, 59.969919999806301 ], [ 165.234189999649999, 59.990670000037497 ], [ 165.274360000142991, 60.1055699998347 ], [ 165.341540000218004, 60.153389999865396 ], [ 165.565899999729993, 60.212409999859098 ], [ 166.090849999802003, 59.8104999999792 ], [ 166.270709998777988, 59.817039999823102 ], [ 166.410339998782007, 59.931099999995702 ], [ 166.736240000133989, 60.106409999797499 ], [ 166.852370000440999, 60.217359999972501 ], [ 166.822070000182009, 60.226429999814698 ], [ 166.888090000341009, 60.2324199999399 ], [ 166.976060000296002, 60.300909999828697 ], [ 167.063539998907004, 60.308350000162797 ], [ 167.050199999869989, 60.402689999902002 ], [ 167.208859999786995, 60.340640000105999 ], [ 167.428950001326001, 60.414479999869101 ], [ 167.765199998816996, 60.468120000101997 ], [ 167.793529999946998, 60.486079999807103 ], [ 167.782610000300991, 60.528349999793498 ], [ 167.868089999646003, 60.502169999948599 ], [ 168.068419999730992, 60.559169999941801 ], [ 168.525779999647995, 60.597260000060601 ], [ 168.714769999961987, 60.543610000171597 ], [ 168.788419999989003, 60.566550000097699 ], [ 169.214600000112, 60.547089999858002 ], [ 169.633619999822997, 60.438149999889298 ], [ 169.747630001212997, 60.3893699998562 ], [ 169.740110000051999, 60.332849999813497 ], [ 169.785690000138999, 60.309040000017802 ], [ 169.787290000269991, 60.264689999833799 ], [ 169.874739998745014, 60.232380000125403 ], [ 169.952129999709996, 60.082620000111802 ], [ 170.116270001337995, 60.036560000102199 ], [ 170.165049999892005, 60.009910000038097 ], [ 170.136519999645003, 59.970960000037799 ], [ 170.291109999809009, 59.927619999816102 ], [ 170.430689998686006, 59.969479999888698 ], [ 170.521710000014991, 60.246990000045699 ], [ 170.69188999872901, 60.301380000071703 ], [ 170.698910000298014, 60.342579999864597 ], [ 170.626030000198995, 60.357529999832401 ], [ 170.669450000286986, 60.3733799997798 ], [ 170.641069999825987, 60.389000000135503 ], [ 170.658460000321014, 60.409600000093 ], [ 170.747970000132995, 60.404470000112198 ], [ 170.867780000204988, 60.487389999889899 ], [ 171.396040000146996, 60.615939999902999 ], [ 171.396670000335007, 60.665000000174899 ], [ 171.523350000390991, 60.714319999994999 ], [ 171.629010000416997, 60.7156700001483 ], [ 171.826859999937, 60.822360000105697 ], [ 172.066439999897995, 60.838440000157803 ], [ 172.145680000341997, 60.927590000030598 ], [ 172.220229999097995, 60.946660000053903 ], [ 172.285159998763987, 61.007289999814198 ], [ 172.464000000259006, 61.031299999850297 ], [ 172.719440000005989, 61.228699999855003 ], [ 172.799549999938989, 61.262150000154797 ], [ 172.937880000284991, 61.263490000105001 ], [ 173.089379999789003, 61.383059999931199 ], [ 173.315750000410986, 61.459219999828797 ], [ 173.309770000004988, 61.512029999994297 ], [ 173.491910000427993, 61.541109999988997 ], [ 173.503050000180991, 61.705669999875703 ], [ 173.563609999620013, 61.7342100002056 ], [ 173.676070000207005, 61.731909999823102 ], [ 173.846999999656987, 61.641800000149402 ], [ 174.145660000372004, 61.776510000159099 ], [ 174.739520001247996, 61.857200000157 ], [ 174.828830000146013, 61.914669999840797 ], [ 175.23613000014501, 62.0133300000183 ], [ 175.572740000181994, 62.152119999904897 ], [ 176.241010000069991, 62.275249999997499 ], [ 176.586640000044014, 62.420420000050399 ], [ 177.123869998797005, 62.531700000206598 ], [ 177.562680000098993, 62.553030000022403 ], [ 178.079960000120991, 62.520890000040502 ], [ 178.324650000101002, 62.4494399999612 ], [ 179.027069999893996, 62.330449999891599 ], [ 179.08173000019201, 62.270819999861402 ], [ 179.130880000439987, 62.277049999910602 ], [ 179.172969999835004, 62.306759999985097 ], [ 179.146839999783992, 62.350320000076799 ], [ 179.184939999790998, 62.382540000134597 ], [ 179.111820000390992, 62.414279999796499 ], [ 179.131260000382014, 62.4440900001632 ], [ 179.214250000014999, 62.483399999872901 ], [ 179.404170000091, 62.4857500000603 ], [ 179.461520000118014, 62.585249999818103 ], [ 179.596009999965986, 62.620840000153997 ], [ 179.619230000181005, 62.734489999897498 ], [ 179.531919998754006, 62.855219999828499 ], [ 179.304929999787987, 62.895919999907903 ], [ 179.266310000097008, 62.9936800001203 ], [ 179.344340000398006, 63.054570000011402 ], [ 179.465260000157997, 63.056159999840702 ], [ 179.452029998928992, 63.107770000102398 ], [ 179.329010000342009, 63.1909699998563 ], [ 179.098529999785001, 63.262060000005398 ], [ 178.892529999816986, 63.418939999898399 ], [ 178.815309998729987, 63.536749999805501 ], [ 178.798370001192012, 63.685479999893602 ], [ 178.660979999755, 64.000009999856601 ], [ 178.684109998659011, 63.9999999998155 ], [ 178.230149999920997, 64.439020000073498 ], [ 178.94531999874701, 65.056540000088305 ], [ 179.340899999932986, 65.079450000178497 ], [ 179.761079999559996, 64.923020000105097 ], [ 179.850570000179999, 64.988500000157799 ], [ 179.999988541187008, 65.027346799921602 ], [ 179.999988541187008, 39.9999999999784 ], [ 165.000000000088988, 39.9999999999784 ] ] ], [ [ [ 168.096889998806006, 54.449520000243602 ], [ 168.096889998806006, 54.541690000028602 ], [ 167.543849998702001, 54.887340000182398 ], [ 167.382550000181993, 54.910380000010797 ], [ 167.428639999908, 54.818210000191002 ], [ 167.566899999933014, 54.679950000154797 ], [ 168.096889998806006, 54.449520000243602 ] ] ], [ [ [ 166.576040000359995, 54.749079999815997 ], [ 166.668219999808997, 54.749079999815997 ], [ 166.668219999808997, 54.864300000199499 ], [ 166.391699998858996, 54.979509999833297 ], [ 166.161270000325999, 55.325160000247202 ], [ 165.884750000274011, 55.3481999999034 ], [ 165.815620000260992, 55.279070000001497 ], [ 165.999970000012013, 55.256029999863699 ], [ 166.253439999730006, 54.910380000010797 ], [ 166.391699998858996, 54.864300000199499 ], [ 166.576040000359995, 54.749079999815997 ] ] ], [ [ [ -179.999988541186013, 39.9999999999784 ], [ -179.999988541186013, 65.027353204034398 ], [ -179.769759999738, 65.124400000182703 ], [ -179.666689999883005, 65.130119999947894 ], [ -179.528979999677006, 65.231309999815807 ], [ -179.507100000203991, 65.326279999888996 ], [ -179.456509999656987, 65.367859999883905 ], [ -179.472629999732987, 65.405889999935795 ], [ -179.259349999699992, 65.529799999938504 ], [ -179.327010000175989, 65.566770000107098 ], [ -179.269739999617002, 65.627060000015803 ], [ -179.618379999884013, 65.739750000070003 ], [ -179.77100000002099, 65.896009999836195 ], [ -179.745209998830006, 66.082520000085296 ], [ -179.650149999681986, 66.143080000126105 ], [ -179.671910000404011, 66.159830000064005 ], [ -179.584609999922009, 66.1630399999963 ], [ -179.51828000014001, 66.117919999887505 ], [ -179.630739999827995, 66.105199999898304 ], [ -179.292369999826008, 66.120050000125303 ], [ -179.188580000271003, 66.189010000166704 ], [ -179.389949999722006, 66.297200000000601 ], [ -179.140440000150988, 66.261160000102194 ], [ -179.104609999748988, 66.268429999974799 ], [ -179.094389999711012, 66.344820000167203 ], [ -179.037839998852007, 66.364430000083203 ], [ -179.025089998921004, 66.2630200001567 ], [ -179.092730000203005, 66.244300000027494 ], [ -178.960330000032997, 66.158969999942698 ], [ -178.834270000116987, 66.152209999823697 ], [ -178.722560000264991, 66.181399999973195 ], [ -178.594179998720989, 66.339389999866498 ], [ -178.526590001261013, 66.3434800001138 ], [ -178.518259999988004, 66.385149999929396 ], [ -178.468569999966007, 66.389579999858995 ], [ -178.431409999766998, 66.278279999892504 ], [ -178.499539999696992, 66.239929999926304 ], [ -178.442019999790006, 66.216829999931306 ], [ -178.505340000177, 66.168759999951803 ], [ -178.47707000022001, 66.121980000103093 ], [ -178.653460001288011, 66.083459999859997 ], [ -178.645629999606996, 66.023140000073894 ], [ -178.736409999838997, 65.978839999968301 ], [ -178.905360000113006, 66.034069999818598 ], [ -178.802939998738992, 65.928669999853597 ], [ -178.858559999834995, 65.902390000179906 ], [ -178.692860000054992, 65.840160000065296 ], [ -178.681900000226989, 65.797580000055405 ], [ -178.579350000055001, 65.7314900001669 ], [ -178.455680000291011, 65.748310000061394 ], [ -178.402250000229998, 65.714679999908796 ], [ -178.472170001161004, 65.545490000068497 ], [ -178.526400000390993, 65.489990000069398 ], [ -178.255320000069986, 65.446739999967207 ], [ -177.451109999988006, 65.459480000046796 ], [ -177.307650000429987, 65.484700000084203 ], [ -177.096049999998002, 65.591160000124106 ], [ -176.922530001277011, 65.599750000088804 ], [ -176.470180000021998, 65.539889999915204 ], [ -176.392490000379013, 65.510210000178006 ], [ -176.56107999990499, 65.533400000092101 ], [ -176.137279999888989, 65.452120000084506 ], [ -176.021330000403992, 65.456089999827597 ], [ -176.039019999576993, 65.441559999873505 ], [ -175.898570001210999, 65.406940000176405 ], [ -175.870959999781007, 65.352749999813796 ], [ -175.892900000428995, 65.326930000087899 ], [ -175.841849999575004, 65.293139999973903 ], [ -175.866150000237013, 65.273840000070507 ], [ -175.964160000303991, 65.375160000115798 ], [ -176.022809999988993, 65.395390000172895 ], [ -175.721079998703999, 65.1404999999491 ], [ -175.779950000294008, 65.071770000125895 ], [ -175.770769999624008, 65.037569999863507 ], [ -175.876160000211996, 64.9999999998725 ], [ -175.471220000227987, 64.887949999815405 ], [ -175.464289999968997, 64.847379999832697 ], [ -175.353820000399992, 64.845049999944607 ], [ -175.432140000229992, 64.811619999841596 ], [ -175.419540000085988, 64.788270000134105 ], [ -175.046769999934014, 64.772749999840698 ], [ -174.924609999891004, 64.799039999833198 ], [ -174.361139999687992, 64.641600000096901 ], [ -174.228439999941003, 64.658529999979194 ], [ -174.205760000401, 64.642709999936898 ], [ -174.272480000169992, 64.629749999998594 ], [ -174.037109999703006, 64.539179999948999 ], [ -174.035250000177996, 64.489880000174495 ], [ -173.979280000175009, 64.4227199999752 ], [ -173.626980000233004, 64.328090000191807 ], [ -173.530010000433009, 64.333810000114795 ], [ -173.30071999993001, 64.4390400000932 ], [ -173.278610000301995, 64.480770000104599 ], [ -173.344540000051012, 64.605480000053404 ], [ -173.278089999720009, 64.579819999965096 ], [ -173.264569998961008, 64.521300000057906 ], [ -173.211070001272986, 64.526440000030604 ], [ -173.252430000022997, 64.426060000106503 ], [ -173.158899999787991, 64.441929999862893 ], [ -173.245970000118007, 64.389240000184898 ], [ -173.261809999811987, 64.407840000147502 ], [ -173.35794000026101, 64.371489999875806 ], [ -173.367859999822997, 64.297039999845495 ], [ -173.085879999947991, 64.245780000137401 ], [ -172.839070000151992, 64.301229999960299 ], [ -172.818769999820006, 64.409329999893799 ], [ -172.788879998739986, 64.429479999940099 ], [ -172.857819999680999, 64.466230000056996 ], [ -173.028149999979007, 64.454999999874005 ], [ -172.954219999569005, 64.492669999968399 ], [ -172.76387000022001, 64.512280000037194 ], [ -172.710739999735011, 64.434149999983006 ], [ -172.722470000388995, 64.403790000126804 ], [ -172.591640000214994, 64.375350000182394 ], [ -172.226899999962001, 64.406270000088099 ], [ -172.361680000239005, 64.4783900001554 ], [ -172.416599999931009, 64.546129999811797 ], [ -172.571030001160011, 64.555149999981197 ], [ -172.618469998975996, 64.584729999947299 ], [ -172.596910000066998, 64.556070000175794 ], [ -172.633029999998996, 64.5572699999626 ], [ -172.674009998807009, 64.571199999884897 ], [ -172.642589999711987, 64.587979999881796 ], [ -172.782849999005009, 64.616680000113902 ], [ -172.976350000187011, 64.5686899998787 ], [ -172.830690001345005, 64.6587799998793 ], [ -172.913100001020013, 64.679379999974998 ], [ -173.057559999760997, 64.659080000179202 ], [ -172.842010000124986, 64.695540000176393 ], [ -172.83402000130701, 64.7296400001281 ], [ -172.742030000031008, 64.769139999893397 ], [ -172.918400000111006, 64.822609999936802 ], [ -172.907580000024012, 64.845849999938096 ], [ -173.056490001155993, 64.777660000154199 ], [ -173.173979999598998, 64.758089999838404 ], [ -173.180109999791, 64.7812800000127 ], [ -173.091539999786988, 64.790310000109201 ], [ -173.052010001322998, 64.809620000171407 ], [ -173.076619999810987, 64.836719999933095 ], [ -172.941800000249003, 64.8715699999413 ], [ -172.752870000208986, 64.838009999923202 ], [ -172.497410001269998, 64.908260000101095 ], [ -172.517679999666996, 64.923130000024301 ], [ -172.455669999884009, 64.911499999888406 ], [ -172.494959999944001, 64.9015800001023 ], [ -172.387440001291992, 64.916689999996606 ], [ -172.07523999882801, 65.086680000062998 ], [ -172.084839999622005, 65.098959999906299 ], [ -172.13041999970801, 65.069789999978397 ], [ -172.167690000411, 65.070479999977806 ], [ -172.181729999954996, 65.115880000054105 ], [ -172.092529999763002, 65.103090000061002 ], [ -172.199260000191998, 65.202979999985601 ], [ -172.173520000129002, 65.284009999873504 ], [ -172.214190000212994, 65.311310000013805 ], [ -172.080149999728008, 65.481509999908894 ], [ -172.176769999724002, 65.434649999960101 ], [ -172.348340000305001, 65.417559999851804 ], [ -172.434829999777008, 65.460880000178093 ], [ -172.271970000412011, 65.451740000048304 ], [ -172.385830000215009, 65.534880000182397 ], [ -172.352129999674986, 65.575970000142405 ], [ -172.618469998975996, 65.609570000127903 ], [ -172.643910001259002, 65.623960000037101 ], [ -172.623290000362005, 65.659470000089996 ], [ -172.776579999968988, 65.664180000054998 ], [ -172.91047999981501, 65.695879999994204 ], [ -172.852400000041996, 65.706999999842296 ], [ -172.86693000003001, 65.692520000103997 ], [ -172.741149999599003, 65.665699999953404 ], [ -172.568769999804999, 65.691429999843393 ], [ -172.579759999770005, 65.6684099998768 ], [ -172.311220001186996, 65.672320000083204 ], [ -172.257580000164012, 65.651480000042298 ], [ -172.303940001124005, 65.622020000036599 ], [ -172.216320000075001, 65.582210000030102 ], [ -172.249449999807013, 65.544519999946701 ], [ -172.067060000037998, 65.552780000053403 ], [ -171.937929999554001, 65.512099999921801 ], [ -171.737530000047997, 65.501199999855501 ], [ -172.063509999969, 65.472000000036701 ], [ -171.276399999952986, 65.527309999827494 ], [ -171.053190000313009, 65.463549999899797 ], [ -170.987079999741013, 65.495979999985295 ], [ -170.980039999877988, 65.5822200001667 ], [ -171.059159999772987, 65.626339999866303 ], [ -171.228619999685009, 65.654209999996297 ], [ -171.315429999722994, 65.714529999880497 ], [ -171.255020000071994, 65.720840000123701 ], [ -171.374179999865987, 65.759830000034796 ], [ -171.411509999944002, 65.816750000105699 ], [ -171.474010001070013, 65.838479999972193 ], [ -171.262560000425992, 65.782500000140402 ], [ -171.162510000010997, 65.700990000004694 ], [ -170.867160000062995, 65.649300000184098 ], [ -170.849179999564001, 65.620149999865504 ], [ -170.583099998758996, 65.604379999972096 ], [ -170.506759999900993, 65.655689999916405 ], [ -170.497190000142012, 65.718409999967903 ], [ -170.530469999659999, 65.773630000049906 ], [ -170.479710000133991, 65.807980000141001 ], [ -170.501399998739004, 65.845990000094602 ], [ -170.576629999706, 65.838949999879901 ], [ -170.597039999642988, 65.850099999977601 ], [ -170.022760001193006, 66.040709999860795 ], [ -170.043180001176012, 66.048570000025293 ], [ -169.748719999909014, 66.007280000047302 ], [ -169.658650000230011, 66.083269999962795 ], [ -169.658509999589995, 85.051128514007999 ], [ -141.026969999833995, 85.051128514007999 ], [ -141.001870000004999, 60.306349999855797 ], [ -140.520580000220008, 60.219809999824399 ], [ -140.458360000373006, 60.308080000005702 ], [ -139.981249999945987, 60.181940000045202 ], [ -139.693109999741012, 60.3351899998721 ], [ -139.074889998825995, 60.352469999778599 ], [ -139.198999998804993, 60.0882800001012 ], [ -139.053830000407999, 59.994809999830103 ], [ -138.707499999029011, 59.906309999968002 ], [ -138.626329999635999, 59.768559999957503 ], [ -137.607390000076009, 59.243809999908997 ], [ -137.500030000359004, 58.9853900002255 ], [ -137.52611000107899, 58.906360000012903 ], [ -137.451720000361007, 58.908350000228403 ], [ -137.282859998703003, 59.000030000050103 ], [ -136.828720000039993, 59.159959999799398 ], [ -136.584410000002009, 59.1658599998052 ], [ -136.469220001298993, 59.284079999918603 ], [ -136.477109998763012, 59.465830000173298 ], [ -136.368179999950002, 59.4489699998934 ], [ -136.238470000406011, 59.524330000219301 ], [ -136.23981000024699, 59.559419999955402 ], [ -136.353910000251005, 59.5998300001662 ], [ -135.952670000125011, 59.6621800001612 ], [ -135.479170000040995, 59.798030000027197 ], [ -135.233669999948006, 59.696140000067103 ], [ -135.219830000421013, 59.662779999922002 ], [ -135.028890000169014, 59.563649999981301 ], [ -135.027560000373995, 59.474750000208999 ], [ -135.101029999578998, 59.427529999914903 ], [ -134.989749998999002, 59.387140000037498 ], [ -135.030529999587003, 59.346359999971703 ], [ -134.959919999990007, 59.280919999898998 ], [ -134.700720000112, 59.249000000087896 ], [ -134.678940000197997, 59.192169999942898 ], [ -134.565579999985005, 59.131129999892899 ], [ -134.48341999875899, 59.131609999902899 ], [ -134.381919999797987, 59.038779999849197 ], [ -134.407170000314011, 58.979219999899001 ], [ -134.313529999575991, 58.962190000089997 ], [ -134.336500001340994, 58.923419999864898 ], [ -134.258110000291992, 58.861039999964902 ], [ -133.84052999998201, 58.729439999811603 ], [ -133.707139999774995, 58.612279999908097 ], [ -133.377330000299992, 58.430559999969198 ], [ -133.461530000078, 58.387720000061499 ], [ -133.17235999875399, 58.153690000052798 ], [ -133.070170000230007, 58.000390000074297 ], [ -132.869440000111013, 57.839780000085803 ], [ -132.248049999968003, 57.211300000119103 ], [ -132.369050000095001, 57.091559999791698 ], [ -132.045309999640011, 57.045109999837003 ], [ -132.123610000277012, 56.873670000025498 ], [ -131.872939999891997, 56.806029999892097 ], [ -131.901110000290004, 56.753690000239899 ], [ -131.835359999567999, 56.599220000173503 ], [ -131.581180001093998, 56.6122800000349 ], [ -131.087500000328987, 56.406070000028002 ], [ -130.782140001303986, 56.366919999766601 ], [ -130.623470001342014, 56.266939999988601 ], [ -130.468029999983997, 56.243110000012301 ], [ -130.426169999846991, 56.141610000151204 ], [ -130.246360000202003, 56.0964699999763 ], [ -130.103940000011988, 56.122859999984399 ], [ -130.003640000249987, 56.008109999871202 ], [ -130.003919999733995, 55.907469999917303 ], [ -130.152559999630995, 55.766329999904997 ], [ -130.111779999941007, 55.682940000094597 ], [ -130.128029999712993, 55.581079999802498 ], [ -129.974190001181995, 55.281940000172398 ], [ -130.102859999563009, 55.192610000242396 ], [ -130.187579999922008, 55.0628600001981 ], [ -130.345970000400001, 54.917749999881799 ], [ -130.659079999840998, 54.763080000177801 ], [ -130.615668333423997, 54.707474999974103 ], [ -130.651100000169009, 54.666530000058302 ], [ -140.000000000373007, 54.666666666995802 ], [ -149.999999993790993, 40.000000004795403 ], [ -179.999988541186013, 39.9999999999784 ] ] ] ] } },
{ "type": "Feature", "properties": { "OBJECTID": 9, "DistrictName": "Northwest", "DistrictId": 13, "Office": "Seattle, Washington", "Opfac": "71113", "Atu": "13", "AreaName": "Pacific Area", "ZONES": "Cotp Zones consist of Puget Sound and Columbia River", "Emergency_Contact_Number": "", "GlobalID": "646abe6d-786f-4a9e-b62a-c82ec5a4c966", "SHAPE__Area": 6923450905865.4062, "SHAPE__Length": 20179348.402274556 }, "geometry": { "type": "Polygon", "coordinates": [ [ [ -149.999999993791988, 40.000000004795197 ], [ -140.000000000374001, 54.666666666995397 ], [ -130.371369999807001, 54.6613799999256 ], [ -130.037489998783997, 54.342280000166802 ], [ -129.960129999752013, 54.319639999810498 ], [ -130.06041000031999, 54.338049999951501 ], [ -130.411880000058005, 54.628740000018198 ], [ -130.437909998753014, 54.620199999862301 ], [ -130.433619999790011, 54.496660000070797 ], [ -130.481109998731995, 54.364719999738398 ], [ -130.308689999654007, 54.318009999870803 ], [ -130.275509999694009, 54.3463100000384 ], [ -130.191679999813005, 54.193320000105999 ], [ -130.117900000089008, 54.154990000168901 ], [ -129.871369999776988, 54.235270000068901 ], [ -129.474289999814999, 54.239359999807903 ], [ -129.614170000065002, 54.178920000151898 ], [ -129.831939999973997, 54.219439999942402 ], [ -130.049160000063011, 54.150960000135697 ], [ -130.091089999622994, 54.068879999851902 ], [ -130.100270000292994, 53.944289999877498 ], [ -129.353610000254008, 53.407769999996503 ], [ -129.272799999813998, 53.379160000020299 ], [ -129.237489999992988, 53.433600000086599 ], [ -129.217500000180991, 53.640270000063502 ], [ -129.117550001121998, 53.713740000253402 ], [ -128.931950000145008, 53.774709999757697 ], [ -128.687090000285991, 53.993669999955799 ], [ -128.606170000241008, 54.029779999881598 ], [ -128.678860000369014, 53.909180000004604 ], [ -128.476710000043994, 53.838540000114101 ], [ -128.669420001204998, 53.842860000259002 ], [ -128.770570001261007, 53.7958299999978 ], [ -128.814849999892999, 53.6212400000828 ], [ -128.544169999605003, 53.479739999784599 ], [ -128.126919999904999, 53.4810900000993 ], [ -127.924999998836, 53.3244499999252 ], [ -127.922600001332995, 53.273689999858703 ], [ -127.870920000292998, 53.237169999733098 ], [ -127.948609999935996, 53.254300000189502 ], [ -127.951869998678006, 53.315409999881801 ], [ -128.131930000365003, 53.448880000185397 ], [ -128.429499998789993, 53.429819999771297 ], [ -128.523619999926012, 53.396660000259601 ], [ -128.786319999644007, 53.561550000151399 ], [ -128.969569998855007, 53.5531700002566 ], [ -128.887980000237008, 53.424960000132501 ], [ -128.853879998764, 53.279729999802001 ], [ -128.701109999739003, 53.195539999983097 ], [ -128.625549999957002, 53.202219999971497 ], [ -128.539729999955995, 53.131940000008598 ], [ -128.493939999806997, 52.886879999961103 ], [ -128.438610000036988, 52.820829999859697 ], [ -128.274440000069006, 52.799439999914199 ], [ -128.131649999981988, 52.8763800000835 ], [ -128.120540001264004, 52.757219999211998 ], [ -128.240549999557004, 52.5608300000358 ], [ -128.222000000044005, 52.470200000134703 ], [ -128.25995000026299, 52.400619999726104 ], [ -128.329709999565011, 52.3802700000561 ], [ -128.393890000291009, 52.291380000085198 ], [ -128.295819999950993, 52.272419999914 ], [ -128.102329999712993, 52.497709999883497 ], [ -127.883670000224001, 52.577360000034801 ], [ -127.890770000361996, 52.547699999730803 ], [ -128.009459999802999, 52.508609999745701 ], [ -128.067650000078999, 52.450820000066898 ], [ -128.007020000320011, 52.337419999906402 ], [ -127.966599998684003, 52.323190000020901 ], [ -127.909259999601005, 52.405419999780797 ], [ -127.927250000144994, 52.429209999748402 ], [ -127.893389998871996, 52.511450000113598 ], [ -127.870059999952005, 52.502980000021701 ], [ -127.905270000214003, 52.2788799999147 ], [ -127.873050000153995, 52.223319999832199 ], [ -127.614990000101002, 52.293330000019999 ], [ -127.465420000441995, 52.395480000113601 ], [ -127.261249999860993, 52.4704699999971 ], [ -127.257230000337003, 52.545830000067397 ], [ -127.046999999882999, 52.645210000081697 ], [ -126.982009999943003, 52.718459999765898 ], [ -127.019580000220003, 52.836659999794399 ], [ -126.974170000013004, 52.833670000205302 ], [ -126.922770000252996, 52.722619999954198 ], [ -126.985400000178004, 52.635960000050403 ], [ -127.191669999585997, 52.553879999963897 ], [ -127.235760000043001, 52.509990000214898 ], [ -127.228059999856001, 52.453049999764801 ], [ -127.149430000403996, 52.350270000194797 ], [ -127.082499998776996, 52.3349900001622 ], [ -126.792770000282005, 52.395549999945999 ], [ -126.734299999623005, 52.371519999855103 ], [ -126.873609999961005, 52.350830000246098 ], [ -126.940830000220004, 52.303879999853201 ], [ -126.903609999747005, 52.210270000243 ], [ -126.763629999938004, 52.132489999866102 ], [ -126.667009999941996, 52.035269999968598 ], [ -126.675409999737994, 51.990889999776599 ], [ -127.007160000002003, 52.303740000022998 ], [ -127.174639999839002, 52.309159999987102 ], [ -127.242349999645, 52.250550000227697 ], [ -127.451450000319994, 52.1764400000677 ], [ -127.427219999978007, 52.125959999778402 ], [ -127.613749999819007, 52.034160000186397 ], [ -127.586669999915003, 52.091660000066099 ], [ -127.471660000240007, 52.104220000213701 ], [ -127.471110001317001, 52.144639999893101 ], [ -127.499439999751999, 52.151659999964302 ], [ -127.580300000421005, 52.129159999953004 ], [ -127.651449999793002, 52.050070000237 ], [ -127.664439999923999, 51.9538800002275 ], [ -127.864780000053997, 51.900889999944901 ], [ -127.889720000051, 51.803049999942097 ], [ -127.876109999779004, 51.668600000019502 ], [ -127.712780000058999, 51.504440000270101 ], [ -127.751389998806005, 51.492700000223401 ], [ -127.719239999964998, 51.459020000254696 ], [ -127.659160000026006, 51.457499999909402 ], [ -127.559860000347996, 51.541240000276701 ], [ -127.571949999954995, 51.706939999864296 ], [ -127.347249999786996, 51.857940000214498 ], [ -127.361310000320998, 51.773600000223198 ], [ -127.427490000315004, 51.7319300001488 ], [ -127.437500000289006, 51.675240000020302 ], [ -127.053879999912994, 51.697769999955099 ], [ -126.698060000039007, 51.664569999791198 ], [ -126.644860000131004, 51.703320000100099 ], [ -126.660279999699995, 51.792219999830301 ], [ -126.606449999603996, 51.716100000005497 ], [ -126.619999999602001, 51.679989999910603 ], [ -126.708049999921997, 51.641939999172898 ], [ -127.095839999610007, 51.668049999913102 ], [ -127.496390000174003, 51.614300000163396 ], [ -127.551669999715003, 51.468319999848298 ], [ -127.783330000280003, 51.349990000256199 ], [ -127.767560000008004, 51.321169999998297 ], [ -127.462780000044006, 51.341659999736002 ], [ -127.395840000166999, 51.3022100000058 ], [ -127.285559999669999, 51.300820000187301 ], [ -127.185269999954997, 51.325280000243403 ], [ -127.121029999851999, 51.383430000192703 ], [ -127.132569998739996, 51.328460000074401 ], [ -127.220559998786001, 51.288600000186499 ], [ -127.565550001223002, 51.293049999909996 ], [ -127.761950001296, 51.249440000145903 ], [ -127.789990000201996, 51.165539999850999 ], [ -127.640689999981007, 51.092080000827501 ], [ -127.501290000129998, 51.1161199999082 ], [ -127.388610000333003, 51.068049999762898 ], [ -127.199579998936997, 51.056800000229501 ], [ -126.849720000275994, 51.093060000067702 ], [ -126.71750000003, 51.132770000008399 ], [ -126.657640000200004, 51.190329999723502 ], [ -126.689310001337006, 51.112629999971603 ], [ -126.821729999802002, 51.065880000021998 ], [ -127.239300000067004, 51.041239999869802 ], [ -127.354460000428006, 51.051659999890902 ], [ -127.498889999930995, 51.098320000060703 ], [ -127.537430000154998, 51.0056900000924 ], [ -127.398620000307005, 50.9263800001604 ], [ -127.018610000275004, 50.8184700000417 ], [ -126.968779998713998, 50.866600000274801 ], [ -127.173150000210001, 50.922209999940698 ], [ -126.812770000138997, 50.912490000008297 ], [ -126.669590000065, 50.867220000127404 ], [ -126.419299999621998, 50.937349999917203 ], [ -126.245539999803995, 50.923319999815099 ], [ -126.179300000433997, 50.948040000050902 ], [ -126.179719999659994, 50.922209999940698 ], [ -126.246380000052994, 50.898609999814902 ], [ -126.488400001293996, 50.917700000016502 ], [ -126.555550001233996, 50.879019999731803 ], [ -126.557290000210003, 50.840340000038097 ], [ -126.493320000444001, 50.816380000017801 ], [ -126.376099998743996, 50.855270000212201 ], [ -126.198880000166994, 50.855830000283397 ], [ -126.111660000049994, 50.753879999947003 ], [ -126.212020000086, 50.703459999790901 ], [ -126.135559999780995, 50.681529999988697 ], [ -125.731110000241998, 50.735550000060996 ], [ -125.583329999788006, 50.974710000197703 ], [ -125.638060001305007, 51.0660999999862 ], [ -125.610819999770996, 51.087769999918201 ], [ -125.558609999001007, 51.049289999836098 ], [ -125.507860000418006, 50.941479999969999 ], [ -125.620130000136001, 50.752079999969098 ], [ -125.738330000030999, 50.682209999824501 ], [ -126.270210000361999, 50.627350000161996 ], [ -126.186130000234996, 50.557360000196802 ], [ -126.276959999797, 50.5163099999168 ], [ -126.063319999914995, 50.470819999953399 ], [ -125.855689999676002, 50.499020000127103 ], [ -125.703679999635, 50.429499999810503 ], [ -125.644449999992005, 50.443460000013701 ], [ -125.561099999611002, 50.642630000249902 ], [ -125.467990000398999, 50.7112399999084 ], [ -125.432489999709006, 50.711099999806201 ], [ -125.532229999603999, 50.627209999838598 ], [ -125.548480000273997, 50.497579999928298 ], [ -125.488330000016006, 50.456370000077797 ], [ -125.246109999655999, 50.462209999806198 ], [ -125.182859998691001, 50.412770000015499 ], [ -125.117459999570997, 50.438050000071101 ], [ -125.101809998950003, 50.498469999895697 ], [ -124.904520001093999, 50.621590000272597 ], [ -124.944990000263999, 50.775270000136899 ], [ -124.856729999880997, 50.932140000111303 ], [ -124.806940000300003, 50.919579999770399 ], [ -124.787850001012004, 50.8859600001582 ], [ -124.872769999591, 50.814570000051702 ], [ -124.858889999880006, 50.588180000103598 ], [ -124.968200000432006, 50.499579999808397 ], [ -125.045069999917004, 50.481030000181299 ], [ -125.075289999811005, 50.320969999894302 ], [ -124.829999999780995, 50.309430000100498 ], [ -124.711670000191006, 50.3755500000347 ], [ -124.356519998889993, 50.495930000005103 ], [ -124.520000000194003, 50.399989999909799 ], [ -124.654859999939006, 50.387630000038698 ], [ -124.713070000306999, 50.3238100002472 ], [ -124.602910000357994, 50.2404099997812 ], [ -124.703339999815995, 49.995539999957998 ], [ -124.818090000099005, 50.063919999913303 ], [ -124.741940001212001, 49.958329999807198 ], [ -124.571949999774006, 49.874440000269502 ], [ -124.520970000139002, 49.805619999880598 ], [ -124.408890000392006, 49.763469999841298 ], [ -124.087360000165006, 49.7975099998215 ], [ -124.035100000065, 49.918010000078603 ], [ -124.004179999664004, 49.810550000013301 ], [ -123.924309999930003, 49.830130000105399 ], [ -123.914160000213997, 49.8727699998378 ], [ -123.973460000176999, 49.9115200000561 ], [ -123.998400000174001, 50.0022200000749 ], [ -123.813610000207007, 50.090689999849403 ], [ -123.987210000191993, 50.2109300001554 ], [ -123.825980001095004, 50.154580000192901 ], [ -123.748960000024994, 50.085060000288003 ], [ -123.956810000372002, 49.957630000032502 ], [ -123.892429999629002, 49.923459999912197 ], [ -123.872839999850996, 49.8724199997216 ], [ -123.934709998993995, 49.776090000156302 ], [ -123.806380001270995, 49.643539999715401 ], [ -123.535770000404995, 49.6971099991325 ], [ -123.736969999977006, 49.605430000082997 ], [ -123.770630000335004, 49.576040000258601 ], [ -123.76524999998, 49.509749999871303 ], [ -123.791600000138004, 49.510140000171702 ], [ -123.831120000352996, 49.622210000168202 ], [ -123.938039999853004, 49.740679999914697 ], [ -124.013199998703001, 49.731109999989201 ], [ -124.070009999852999, 49.641519999890498 ], [ -123.890489998839996, 49.468879999913398 ], [ -123.540280001271995, 49.382349999957199 ], [ -123.480340000176994, 49.4142899998755 ], [ -123.491659999855997, 49.508400000083903 ], [ -123.268420000077001, 49.602069999952001 ], [ -123.165619999659995, 49.701169999809601 ], [ -123.251109999948, 49.526450000181597 ], [ -123.236389999989001, 49.338879999935997 ], [ -122.931379999870003, 49.328050000013498 ], [ -122.875619999929995, 49.448049999734003 ], [ -122.855129999628005, 49.438109999993998 ], [ -122.918070000072007, 49.290830000066997 ], [ -123.247909998785005, 49.272490000230803 ], [ -123.207370000194004, 49.125410000163797 ], [ -123.143619999636996, 49.107769999885598 ], [ -123.090839999853998, 49.003819999760402 ], [ -123.036409999708994, 49.003819999760402 ], [ -123.030559999898998, 49.047080000294201 ], [ -122.909430000076, 49.087210000281999 ], [ -122.867559999891995, 49.079119999780602 ], [ -122.875270000125994, 49.031869999737999 ], [ -122.795449998823997, 49.003329999856703 ], [ -121.871920000013006, 48.9989200000606 ], [ -104.063010963755005, 49.000480063906998 ], [ -104.043080660586995, 44.9978568760637 ], [ -111.053429999583003, 44.9957000000148 ], [ -111.046779999706999, 42.001679999837798 ], [ -124.216666666926002, 41.9999999996677 ], [ -128.790461276222999, 41.519274815101802 ], [ -149.999999993791988, 40.000000004795197 ] ], [ [ -123.583329999667001, 48.301100000103503 ], [ -123.419919999582007, 48.426800000265899 ], [ -123.360279999859003, 48.397220000247898 ], [ -123.292980000132005, 48.412069999916099 ], [ -123.277559998767003, 48.452210000149599 ], [ -123.407569998784993, 48.681989999869103 ], [ -123.462189999798994, 48.681000000216699 ], [ -123.509450000384007, 48.587489999852501 ], [ -123.586940000010003, 48.8359599991241 ], [ -123.758959999954001, 48.9829099998801 ], [ -123.750909999962005, 49.0365200001917 ], [ -123.810270000200006, 49.1158300001537 ], [ -123.943050000311999, 49.211110000053097 ], [ -124.789440000200003, 49.464160000272798 ], [ -124.916399999741003, 49.631659999860901 ], [ -124.898060000290002, 49.731659999856099 ], [ -125.168609999983005, 49.9127700002485 ], [ -125.224159999861996, 50.018189999826703 ], [ -125.362779999737995, 50.138049999936001 ], [ -125.433329999958005, 50.309509999787302 ], [ -125.556379998682004, 50.361519999991401 ], [ -125.938179998818001, 50.3836000000978 ], [ -126.190199999987996, 50.464420000024496 ], [ -126.563889999856997, 50.483600000087698 ], [ -127.283330000250004, 50.653799999756302 ], [ -127.459169999701004, 50.718320000095801 ], [ -127.510970001290005, 50.773329999772002 ], [ -127.833329999924004, 50.854160000045901 ], [ -127.966890000009997, 50.871849999985699 ], [ -128.369229999779009, 50.824759999722303 ], [ -128.413270000007003, 50.770900000085298 ], [ -128.319460000289013, 50.6085999997957 ], [ -128.074310000000992, 50.454479999894403 ], [ -127.596210000434994, 50.545299999921497 ], [ -127.634450000184003, 50.578049999838697 ], [ -127.793599999647, 50.584850000131901 ], [ -127.874230000162001, 50.621590000272597 ], [ -127.416949999712003, 50.579609999722599 ], [ -127.491460000081005, 50.566799999995602 ], [ -127.566320000253, 50.508189999788399 ], [ -127.486659998785001, 50.437490000114401 ], [ -127.466320000067995, 50.378180000045397 ], [ -127.573879999800994, 50.481940000164499 ], [ -127.923320000135007, 50.461729999873697 ], [ -127.979029999846006, 50.344850000253402 ], [ -127.926520001298002, 50.316380000098803 ], [ -127.801800000325002, 50.319579999930397 ], [ -127.788889998762997, 50.222209999982098 ], [ -127.902290000056993, 50.130060000280302 ], [ -127.894450000126994, 50.108819999955003 ], [ -127.781390000388996, 50.0841599997324 ], [ -127.548050000223995, 50.130270000124298 ], [ -127.385270000326003, 50.027350000119597 ], [ -127.277850000334993, 50.056869999806501 ], [ -127.270550000181004, 50.099160000027098 ], [ -127.158339999839001, 50.096380000063398 ], [ -127.130279999942999, 50.084719999873897 ], [ -127.239019999684004, 49.9656100002274 ], [ -127.126800000195004, 49.8546100002605 ], [ -126.804439999764995, 49.909160000219103 ], [ -126.679719998791995, 49.8788800000466 ], [ -126.587649999845993, 49.702769999770602 ], [ -126.340840000049994, 49.648609999766599 ], [ -126.089789999722996, 49.660330000239597 ], [ -126.465970000203001, 49.636099999808401 ], [ -126.567920000325003, 49.580409999938198 ], [ -126.578550000440998, 49.412069999962299 ], [ -126.535690000220001, 49.374079999931297 ], [ -126.119999999572002, 49.423049999998497 ], [ -126.063059999624002, 49.346240000150601 ], [ -126.000479999928004, 49.323120000066901 ], [ -125.899650001335004, 49.422839999802001 ], [ -125.943879999738002, 49.323369999742297 ], [ -126.021940000174993, 49.265550000066497 ], [ -125.968639999809994, 49.227279999989896 ], [ -125.791479999710006, 49.289629999955302 ], [ -125.750839998863995, 49.149090000126897 ], [ -125.609540000204007, 49.207280000067499 ], [ -125.768070000424004, 49.098599999747798 ], [ -125.751110000099004, 49.055270000127202 ], [ -125.504729999575005, 48.919019999756301 ], [ -124.895840000017003, 49.009090000049397 ], [ -124.828750000352002, 49.117489999898297 ], [ -124.807009999721998, 49.235609999760001 ], [ -124.780489999683994, 49.139430000210197 ], [ -124.843329999670999, 49.015760000160803 ], [ -125.184720000013002, 48.798469999736099 ], [ -125.101520001216997, 48.724849999777099 ], [ -124.820270000188998, 48.650679999876402 ], [ -124.720829999870006, 48.586649999951902 ], [ -123.583329999667001, 48.301100000103503 ] ] ] } }
]
}
