{
"type": "FeatureCollection",
"name": "Education_Regions",
"crs": { "type": "name", "properties": { "name": "urn:ogc:def:crs:OGC:1.3:CRS84" } },
"features": [
{ "type": "Feature", "properties": { "Shape_Length": 33.106240926919092, "Shape_Area": 20.970468596427025, "OBJECTID": 1, "EPAREGION": "Region 1" }, "geometry": { "type": "MultiPolygon", "coordinates": [ [ [ [ -71.584086690041659, 41.096350412881506 ], [ -71.508093666463225, 41.111623417541878 ], [ -71.47702465869304, 41.155665427493439 ], [ -71.492196668355334, 41.240884443533979 ], [ -71.557569692731747, 41.294026451825097 ], [ -71.634968716026606, 41.263690443822782 ], [ -71.678807724334504, 41.158920421612564 ], [ -71.649849712523761, 41.114151414086599 ], [ -71.584086690041659, 41.096350412881506 ] ] ], [ [ [ -69.176045276002867, 47.456780637699936 ], [ -69.225132293349219, 47.45930463695386 ], [ -69.997213508019712, 46.695411484391357 ], [ -70.056538509299756, 46.415564435227814 ], [ -70.096753522816698, 46.409552432642172 ], [ -70.126940530466058, 46.37087442569775 ], [ -70.191224551410741, 46.350243420166052 ], [ -70.208989556039796, 46.329536416234212 ], [ -70.205927552940096, 46.299698411233834 ], [ -70.231688561145461, 46.291035408716112 ], [ -70.292241575098544, 46.191438389641526 ], [ -70.236240553145976, 46.145158383449456 ], [ -70.252897555925344, 46.100353375684357 ], [ -70.285952567184367, 46.099932373999017 ], [ -70.301911570869663, 46.082583370846578 ], [ -70.310855573223094, 46.063895367099121 ], [ -70.278356561185504, 46.056429367030091 ], [ -70.318038572032947, 46.019036358925632 ], [ -70.283985558666515, 45.995456355877025 ], [ -70.316110567720642, 45.963152349741463 ], [ -70.275628554307502, 45.966818351684793 ], [ -70.239136540108305, 45.943924348982016 ], [ -70.263039546653999, 45.924050344694855 ], [ -70.258826543883018, 45.891199338700233 ], [ -70.370805577429422, 45.835236325687461 ], [ -70.396233584435279, 45.798678318887433 ], [ -70.416971590745291, 45.795542317836997 ], [ -70.384015575495866, 45.734255307726947 ], [ -70.400494580138485, 45.719752304961361 ], [ -70.465552601406841, 45.706483300159327 ], [ -70.526031619487767, 45.666465291198683 ], [ -70.557554629724919, 45.667007290963078 ], [ -70.687720667909488, 45.569364268871787 ], [ -70.677166663002794, 45.552175266762021 ], [ -70.72242767567009, 45.513876258694147 ], [ -70.716401671784382, 45.486504253611045 ], [ -70.68115665727727, 45.452185248978651 ], [ -70.650684646880521, 45.44492424842776 ], [ -70.621462633752429, 45.402510242084205 ], [ -70.65968264490833, 45.377842236580769 ], [ -70.678185652985633, 45.394292239309557 ], [ -70.723922667927127, 45.395609237601171 ], [ -70.75450168050449, 45.428398242620013 ], [ -70.798207695311689, 45.426490240975099 ], [ -70.825663702732072, 45.400189234876926 ], [ -70.802608693348347, 45.366125229942639 ], [ -70.819931696858916, 45.340673224804874 ], [ -70.811611691883414, 45.303485218648277 ], [ -70.835536699165658, 45.293813216193641 ], [ -70.848926701281314, 45.263051210890104 ], [ -70.83781369576748, 45.234745205875491 ], [ -70.89507171554628, 45.24033020529027 ], [ -70.921480727268417, 45.279383210846731 ], [ -70.917949728194699, 45.311704216937613 ], [ -70.95156174188449, 45.338832220611202 ], [ -70.984997752295001, 45.331919217843037 ], [ -71.010417762391484, 45.347690219474948 ], [ -71.008487759842041, 45.319252215254203 ], [ -71.097772788243276, 45.301915209203045 ], [ -71.14706780043295, 45.239770196061436 ], [ -71.231122829621626, 45.249721195186488 ], [ -71.264939844083742, 45.293455201310692 ], [ -71.29650985499228, 45.299199201721116 ], [ -71.360664875280662, 45.269844194156612 ], [ -71.357253873077383, 45.253345191357859 ], [ -71.384917880629047, 45.233360187102186 ], [ -71.443883900451212, 45.237070185940709 ], [ -71.397424883078187, 45.203297181798646 ], [ -71.437650892138393, 45.141733168840652 ], [ -71.429319887833003, 45.122426165718487 ], [ -71.497669907147582, 45.070623154854587 ], [ -71.501088904664414, 45.013358144277483 ], [ -73.343125522246865, 45.010849077795058 ], [ -73.354634523572955, 44.987361072882514 ], [ -73.338245516963212, 44.964760069606996 ], [ -73.338980513422058, 44.917690061651072 ], [ -73.381591522545961, 44.849363048367437 ], [ -73.333155502199972, 44.788768039370815 ], [ -73.365563509353635, 44.741795029280617 ], [ -73.361309504334471, 44.694533021563707 ], [ -73.390232508455185, 44.618363007180001 ], [ -73.374951500642922, 44.575826000041715 ], [ -73.306714472436624, 44.500343988708451 ], [ -73.293628463622738, 44.438911979092175 ], [ -73.334951471913641, 44.3644489640361 ], [ -73.31274245758658, 44.265419947199291 ], [ -73.390626477801277, 44.191076930887583 ], [ -73.437906482490135, 44.045133903286299 ], [ -73.407646471084547, 44.021119899742139 ], [ -73.408555464717082, 43.93190288377496 ], [ -73.374163449851721, 43.876249875211002 ], [ -73.372590447468582, 43.845362868952201 ], [ -73.392518452234043, 43.821348864429659 ], [ -73.350763434875375, 43.771395856488084 ], [ -73.426464450639287, 43.642607830370068 ], [ -73.417670446347699, 43.621695827500368 ], [ -73.431230448784902, 43.588293820222709 ], [ -73.395769435393646, 43.568095818104624 ], [ -73.371891431072342, 43.624498829445571 ], [ -73.30644141056996, 43.62834183259033 ], [ -73.297325403785621, 43.579381823503695 ], [ -73.258632389973897, 43.564958822661062 ], [ -73.241588382324579, 43.534977817488453 ], [ -73.278307347294316, 42.837566687951671 ], [ -73.290945349115333, 42.80192868047439 ], [ -73.276422340950546, 42.746027671047166 ], [ -73.264958337336481, 42.74594867139605 ], [ -73.508143373697564, 42.086265538625099 ], [ -73.487315364585896, 42.049646532651742 ], [ -73.489616362163474, 42.000100522613756 ], [ -73.55096333768239, 41.295429385363825 ], [ -73.482696311004872, 41.212780371681234 ], [ -73.727776383181023, 41.100704341365372 ], [ -73.655256353876666, 41.012254327123742 ], [ -73.659672354216866, 40.98791732227523 ], [ -73.612886336871114, 40.950951316212745 ], [ -72.999548147031064, 41.087116364048967 ], [ -72.08184786088421, 41.262232429276935 ], [ -71.929451814648971, 41.310395443351837 ], [ -71.907258807103716, 41.304491443154063 ], [ -71.790972761745707, 41.18410942350441 ], [ -71.791480766939912, 41.272173440431786 ], [ -71.695043736163115, 41.282655445128377 ], [ -71.57525369980911, 41.320963456753567 ], [ -71.494805672728916, 41.307363456332183 ], [ -71.085038546477577, 41.433475494525858 ], [ -71.033604529170617, 41.414093491582705 ], [ -71.032701526740112, 41.380281485197742 ], [ -70.999480514033067, 41.354111481184411 ], [ -70.955752500227419, 41.35016948165314 ], [ -70.896017481790807, 41.37015648730857 ], [ -70.901005481271397, 41.334621480976928 ], [ -70.870027468702204, 41.297076474398985 ], [ -70.890337474650252, 41.277370469485923 ], [ -70.890541473268868, 41.243099463367194 ], [ -70.866343463154379, 41.215405458613851 ], [ -70.823645448947502, 41.200657456820601 ], [ -70.754188426630122, 41.216099461831242 ], [ -70.703106414488502, 41.289048477378813 ], [ -70.571848371747109, 41.300102484296723 ], [ -70.512199352502506, 41.298321485470794 ], [ -70.459851333411578, 41.265261480366952 ], [ -70.344083296842726, 41.276154486509697 ], [ -70.285736276112416, 41.242354481468752 ], [ -70.109684215435166, 41.189811476152904 ], [ -69.99945717921841, 41.188313479292248 ], [ -69.930953158250247, 41.2105514859675 ], [ -69.899010149659034, 41.245546493301369 ], [ -69.894885151061487, 41.290380502209523 ], [ -69.969634181342329, 41.403519522619739 ], [ -70.006467194718965, 41.433906526725799 ], [ -70.044272207200777, 41.443809528258576 ], [ -70.094412222969325, 41.4308185240928 ], [ -70.116541228975237, 41.395140516022181 ], [ -70.097844220016938, 41.353592508913628 ], [ -70.137940232764777, 41.34637950642621 ], [ -70.215115259026632, 41.360283506807114 ], [ -70.267283277870789, 41.393434511639619 ], [ -70.383449314309786, 41.369941502943931 ], [ -70.392892321621858, 41.44548851820111 ], [ -70.436449336659905, 41.468927521359447 ], [ -70.489689353752865, 41.462985517958906 ], [ -70.508603361750758, 41.49897352473878 ], [ -70.448567343339562, 41.513101529725525 ], [ -70.395164327888608, 41.556730539117218 ], [ -70.311254301478129, 41.571070544740309 ], [ -70.249463281130858, 41.56015454470969 ], [ -70.181500260689049, 41.593555553008684 ], [ -70.077934227232348, 41.612536560078048 ], [ -70.063352221512972, 41.590181555883959 ], [ -70.122559238114462, 41.537841544034713 ], [ -70.126677237797708, 41.503706536930963 ], [ -70.101508227471214, 41.474452531907154 ], [ -70.040313207064074, 41.465968532040392 ], [ -69.936401176572431, 41.521944546337799 ], [ -69.915399173291874, 41.589251560387837 ], [ -69.86812516126578, 41.656799574664213 ], [ -69.858950160475075, 41.706924584937532 ], [ -69.866525169173386, 41.817019605530611 ], [ -69.909178189980395, 41.942070628719414 ], [ -70.011591230267427, 42.073386650559762 ], [ -70.067098250498375, 42.105335655268071 ], [ -70.17254228669799, 42.134523657400365 ], [ -70.277430320441823, 42.114353650993252 ], [ -70.608381429961483, 42.138487645010329 ], [ -70.642946443914525, 42.178193651563831 ], [ -70.640113445569753, 42.228380661671842 ], [ -70.688704463191954, 42.263476666533947 ], [ -70.606290451321556, 42.531228719767562 ], [ -70.521793427199057, 42.593467734620887 ], [ -70.502143423474408, 42.635479743431574 ], [ -70.513934429605001, 42.680602751412351 ], [ -70.549306443601168, 42.724172758679721 ], [ -70.625943470488565, 42.739732759100043 ], [ -70.714324499178389, 42.731919754272056 ], [ -70.74883051742988, 42.858839777202611 ], [ -70.726024514490476, 42.928532790728326 ], [ -70.694395504918177, 42.956762797533322 ], [ -70.667777494480163, 42.927472792956287 ], [ -70.614086476639798, 42.912870792133063 ], [ -70.544593454710778, 42.937687798579304 ], [ -70.532542455574813, 43.020002814307013 ], [ -70.558353465292257, 43.047272818901824 ], [ -70.599658479557633, 43.056947819506242 ], [ -70.553032468149027, 43.123587832653179 ], [ -70.540127464518235, 43.13055583463283 ], [ -70.530199458989401, 43.093740828265872 ], [ -70.49301444567476, 43.073051825676451 ], [ -70.439772428127966, 43.076550827481299 ], [ -70.40624341824811, 43.1021008334355 ], [ -70.407227421107905, 43.13844784000058 ], [ -70.440938433596074, 43.166648844275599 ], [ -70.486362449083302, 43.170272844268894 ], [ -70.521675459676942, 43.15489183965753 ], [ -70.50632445820797, 43.218838852101449 ], [ -70.520831464882718, 43.252112858024894 ], [ -70.493230458393896, 43.286837865006355 ], [ -70.36739741838629, 43.323325875762258 ], [ -70.318948406806683, 43.390146890060393 ], [ -70.280397394360762, 43.408746894503174 ], [ -70.155986360213916, 43.524452919916392 ], [ -69.855212267121018, 43.646955951528206 ], [ -69.730396225807624, 43.657281957695794 ], [ -69.664745207542097, 43.711756969146528 ], [ -69.617288190559336, 43.699822968438134 ], [ -69.550938168560478, 43.707152971676358 ], [ -69.519090160165035, 43.732130977968687 ], [ -69.505785158153358, 43.778464986802291 ], [ -69.409270127655688, 43.810825995113085 ], [ -69.387279119037132, 43.799024994389427 ], [ -69.387588116308521, 43.736113981972863 ], [ -69.335093096212461, 43.704493978258846 ], [ -69.282948079408669, 43.713774981441333 ], [ -69.238097066585524, 43.750092989736679 ], [ -69.233276066530593, 43.780970994979334 ], [ -69.26234007851555, 43.815383000950931 ], [ -69.236554070240075, 43.825635003331364 ], [ -69.19719905535031, 43.796000999447578 ], [ -69.149825040162938, 43.79574400064373 ], [ -69.083005019124968, 43.825656007953029 ], [ -69.055894011739767, 43.858920014593615 ], [ -69.022783999894756, 43.842516012412091 ], [ -69.009921993533993, 43.798445004815164 ], [ -68.949835972316635, 43.780179003539828 ], [ -68.920168960324688, 43.747400998567713 ], [ -68.86144993985215, 43.732523997663407 ], [ -68.817233925167088, 43.739654999957025 ], [ -68.786138916797682, 43.768373005783687 ], [ -68.785323917798152, 43.804348013073778 ], [ -68.669432882855503, 43.86958502770041 ], [ -68.679257888947163, 43.923464038020391 ], [ -68.742648911813646, 43.943156039583869 ], [ -68.721477905206044, 43.961947043244336 ], [ -68.659585883933545, 43.94800004232259 ], [ -68.568387853463534, 43.957979047403228 ], [ -68.436842815066015, 44.053242068486568 ], [ -68.311392773052162, 44.053438072127562 ], [ -68.263135758369287, 44.090626080213774 ], [ -68.203359738565865, 44.099596083500693 ], [ -68.175857730465097, 44.125092089269259 ], [ -68.170749732331828, 44.190123100954786 ], [ -68.122625718330568, 44.226050109079303 ], [ -68.128279722242269, 44.264262115358171 ], [ -67.999445679339388, 44.28020612237075 ], [ -67.925177658189483, 44.341443135646401 ], [ -67.874442639215445, 44.316934131908738 ], [ -67.8237276230264, 44.327047135658887 ], [ -67.795261615523742, 44.361174142599744 ], [ -67.805568620172508, 44.391024147409212 ], [ -67.774749610540709, 44.411323151835617 ], [ -67.715328589143397, 44.386510149545309 ], [ -67.567584539752318, 44.397218154685852 ], [ -67.473026510688484, 44.448348167259518 ], [ -67.444226502837466, 44.481135173293069 ], [ -67.443395503274772, 44.505288178146387 ], [ -67.335982467878466, 44.522706184319127 ], [ -67.300819457303788, 44.549866189902197 ], [ -67.235870436213801, 44.558151192981661 ], [ -67.140853406342757, 44.608274204726229 ], [ -66.952268349930506, 44.760431237329165 ], [ -66.885443329261292, 44.794217244665774 ], [ -66.974768362446227, 44.841523251492887 ], [ -66.968842364115375, 44.910428263356472 ], [ -67.021640383794931, 44.953934269651128 ], [ -67.112586423602949, 45.112579295494804 ], [ -67.158870441432313, 45.162044303463269 ], [ -67.22719346523607, 45.163471302047967 ], [ -67.283535486072211, 45.191832304929726 ], [ -67.302688491051512, 45.160793299256973 ], [ -67.295880487950768, 45.147977297006292 ], [ -67.34092350182199, 45.125101291702464 ], [ -67.404935525893151, 45.159976296446835 ], [ -67.400448525242027, 45.177611299952588 ], [ -67.429102535255851, 45.193347301882746 ], [ -67.439287540761455, 45.226307307550989 ], [ -67.489631561474283, 45.282132315683377 ], [ -67.46031155202094, 45.30002731930076 ], [ -67.419285542468458, 45.377131334678474 ], [ -67.473671563482085, 45.424461341515801 ], [ -67.503704577216794, 45.486670351582816 ], [ -67.463598565096348, 45.508389356227916 ], [ -67.416261548198307, 45.501365356127877 ], [ -67.434954555663225, 45.528226360670629 ], [ -67.423285554636152, 45.571576368496665 ], [ -67.449976565184514, 45.602473373478567 ], [ -67.519215588464291, 45.58757736912176 ], [ -67.638890631273156, 45.625084371737195 ], [ -67.645562633008751, 45.613291369741582 ], [ -67.709465658578452, 45.681389379795434 ], [ -67.734631668047925, 45.688988380115063 ], [ -67.717956661069962, 45.667650377603856 ], [ -67.727222663190673, 45.662678376519111 ], [ -67.803502690610841, 45.677705376608792 ], [ -67.818007696308598, 45.693828378793569 ], [ -67.802933691305739, 45.6960973799263 ], [ -67.809621695463051, 45.729583385658991 ], [ -67.781795686138537, 45.731126386817145 ], [ -67.806143696332938, 45.755325390236266 ], [ -67.806120698431627, 45.794901396560476 ], [ -67.755255682383165, 45.823358403126392 ], [ -67.803777702547663, 45.882750412523542 ], [ -67.750724685923657, 45.917518419886306 ], [ -67.781209698087025, 45.94359842384317 ], [ -67.79032776844484, 47.0672116143434 ], [ -67.882894802631284, 47.104326618056298 ], [ -67.957275834534983, 47.199603631439047 ], [ -68.135927902764621, 47.295641642760003 ], [ -68.154879911085928, 47.325194646577643 ], [ -68.234512941162095, 47.355304649200136 ], [ -68.363063985819934, 47.354718645250195 ], [ -68.384641991025347, 47.326041640314649 ], [ -68.377968986951259, 47.28738963411557 ], [ -68.577816056364341, 47.28763862796194 ], [ -68.617278066804502, 47.243455619794609 ], [ -68.717024102021014, 47.24055061632356 ], [ -68.900085161535898, 47.177728599956296 ], [ -69.050817219378544, 47.256501608649202 ], [ -69.05492422858876, 47.377588628619009 ], [ -69.03068322213295, 47.407417633904871 ], [ -69.043387228258709, 47.426795637299598 ], [ -69.090492243997801, 47.424208634815059 ], [ -69.176045276002867, 47.456780637699936 ] ] ] ] } },
{ "type": "Feature", "properties": { "Shape_Length": 298.86496608237007, "Shape_Area": 389.0310900396538, "OBJECTID": 2, "EPAREGION": "Region 10" }, "geometry": { "type": "MultiPolygon", "coordinates": [ [ [ [ -116.049207112640332, 49.000918388222587 ], [ -123.322435403114085, 49.001967572993586 ], [ -123.008487308851144, 48.831343601042271 ], [ -123.008880292289746, 48.767307598359842 ], [ -123.274024314737275, 48.692974564103146 ], [ -123.219093268126201, 48.548827564107022 ], [ -123.160812235036957, 48.453904565876364 ], [ -123.11554421979848, 48.422979569749245 ], [ -123.251309206326368, 48.283524547887509 ], [ -123.542443236505633, 48.224808512490185 ], [ -123.679382261412954, 48.240027498109171 ], [ -124.013825326717196, 48.297526462382628 ], [ -124.749755489961316, 48.499788387774117 ], [ -124.768386491008485, 48.495408384923167 ], [ -124.772277486463011, 48.47381738345851 ], [ -124.745853475304415, 48.445668385833564 ], [ -124.788573477774065, 48.432170380257318 ], [ -124.817280473339764, 48.398394375612796 ], [ -124.761402438467087, 48.295693377439072 ], [ -124.788757435657615, 48.266377372862024 ], [ -124.780519424430807, 48.228585372306043 ], [ -124.821468427472851, 48.217590367373305 ], [ -124.848267424130285, 48.188205363277291 ], [ -124.843146416194728, 48.158434362073024 ], [ -124.785202389431419, 48.087120365770488 ], [ -124.800127363833738, 47.975197359157534 ], [ -124.758200349036017, 47.943983362911787 ], [ -124.753810340857754, 47.910528362413096 ], [ -124.693946316218515, 47.84933136643857 ], [ -124.639705302809475, 47.825181371142058 ], [ -124.534798260725509, 47.718761378187622 ], [ -124.565292254773212, 47.677221372863265 ], [ -124.553110245002159, 47.643360372424063 ], [ -124.50511623267225, 47.622041377538785 ], [ -124.458988226658121, 47.626725382149267 ], [ -124.452531223113894, 47.61277838298345 ], [ -124.406557171245893, 47.428026379065948 ], [ -124.419407162526213, 47.383981376046847 ], [ -124.39136914566258, 47.329771375948837 ], [ -124.35965913606853, 47.309341378849986 ], [ -124.351314127075355, 47.276395377879616 ], [ -124.306382113666231, 47.248088381928454 ], [ -124.273675089063801, 47.165076381913664 ], [ -124.244145059493931, 47.05865337998133 ], [ -124.24665702695053, 46.91781837324465 ], [ -124.194596002576361, 46.844097375116213 ], [ -124.141291952346805, 46.660318372111128 ], [ -124.129141892810779, 46.403904360405818 ], [ -124.162354867677763, 46.268104349596818 ], [ -124.133550850965875, 46.211711350076726 ], [ -124.050672828335166, 46.163919356730823 ], [ -124.003390793109233, 46.036844355102211 ], [ -124.008139788445959, 46.009945352927375 ], [ -124.070833789796893, 45.973944344431622 ], [ -124.091934786351516, 45.943460340508615 ], [ -124.080172776904462, 45.908269340364804 ], [ -124.043367766636749, 45.887091343164833 ], [ -124.037718756338606, 45.841619341664078 ], [ -124.067982741210997, 45.750320333200747 ], [ -124.010819723628359, 45.708290336777736 ], [ -124.037126699553994, 45.571729327266937 ], [ -124.026674690040849, 45.537882326921753 ], [ -124.053129689499059, 45.514230322192468 ], [ -124.064563681715853, 45.467572318972636 ], [ -124.036512665919844, 45.413341319126012 ], [ -124.07699165678261, 45.341851311283193 ], [ -124.042370639995085, 45.282181310979496 ], [ -124.059841628781442, 45.215604305684316 ], [ -124.044806616448383, 45.166004305110043 ], [ -124.0935756006687, 45.054171293596589 ], [ -124.097946576306057, 44.929662286799456 ], [ -124.141577562813922, 44.833444277272925 ], [ -124.139132538594225, 44.710541270610129 ], [ -124.153976533961597, 44.675337267016147 ], [ -124.137454524585081, 44.641007266453492 ], [ -124.152342520019758, 44.609348263748437 ], [ -124.134327512456665, 44.583187263676308 ], [ -124.164571500447451, 44.499845256396064 ], [ -124.158602481290728, 44.406085251946052 ], [ -124.187663463034625, 44.288564242290548 ], [ -124.195391427959493, 44.097467230733038 ], [ -124.243673377482779, 43.791669208007185 ], [ -124.343850331969762, 43.46501717950192 ], [ -124.380288326390982, 43.402851172639693 ], [ -124.42565732933096, 43.38589116760383 ], [ -124.476962327247875, 43.329376159454462 ], [ -124.474863319065491, 43.288571156941771 ], [ -124.455512313309114, 43.268238157940736 ], [ -124.47034031078573, 43.245501155292665 ], [ -124.465249301959275, 43.200313153022009 ], [ -124.515854295728943, 43.124835143504363 ], [ -124.505345284298471, 43.067958141604997 ], [ -124.530620275975764, 42.999835135049636 ], [ -124.572367269029513, 42.922519126945048 ], [ -124.645168267991124, 42.861897116037674 ], [ -124.703555261279149, 42.770374105110456 ], [ -124.664651246363263, 42.720487105732957 ], [ -124.584703235221596, 42.719307113574686 ], [ -124.544143223525779, 42.683822114721167 ], [ -124.530326212295165, 42.632285113204333 ], [ -124.473568201739937, 42.614739117684572 ], [ -124.48085219669268, 42.58158211482337 ], [ -124.465365189515012, 42.553038114838714 ], [ -124.554665192344785, 42.49414710321004 ], [ -124.569523187677291, 42.454591099152687 ], [ -124.542714177520736, 42.415257099296191 ], [ -124.494168167108569, 42.396091102801797 ], [ -124.482045137055024, 42.224105093404404 ], [ -124.43352812050631, 42.16483709408682 ], [ -124.41251710134074, 42.068494089833585 ], [ -124.338673080572278, 42.003261092479754 ], [ -123.657013980806639, 41.99514215325712 ], [ -122.378239791194019, 42.009522269466778 ], [ -118.696422191126388, 41.991799593948969 ], [ -114.831089492628905, 42.002212927307333 ], [ -113.875857306080107, 41.988011006183903 ], [ -111.046700737452298, 42.001573242226286 ], [ -111.048986133871111, 44.474078501864021 ], [ -111.122666153072103, 44.49366549756482 ], [ -111.13945916084208, 44.51711549792546 ], [ -111.131737161949658, 44.532587500501123 ], [ -111.177058174752474, 44.550942498445139 ], [ -111.180785178830618, 44.569044499225427 ], [ -111.228008190624749, 44.576680496235205 ], [ -111.242292199645831, 44.61342349869507 ], [ -111.219248196709671, 44.622622501423528 ], [ -111.252692208779933, 44.651098501401684 ], [ -111.278130213617416, 44.651021499141763 ], [ -111.266384214526752, 44.666659501648731 ], [ -111.323638237629922, 44.729078502380787 ], [ -111.352989243372065, 44.726184499975098 ], [ -111.386006255561369, 44.755142499745745 ], [ -111.414285253682564, 44.710745492284012 ], [ -111.438810260239507, 44.720551491771339 ], [ -111.488396267816086, 44.706107485259921 ], [ -111.473188257522636, 44.66548548263453 ], [ -111.490538257656567, 44.642284479049806 ], [ -111.516600262861786, 44.6437134770784 ], [ -111.502948256900567, 44.626560476113596 ], [ -111.525776258374563, 44.604889471694491 ], [ -111.519138252743303, 44.582922470649976 ], [ -111.501256247124573, 44.572178471269176 ], [ -111.509155247239036, 44.56320046933407 ], [ -111.469330237733686, 44.557558472093916 ], [ -111.467963234061671, 44.53887347115402 ], [ -111.514262243482605, 44.536471466586889 ], [ -111.585775263201626, 44.562849462377635 ], [ -111.61441726649646, 44.548997458154012 ], [ -111.704230287686713, 44.560211451160953 ], [ -111.715486287260688, 44.543549449054169 ], [ -111.821500303526591, 44.509292435543237 ], [ -111.869228322855733, 44.565301436717007 ], [ -111.947953337622621, 44.556782428894181 ], [ -111.978798340939221, 44.535896424072575 ], [ -112.032719354019875, 44.546648420531838 ], [ -112.032811350550006, 44.528409418520013 ], [ -112.069023359503262, 44.537110416231172 ], [ -112.105776364779402, 44.520722410998133 ], [ -112.136466374297356, 44.539917410322658 ], [ -112.221710392715707, 44.543525402933696 ], [ -112.242797400819526, 44.568097403385408 ], [ -112.286199410368866, 44.568478399953278 ], [ -112.319210411721244, 44.539116393563617 ], [ -112.352521418508672, 44.538027390569319 ], [ -112.35893841068598, 44.486286384855156 ], [ -112.38690840982396, 44.447641378921226 ], [ -112.473219433188476, 44.480033374187151 ], [ -112.500322435554921, 44.463057369649704 ], [ -112.542001448017984, 44.483977368522041 ], [ -112.66070847271412, 44.485762357457439 ], [ -112.71794248757756, 44.504279353562069 ], [ -112.781306497227291, 44.484894346817235 ], [ -112.840533498742985, 44.425275335632037 ], [ -112.813284488142557, 44.398179335154516 ], [ -112.81274748473632, 44.377187332822224 ], [ -112.855407489949727, 44.35998132794591 ], [ -112.881781499276798, 44.380321327473915 ], [ -112.884679503368702, 44.402112328736671 ], [ -112.951158519390546, 44.416705324329321 ], [ -113.003556535972848, 44.450820323081331 ], [ -113.027160549099662, 44.495722324686703 ], [ -113.007042550758158, 44.525878329668338 ], [ -113.045514561593563, 44.543940328002989 ], [ -113.036760563519707, 44.564017330246159 ], [ -113.087863579736322, 44.599249329414285 ], [ -113.049363577171945, 44.629387335245319 ], [ -113.06777459003267, 44.67948033882724 ], [ -113.098131600127715, 44.69798133747662 ], [ -113.102141606241219, 44.729038339581358 ], [ -113.134836617672264, 44.752769338653856 ], [ -113.131465619873921, 44.77284334114524 ], [ -113.246906652957549, 44.822979334969062 ], [ -113.341288664777053, 44.78467032322083 ], [ -113.377165681845398, 44.834864324360886 ], [ -113.421964690669128, 44.83760532004549 ], [ -113.455083702709388, 44.865430319336284 ], [ -113.49875872531419, 44.942320322954338 ], [ -113.443874717985054, 44.959288329699305 ], [ -113.451982737993333, 45.059253338019992 ], [ -113.485290745483042, 45.063525335337786 ], [ -113.520146758340175, 45.093039334211085 ], [ -113.513354760874847, 45.115231336816166 ], [ -113.571693774714745, 45.123900332588732 ], [ -113.565990777949665, 45.149342335066748 ], [ -113.589692784208495, 45.155366333285492 ], [ -113.592532789969397, 45.184695335588785 ], [ -113.691996825068074, 45.262958333343505 ], [ -113.680325825384017, 45.279197335627309 ], [ -113.738741847157755, 45.329747334676455 ], [ -113.733104857521511, 45.390179341312411 ], [ -113.775885869299572, 45.408059338689718 ], [ -113.759547869877096, 45.427152341975386 ], [ -113.784172879919325, 45.454952341656544 ], [ -113.759841880229686, 45.480313346624314 ], [ -113.7660348888637, 45.520627348879401 ], [ -113.834560902564931, 45.520816342971507 ], [ -113.821449909301663, 45.565979348063351 ], [ -113.79667290689234, 45.581626352116622 ], [ -113.806741913191757, 45.602152352527995 ], [ -113.861416928033265, 45.623666349341029 ], [ -113.904703937007284, 45.622013345257713 ], [ -113.8953239394652, 45.644215347617767 ], [ -113.93113695156282, 45.672012346929677 ], [ -113.935027957187728, 45.694355348227958 ], [ -113.963679961345548, 45.689830345049231 ], [ -113.988151970187445, 45.705888344463141 ], [ -114.015645973637163, 45.696133340776896 ], [ -114.028239971906444, 45.675372337245591 ], [ -114.014985965398495, 45.654014337395772 ], [ -114.067631970416002, 45.627712329415381 ], [ -114.086596966620931, 45.591186324449318 ], [ -114.122334972923952, 45.584266320558982 ], [ -114.135261970172095, 45.557471317004676 ], [ -114.192814977768265, 45.536602309568472 ], [ -114.248133990264137, 45.545883304980002 ], [ -114.270629983377702, 45.484822297473947 ], [ -114.333230990913975, 45.459322289642429 ], [ -114.368533003678195, 45.492722288851844 ], [ -114.42657001887396, 45.511684285207991 ], [ -114.430133023640991, 45.529315286451514 ], [ -114.46401303286045, 45.545470284932385 ], [ -114.45616703516292, 45.562135286706294 ], [ -114.498190042044655, 45.555477281723626 ], [ -114.526088050142761, 45.570777280839508 ], [ -114.564851055868871, 45.557736276248079 ], [ -114.538145059811526, 45.606840282962764 ], [ -114.563665070501756, 45.637418283078368 ], [ -114.507767064020015, 45.65763228977675 ], [ -114.499065066360657, 45.679302292633913 ], [ -114.515195070770972, 45.684974291419763 ], [ -114.495434070202236, 45.70332729498373 ], [ -114.566185098114815, 45.773870294370788 ], [ -114.509316100978765, 45.845537305887085 ], [ -114.437676090572154, 45.862626313656165 ], [ -114.409656082972731, 45.851544316105517 ], [ -114.387687084717385, 45.884600321078203 ], [ -114.43117210341974, 45.935743320721556 ], [ -114.402304102735542, 45.957805325659628 ], [ -114.412020108926441, 45.978063326228643 ], [ -114.480270125215057, 45.992868320962955 ], [ -114.480254132915718, 46.030331324129143 ], [ -114.507645138213363, 46.031611321229455 ], [ -114.468542136567578, 46.062490328011158 ], [ -114.460062142029713, 46.097110331956166 ], [ -114.520966159822493, 46.125011328047485 ], [ -114.527167165262313, 46.145837329095912 ], [ -114.514719166966003, 46.167732331898286 ], [ -114.444028153311748, 46.169260339287803 ], [ -114.447758166983093, 46.231486343942905 ], [ -114.470492178623743, 46.267326344502465 ], [ -114.425600173921566, 46.287905350859035 ], [ -114.433491179678768, 46.305508351223047 ], [ -114.410056185770813, 46.360904358660967 ], [ -114.422471194208754, 46.387103359089998 ], [ -114.3684901937619, 46.437259369384108 ], [ -114.402854213629311, 46.49935037100996 ], [ -114.342872204873558, 46.518223378308967 ], [ -114.347959212727019, 46.551648380526537 ], [ -114.329776214725527, 46.576025384342032 ], [ -114.344243220419088, 46.5900753844683 ], [ -114.322607220021666, 46.610830387673417 ], [ -114.320678227292291, 46.646969390953473 ], [ -114.358070240207624, 46.671067388927973 ], [ -114.424787251466739, 46.660566381891492 ], [ -114.466915254039108, 46.631701375208536 ], [ -114.541835272624198, 46.649998369433654 ], [ -114.605282281783744, 46.635828361399767 ], [ -114.642726297155434, 46.673151361445086 ], [ -114.620872300377215, 46.707421365770742 ], [ -114.665341316230254, 46.739251364045991 ], [ -114.699021323179892, 46.740229360882758 ], [ -114.71305732047874, 46.715432356993603 ], [ -114.766903327357269, 46.696907350174669 ], [ -114.788609335200945, 46.713427349427356 ], [ -114.765140336924247, 46.745389354299817 ], [ -114.784777348152332, 46.780076355719444 ], [ -114.829130357773678, 46.782509351239604 ], [ -114.86528337159578, 46.814310349862531 ], [ -114.896139375435069, 46.802669345894621 ], [ -114.898948380438711, 46.823317347064283 ], [ -114.947426397618869, 46.85933034564286 ], [ -114.925156405995978, 46.918687352329066 ], [ -114.960610415468423, 46.930016349575787 ], [ -115.00128743241487, 46.971907348838059 ], [ -115.049551441609381, 46.970779344001478 ], [ -115.071459458299415, 47.026155345733621 ], [ -115.127048477856405, 47.067673343289933 ], [ -115.142663489030468, 47.101847344697326 ], [ -115.243720519582041, 47.150353338412707 ], [ -115.261898530177447, 47.181748338864061 ], [ -115.300517538564065, 47.188145335430761 ], [ -115.294798545325889, 47.220920338209218 ], [ -115.317137552007836, 47.23331133721986 ], [ -115.319994558195361, 47.256726338429736 ], [ -115.482672595511886, 47.281705323526332 ], [ -115.529314608292296, 47.299276320070696 ], [ -115.55138762379417, 47.350048322079118 ], [ -115.576848633056215, 47.366831320360895 ], [ -115.643831648332196, 47.377543314518284 ], [ -115.657694656096396, 47.400656314992311 ], [ -115.720710674285968, 47.425541310390273 ], [ -115.759360680988237, 47.422239305857595 ], [ -115.71826067945041, 47.453166312307225 ], [ -115.646397666211101, 47.4567013202496 ], [ -115.628708667863776, 47.479647323460888 ], [ -115.685528680699449, 47.484830317761059 ], [ -115.711029692543647, 47.516659317605566 ], [ -115.697532693135116, 47.531337320690696 ], [ -115.755875708968389, 47.548100315496569 ], [ -115.687563705367523, 47.594659326457155 ], [ -115.69429771351092, 47.623466328042902 ], [ -115.736283728820965, 47.65476832518268 ], [ -115.722642735848794, 47.695168330155226 ], [ -115.77623275196764, 47.719824325758601 ], [ -115.797312764692037, 47.757526326578926 ], [ -115.831758770411099, 47.755784323455018 ], [ -115.852304791577225, 47.82799732652407 ], [ -115.91878581050463, 47.853662321461542 ], [ -116.018755855689221, 47.963089318128404 ], [ -116.048876864341622, 47.976764316137768 ], [ -116.049207112640332, 49.000918388222587 ] ] ], [ [ [ -178.824035352810029, 51.358066678257359 ], [ -178.835238359362364, 51.390806671729848 ], [ -178.87317836220663, 51.424789662749149 ], [ -178.936723357089249, 51.450721651482745 ], [ -179.005056344803933, 51.452650643641604 ], [ -179.093253311548409, 51.390934644097499 ], [ -179.107614297970798, 51.35367464788861 ], [ -179.160027287110211, 51.347981643165369 ], [ -179.207667270561075, 51.320940642644899 ], [ -179.230248256019024, 51.283925646035769 ], [ -179.220577242548586, 51.227986655588168 ], [ -179.183830237064427, 51.183774666501662 ], [ -179.073614256733549, 51.179039679345216 ], [ -178.978884294866219, 51.25524567814842 ], [ -178.856503331907078, 51.304899682841253 ], [ -178.832821341169705, 51.323586682679405 ], [ -178.824035352810029, 51.358066678257359 ] ] ], [ [ [ -178.255447507857923, 51.535787712957493 ], [ -178.3900884804155, 51.529161699351484 ], [ -178.422957469058275, 51.508994698769662 ], [ -178.430890458254339, 51.47658270294054 ], [ -178.370332456528928, 51.431781716319605 ], [ -178.278963470661523, 51.419870728425629 ], [ -178.218142484375107, 51.43148873308094 ], [ -178.198427491460905, 51.443651733983806 ], [ -178.187638505016054, 51.482225729172342 ], [ -178.255447507857923, 51.535787712957493 ] ] ], [ [ [ -178.603153478723385, 51.660311655455111 ], [ -178.725907453288698, 51.65265964278192 ], [ -178.76831043543109, 51.616611644255769 ], [ -178.869931421163699, 51.633595630326724 ], [ -178.948623393444535, 51.587302628256978 ], [ -179.000831396301237, 51.631697615959453 ], [ -179.078293385173879, 51.643634605671011 ], [ -179.141252363122874, 51.609563604083242 ], [ -179.148908346611165, 51.554229611639634 ], [ -179.119941341865683, 51.519064620205477 ], [ -179.071077348643115, 51.509292627909495 ], [ -178.990139368265091, 51.526074633695174 ], [ -178.950321386836265, 51.564800631750643 ], [ -178.900288384603584, 51.52227964448749 ], [ -178.800208392257701, 51.485857660604353 ], [ -178.714811410417354, 51.493811668588982 ], [ -178.636436433799105, 51.524792672904155 ], [ -178.550208445549856, 51.508482684625335 ], [ -178.426692482894055, 51.561796689734983 ], [ -178.421691491558789, 51.587281686145552 ], [ -178.452221495076856, 51.62100067755015 ], [ -178.603153478723385, 51.660311655455111 ] ] ], [ [ [ 179.060604978254077, 51.63250840525518 ], [ 178.607270045794763, 51.716521342940709 ], [ 178.559477059803413, 51.701650340703374 ], [ 178.530609086556979, 51.624726349923279 ], [ 178.593478087335683, 51.578247364899731 ], [ 178.790226071142342, 51.492456399841231 ], [ 178.895997049742931, 51.492533411033847 ], [ 178.969347052735714, 51.428771429718459 ], [ 179.122012043310605, 51.353198458178639 ], [ 179.150640047623256, 51.316342467366248 ], [ 179.255505032422946, 51.293673481853013 ], [ 179.298065019708332, 51.311017483865221 ], [ 179.510854979141612, 51.308263506792137 ], [ 179.578390952608601, 51.354342506348814 ], [ 179.553177945175378, 51.400006496714759 ], [ 179.425205952912506, 51.462815472519026 ], [ 179.287051978850997, 51.469821456820178 ], [ 179.226799978377983, 51.512932442999173 ], [ 179.17030998705917, 51.523026434943787 ], [ 179.09473398712035, 51.576028418917033 ], [ 179.088839980659003, 51.606198412486343 ], [ 179.060604978254077, 51.63250840525518 ] ] ], [ [ [ -178.841096445323956, 51.698253622900431 ], [ -178.709281473736752, 51.712020635220064 ], [ -178.663505492134135, 51.747356634698839 ], [ -178.646663510574854, 51.799393628728666 ], [ -178.690343516713369, 51.849527615832102 ], [ -178.772752511401109, 51.885293601099143 ], [ -178.839378500157665, 51.888319593392254 ], [ -178.890376486227126, 51.873104589963098 ], [ -178.939569465136714, 51.833603591162337 ], [ -178.957296446635354, 51.780797596818758 ], [ -178.941758441919859, 51.753345603142449 ], [ -178.841096445323956, 51.698253622900431 ] ] ], [ [ [ 178.252046071471938, 51.883326277712065 ], [ 178.155491094235771, 51.875318269070739 ], [ 178.123817109277496, 51.843982270159536 ], [ 178.125040117078697, 51.814011275423219 ], [ 178.249866116146848, 51.724472304186101 ], [ 178.400444091569369, 51.703607323750269 ], [ 178.46920107320588, 51.718708327980451 ], [ 178.496332060770243, 51.744520327120625 ], [ 178.492759052327813, 51.776885321024615 ], [ 178.408217051385606, 51.841555301398571 ], [ 178.252046071471938, 51.883326277712065 ] ] ], [ [ [ 178.066383125622622, 51.827202267347836 ], [ 178.101262108115009, 51.862963264866636 ], [ 178.093692100739247, 51.894498258843818 ], [ 178.068971100571503, 51.914479252500676 ], [ 177.996961113709204, 51.922032243835268 ], [ 177.954772127228239, 51.903520242205332 ], [ 177.934265139566349, 51.875763245277206 ], [ 177.939028143679394, 51.854918249372169 ], [ 177.982703142837323, 51.827323258616474 ], [ 178.066383125622622, 51.827202267347836 ] ] ], [ [ [ -177.429822745606288, 51.841093758316283 ], [ -177.352369767935983, 51.871699761839587 ], [ -177.336348776322097, 51.888980761135066 ], [ -177.336442785744083, 51.921559755794014 ], [ -177.374381791443824, 51.962614745460336 ], [ -177.459561781961526, 51.982882733030152 ], [ -177.493650773378732, 51.974634730496007 ], [ -177.542935753019947, 51.935125731028329 ], [ -177.546502738833738, 51.889369737372881 ], [ -177.486741735829185, 51.843647751497059 ], [ -177.429822745606288, 51.841093758316283 ] ] ], [ [ [ 179.785054771018252, 51.862637446504571 ], [ 179.825001755205079, 51.892019445796755 ], [ 179.857039724342883, 51.977607435293713 ], [ 179.771004723335778, 52.040828416451284 ], [ 179.679024731022821, 52.075309400027287 ], [ 179.54084976122374, 52.064164387188463 ], [ 179.508290775083992, 52.039710387644128 ], [ 179.42958679549821, 52.02358138163067 ], [ 179.408713804557721, 52.005353382595302 ], [ 179.388726826693329, 51.941915390764116 ], [ 179.389674831304717, 51.923787393306327 ], [ 179.456787836497824, 51.859887411281143 ], [ 179.574858822949409, 51.826819429758807 ], [ 179.671656803891494, 51.825662440154453 ], [ 179.785054771018252, 51.862637446504571 ] ] ], [ [ [ 178.267144025327184, 52.037449253811836 ], [ 178.247354021078564, 52.067527246996377 ], [ 178.188823023971082, 52.098675234821499 ], [ 178.12196203570798, 52.1074172264344 ], [ 178.04621905669012, 52.08860022153884 ], [ 178.00038708156606, 52.033320226173522 ], [ 178.016292093226554, 51.978698236177735 ], [ 178.059660093592612, 51.948112246462919 ], [ 178.195855065242682, 51.948841260334518 ], [ 178.260526063001919, 51.910154273872834 ], [ 178.371070040883325, 51.906841286352012 ], [ 178.412976041016094, 51.875363295944126 ], [ 178.502081030954372, 51.846939310618012 ], [ 178.5807130115723, 51.859550316653056 ], [ 178.666888974237878, 51.930250314543571 ], [ 178.663933960435799, 51.982844305472213 ], [ 178.512396973611487, 52.043434279089837 ], [ 178.402649002437556, 52.02170227054728 ], [ 178.267144025327184, 52.037449253811836 ] ] ], [ [ [ 177.368508201743424, 52.072393151930086 ], [ 177.443008177095635, 52.105257154479382 ], [ 177.445968167892602, 52.135128149511871 ], [ 177.42576016662278, 52.157201143513596 ], [ 177.367341173261536, 52.175297134176432 ], [ 177.283593201756986, 52.138488131944634 ], [ 177.298033210182354, 52.095800140734084 ], [ 177.368508201743424, 52.072393151930086 ] ] ], [ [ [ 177.760417123283702, 52.061166195787784 ], [ 177.764594105758164, 52.120969185830255 ], [ 177.715363105189311, 52.157813174650904 ], [ 177.643978113030755, 52.184425162205933 ], [ 177.573233126459627, 52.187153154087994 ], [ 177.498066152756905, 52.151626152267355 ], [ 177.46061917643334, 52.094631158251254 ], [ 177.425979188172562, 52.077781157380059 ], [ 177.416416201821932, 52.03812616266999 ], [ 177.320836226453565, 52.02122615575513 ], [ 177.260001250597213, 51.978718155860491 ], [ 177.139608288305453, 51.935586150718947 ], [ 177.121328296715603, 51.917869152258959 ], [ 177.115534311730272, 51.867337160074229 ], [ 177.298603302240821, 51.762893196434298 ], [ 177.345300293459303, 51.75773620271886 ], [ 177.415190270493753, 51.791042204312902 ], [ 177.416225248319847, 51.871215190965451 ], [ 177.54639322358787, 51.861614206050874 ], [ 177.735950173083097, 51.902126219648224 ], [ 177.819176157419662, 51.895354229392382 ], [ 177.874078132787503, 51.94394922695458 ], [ 177.857412126985082, 51.975171219951974 ], [ 177.793381133992369, 51.999563209738994 ], [ 177.703142150398151, 52.007033198920752 ], [ 177.760417123283702, 52.061166195787784 ] ] ], [ [ [ -175.488979203340818, 52.236637920836621 ], [ -175.57931618320174, 52.220236912738834 ], [ -175.609772166337393, 52.183002914395267 ], [ -175.603146158145904, 52.151873919504467 ], [ -175.512377159568445, 52.107372936575452 ], [ -175.437027180280921, 52.132805941725586 ], [ -175.405535202362927, 52.187016937331272 ], [ -175.488979203340818, 52.236637920836621 ] ] ], [ [ [ -175.132170240497942, 52.163169972704338 ], [ -175.064206258876169, 52.186099977123469 ], [ -175.036539277011457, 52.229009974458741 ], [ -175.070712282086731, 52.262923965615542 ], [ -175.119819279416532, 52.280538957576447 ], [ -175.204661258100572, 52.259110950975973 ], [ -175.224833246966057, 52.232963951725196 ], [ -175.20532823721669, 52.19122895996292 ], [ -175.132170240497942, 52.163169972704338 ] ] ], [ [ [ 175.896857416418641, 52.432878934912907 ], [ 175.811316435838364, 52.432661925853211 ], [ 175.765268458455154, 52.387317928744118 ], [ 175.854388465074976, 52.293109954574341 ], [ 175.902669457667315, 52.280931962215504 ], [ 175.997734433408283, 52.295819969080689 ], [ 176.06285740343526, 52.350188966470967 ], [ 176.06047439759638, 52.372238963029623 ], [ 176.031022397533945, 52.397805955545735 ], [ 175.896857416418641, 52.432878934912907 ] ] ], [ [ [ -172.379505767450468, 52.441277260251091 ], [ -172.464894753973994, 52.440923249888193 ], [ -172.633255711412261, 52.387862237001634 ], [ -172.714360669182184, 52.294750239447801 ], [ -172.707519651219769, 52.234226248930803 ], [ -172.636442652174452, 52.201986261625038 ], [ -172.510619670729511, 52.199945276326943 ], [ -172.377931699857186, 52.228362288482941 ], [ -172.215030750026273, 52.3094382974311 ], [ -172.231303769669466, 52.379926285509313 ], [ -172.379505767450468, 52.441277260251091 ] ] ], [ [ [ -174.092225504648212, 52.460713052673832 ], [ -174.157871498071245, 52.473019043184735 ], [ -174.328863463216976, 52.450698025590398 ], [ -174.390783440309036, 52.409909024443508 ], [ -174.410714426517131, 52.376436026461747 ], [ -174.494728409812524, 52.366950018434004 ], [ -174.524879399034376, 52.348165017329976 ], [ -174.537665386857071, 52.317035020007488 ], [ -174.494411377828669, 52.265329033012598 ], [ -174.553500366278286, 52.259492026632692 ], [ -174.5890143509464, 52.228724027111355 ], [ -174.668525336906612, 52.22520001767154 ], [ -174.731574309881438, 52.17144601853871 ], [ -174.794720292893231, 52.150214014452395 ], [ -174.925249275706676, 52.163908996591978 ], [ -174.993230255867218, 52.136406993314885 ], [ -175.05944124503975, 52.136612985190034 ], [ -175.102379229077343, 52.108617984670609 ], [ -175.296633190412479, 52.088818964779264 ], [ -175.384344167537336, 52.063293958454324 ], [ -175.412446154504721, 52.035984958867701 ], [ -175.470376147280604, 52.042833951359867 ], [ -175.549151123434797, 52.009877947156966 ], [ -175.739344095195577, 52.021298923256595 ], [ -175.806473090711023, 52.043667912278153 ], [ -175.830299099053889, 52.085392903017478 ], [ -175.853678098271445, 52.096524899430385 ], [ -175.927785083940876, 52.09106689181241 ], [ -175.991934091091593, 52.149669874925969 ], [ -176.14839107048121, 52.171463854186079 ], [ -176.224450051831042, 52.153124847806353 ], [ -176.285397022653058, 52.094081849924692 ], [ -176.291436009911365, 52.053355854970178 ], [ -176.242879980484645, 51.92674087972749 ], [ -176.269325972767831, 51.918964878100361 ], [ -176.452786938034109, 51.907929858065543 ], [ -176.448962946182775, 51.933306854966773 ], [ -176.472923950735236, 51.963563848185714 ], [ -176.488494967124808, 52.02604083680864 ], [ -176.541203965179051, 52.050878826758343 ], [ -176.601295956691274, 52.056558819280276 ], [ -176.691502928841771, 52.017716815044452 ], [ -176.827021902475593, 52.009127800525398 ], [ -176.875545879340962, 51.959672802497657 ], [ -176.910214852212846, 51.889631809516793 ], [ -176.971000833005064, 51.861105806264298 ], [ -176.97006385186981, 51.924503796727642 ], [ -177.016911855812566, 51.965030785428219 ], [ -177.148916842145979, 51.998403765692117 ], [ -177.206224829993744, 51.993108760439306 ], [ -177.267473809740409, 51.959626757793238 ], [ -177.282907777971076, 51.863071771492805 ], [ -177.308909765894015, 51.836791772035305 ], [ -177.406230748648909, 51.83623376152012 ], [ -177.445712733325308, 51.809484760593641 ], [ -177.542066709633644, 51.788266753010348 ], [ -177.564317707855054, 51.795978749745878 ], [ -177.538286720000343, 51.820930748388001 ], [ -177.532277730964807, 51.855097743851928 ], [ -177.567775737153255, 51.897242733517977 ], [ -177.811941691232789, 51.890770707215502 ], [ -177.889942694881995, 51.952573689080239 ], [ -177.947018689708216, 51.971310679607249 ], [ -178.064973666572229, 51.964769667924863 ], [ -178.107255661457117, 51.97650566119399 ], [ -178.23626763168761, 51.954726650327125 ], [ -178.29886260497517, 51.903703650936251 ], [ -178.30949559371976, 51.871057654803728 ], [ -178.256062586518539, 51.812015670324293 ], [ -178.132062593256194, 51.757853692235962 ], [ -178.192354572091489, 51.720845691546444 ], [ -178.205991557903985, 51.67933769607469 ], [ -178.189383547309035, 51.633671705311691 ], [ -177.971307564414872, 51.55239074213295 ], [ -177.899369573272764, 51.540216751753803 ], [ -177.83054759422663, 51.570044754353809 ], [ -177.817884605154262, 51.598108751493477 ], [ -177.824919613095432, 51.631053745952372 ], [ -177.783417625327871, 51.647857747690942 ], [ -177.727728625149695, 51.610962759655287 ], [ -177.657701634407545, 51.598662769592984 ], [ -177.581171652119139, 51.613260775479851 ], [ -177.553799664155974, 51.639770774811623 ], [ -177.452048682930354, 51.640199786106635 ], [ -177.402995700140735, 51.670379786594204 ], [ -177.372303697463394, 51.641569795037185 ], [ -177.281112709636602, 51.627610806656776 ], [ -177.126874744520649, 51.653368820757905 ], [ -177.080000759247184, 51.674229822594434 ], [ -177.034105784059562, 51.732735818954914 ], [ -177.040297805367885, 51.807700806960661 ], [ -176.983698822826057, 51.83380480900712 ], [ -177.00417280555564, 51.787778813544911 ], [ -176.970231799171785, 51.743687824128706 ], [ -177.045454769756049, 51.690703823758092 ], [ -177.074348744945297, 51.620905831000663 ], [ -177.042573734409558, 51.566087842911294 ], [ -176.942804743689322, 51.537069858494668 ], [ -176.862165767485465, 51.570399862585219 ], [ -176.801410774618631, 51.559407871380671 ], [ -176.698746798631333, 51.578426880282656 ], [ -176.456559869487876, 51.676424892124267 ], [ -176.255201909697348, 51.695374912744391 ], [ -176.211356928112934, 51.733138911618887 ], [ -176.133220938485977, 51.721625922777584 ], [ -176.041851964079939, 51.755845927856896 ], [ -175.964728977426006, 51.755423937027849 ], [ -175.913050998731421, 51.800352936167549 ], [ -175.827126014854485, 51.8054419451895 ], [ -175.79865502978123, 51.839082943530272 ], [ -175.805954036958184, 51.866458938473521 ], [ -175.711952054768318, 51.873205948226918 ], [ -175.635947079608314, 51.9111689510787 ], [ -175.585391085925124, 51.904897958196869 ], [ -175.513092104426647, 51.926797963295343 ], [ -175.409998123327568, 51.930182974288414 ], [ -175.348735143016768, 51.962583977042719 ], [ -175.056376187919113, 51.948158013146319 ], [ -174.86931923145977, 51.989101028437091 ], [ -174.745081241167441, 51.955645048062387 ], [ -174.59429827298132, 51.978411061774636 ], [ -174.480907284083088, 51.952496078785856 ], [ -174.350410313239877, 51.980335090495267 ], [ -174.313990336686913, 52.036225086736437 ], [ -174.277169345378439, 52.04539608908145 ], [ -174.04988138519829, 52.055237114856546 ], [ -173.970701385093662, 52.014228130044799 ], [ -173.853970396914264, 51.991262146370595 ], [ -173.637880434431054, 52.00365617047683 ], [ -173.518614443619384, 51.971647188639572 ], [ -173.356691471761167, 51.980825206075842 ], [ -173.304538487241217, 52.005425209199963 ], [ -173.243197498536517, 52.00940221582136 ], [ -173.224887490709904, 51.974604222464379 ], [ -173.151277493141635, 51.94714023556967 ], [ -173.085179511628155, 51.974930239540967 ], [ -173.070015530181223, 52.025986234333992 ], [ -172.923074552428943, 52.024159251350476 ], [ -172.839247579652948, 52.071563255481067 ], [ -172.820267592212247, 52.100273253072046 ], [ -172.842517600046449, 52.136353245584829 ], [ -172.894886597440291, 52.155501236620154 ], [ -173.309784532968592, 52.154997187620722 ], [ -173.440780516903374, 52.168763170113962 ], [ -173.45572052180853, 52.191679165238341 ], [ -173.50631952020791, 52.213137156555945 ], [ -173.601688505228367, 52.212531145292132 ], [ -173.732120475615318, 52.183253133692716 ], [ -173.871833459628789, 52.202894114596809 ], [ -173.990488433887549, 52.183142103538884 ], [ -173.904648482523271, 52.293660098244786 ], [ -173.922936505986797, 52.378066084379931 ], [ -174.092225504648212, 52.460713052673832 ] ] ], [ [ [ 173.782055856402621, 52.565526692283008 ], [ 173.608239898303594, 52.559870675527577 ], [ 173.480478943385492, 52.50256367319583 ], [ 173.393648963952955, 52.499749664623458 ], [ 173.307289996046705, 52.458028663068731 ], [ 173.274396014262237, 52.416630667394969 ], [ 173.274489022345591, 52.389156672538867 ], [ 173.304031024135355, 52.356450681341919 ], [ 173.379531011030195, 52.338136692172334 ], [ 173.533684977604793, 52.331767709264525 ], [ 173.63861896326236, 52.294247726677668 ], [ 173.747688936462623, 52.299965736884872 ], [ 173.81405790698193, 52.353344733300304 ], [ 173.780571888112576, 52.450781712770542 ], [ 173.837267866820071, 52.481652713028033 ], [ 173.856335851158121, 52.521958707596724 ], [ 173.782055856402621, 52.565526692283008 ] ] ], [ [ [ -171.049539993275744, 52.531034409155303 ], [ -171.022446020807962, 52.603716402960785 ], [ -171.069752021483851, 52.627061394198087 ], [ -171.179175009484112, 52.638660379087696 ], [ -171.248573980930729, 52.580855378080436 ], [ -171.312436968109495, 52.570744372093287 ], [ -171.374449947953167, 52.537117368671943 ], [ -171.393732922420099, 52.468129375812346 ], [ -171.349170909563242, 52.40877138836764 ], [ -171.294324912999485, 52.393133397186944 ], [ -171.206275926733753, 52.398890407307988 ], [ -171.136512952644807, 52.44567040946027 ], [ -171.111861976373348, 52.507558404799703 ], [ -171.049539993275744, 52.531034409155303 ] ] ], [ [ [ -170.537542132466854, 52.73136344640028 ], [ -170.680469118312772, 52.749585425880845 ], [ -170.786058090824042, 52.713974417440234 ], [ -170.888930054660108, 52.649270413307391 ], [ -170.927405016248798, 52.549885421296338 ], [ -170.88760501021099, 52.513828430919396 ], [ -170.793786014945255, 52.487098446165128 ], [ -170.738243026983497, 52.500108451381514 ], [ -170.674443049525934, 52.539875454194281 ], [ -170.575702068209267, 52.554870464282757 ], [ -170.536150079921867, 52.573846466734345 ], [ -170.472797112282848, 52.643486465550787 ], [ -170.481011126039022, 52.690409458606631 ], [ -170.537542132466854, 52.73136344640028 ] ] ], [ [ [ 174.050133731811343, 52.78908168037195 ], [ 173.844745767536153, 52.831513651466359 ], [ 173.789055786709866, 52.810340649766701 ], [ 173.773189800233183, 52.773353654180468 ], [ 173.837947801806877, 52.716020671143944 ], [ 174.017969772660621, 52.671835697786697 ], [ 174.162499742897353, 52.656732714953357 ], [ 174.211739726655765, 52.674186716939268 ], [ 174.237812712513261, 52.703259715198747 ], [ 174.2327126989546, 52.757291704779234 ], [ 174.199264700045006, 52.780277696950684 ], [ 174.114424713605814, 52.803345683971294 ], [ 174.050133731811343, 52.78908168037195 ] ] ], [ [ [ 172.954143918171155, 53.03894852265374 ], [ 172.734403963765288, 53.063642495975515 ], [ 172.586154004835947, 53.0438634842561 ], [ 172.376391078472267, 52.959614478200585 ], [ 172.347832099580842, 52.906688485023309 ], [ 172.427938094905215, 52.856119502263212 ], [ 172.479065082622242, 52.855231508004813 ], [ 172.587298069415596, 52.809140526922398 ], [ 172.692801062776766, 52.741745549946444 ], [ 172.814370036731304, 52.730840564049103 ], [ 172.901454030055334, 52.681600581855271 ], [ 173.036000985671421, 52.728457586766986 ], [ 173.045766977548396, 52.74884758457457 ], [ 173.103291969030892, 52.729787593541523 ], [ 173.209613941264649, 52.739648603165129 ], [ 173.306326930051483, 52.698856619707435 ], [ 173.361958917603317, 52.695753625831323 ], [ 173.414323896540253, 52.728149625530428 ], [ 173.421675887199086, 52.755608621385889 ], [ 173.403361885293151, 52.777559616112576 ], [ 173.526042857305072, 52.774479629278495 ], [ 173.580632833352553, 52.815482627125718 ], [ 173.567600828783668, 52.841864620898193 ], [ 173.489534830647273, 52.900112602302073 ], [ 173.431639839574871, 52.917489593291798 ], [ 173.392578851594294, 52.907447591142855 ], [ 173.371394841451377, 52.960342579790925 ], [ 173.321923844340802, 52.992118569374007 ], [ 173.238341861973197, 52.999757559160223 ], [ 173.215873861366248, 53.020352553215261 ], [ 173.132193874548875, 53.043955539765761 ], [ 172.954143918171155, 53.03894852265374 ] ] ], [ [ [ -169.633632324139882, 52.929059532920547 ], [ -169.575256354788593, 52.993706532073176 ], [ -169.58066136653548, 53.032164526616057 ], [ -169.604471373533784, 53.062030520306045 ], [ -169.730748379225645, 53.12781349549973 ], [ -169.814104367642983, 53.126640485959037 ], [ -169.860771353707122, 53.10501148275965 ], [ -169.883446331847324, 53.05145148628759 ], [ -169.832972324353022, 53.009964498406312 ], [ -169.842907309514658, 52.969515502146542 ], [ -169.817762301624128, 52.937354509210458 ], [ -169.908175284302587, 52.922548499612454 ], [ -169.941767292516033, 52.958783490888784 ], [ -170.04612328310705, 52.973115475987612 ], [ -170.116536269573572, 52.963130468476749 ], [ -170.17690725133923, 52.935136465001982 ], [ -170.198608241747536, 52.916432464596731 ], [ -170.199705229476677, 52.880090468607804 ], [ -170.152806221121466, 52.835823480143368 ], [ -170.206781208943113, 52.822762475349158 ], [ -170.267302181133601, 52.764248474901166 ], [ -170.263604159544144, 52.697324484163936 ], [ -170.213422156867324, 52.669027493964833 ], [ -170.086598172064015, 52.662617510719322 ], [ -170.019326188344763, 52.682366516241281 ], [ -169.981816203063033, 52.712019516706981 ], [ -169.975564213061801, 52.738117514395384 ], [ -169.903863223138899, 52.740573522915263 ], [ -169.848771238285678, 52.763109527436292 ], [ -169.738056239908019, 52.720986546512016 ], [ -169.659737252290114, 52.726225555254381 ], [ -169.58863028685542, 52.800562554615155 ], [ -169.587878311029471, 52.872884546100508 ], [ -169.633632324139882, 52.929059532920547 ] ] ], [ [ [ -168.007036918858574, 53.989670610154043 ], [ -168.110990902900056, 53.981563597876203 ], [ -168.13503988871139, 53.951463598847113 ], [ -168.128871877345318, 53.919495603258234 ], [ -168.072871870113062, 53.879531615068913 ], [ -167.984079884053585, 53.886495625836162 ], [ -167.956124896970806, 53.912726626391802 ], [ -167.959056915926027, 53.963699619731202 ], [ -168.007036918858574, 53.989670610154043 ] ] ], [ [ [ -165.43135236468126, 54.340686909485207 ], [ -165.655568341088099, 54.347050879156498 ], [ -165.696188331469529, 54.332233874691312 ], [ -165.743370308630574, 54.288890873673012 ], [ -165.770904282958924, 54.23113387679016 ], [ -165.937238281761495, 54.276984849665901 ], [ -166.033962264119197, 54.260953838596102 ], [ -166.165135223588692, 54.195087828238407 ], [ -166.202448190611193, 54.119823831503027 ], [ -166.140851169476974, 54.046932848178386 ], [ -166.208089161848505, 54.047973839533313 ], [ -166.243239151350167, 54.030231836221439 ], [ -166.35445614997559, 54.061109818370205 ], [ -166.755823105172055, 54.068823765158335 ], [ -167.076655039044766, 53.998321731069588 ], [ -167.095716028605381, 53.975853731092954 ], [ -167.160761012682542, 53.953896725231637 ], [ -167.176314994615637, 53.911853728223242 ], [ -167.230094978908937, 53.888251723732147 ], [ -167.242910964954064, 53.854672726118835 ], [ -167.234088950657508, 53.814242731854002 ], [ -167.164898944242879, 53.773841745874122 ], [ -167.138222923781967, 53.709422756626665 ], [ -167.155700910396604, 53.678339758105992 ], [ -167.215249895284984, 53.658203752258977 ], [ -167.24439488158518, 53.629417751777574 ], [ -167.230397860609486, 53.566733761562773 ], [ -167.296299842060989, 53.539730755620852 ], [ -167.360485834571165, 53.540069747635329 ], [ -167.422407811893947, 53.498126744810449 ], [ -167.502677801000431, 53.495317734760214 ], [ -167.555220783916241, 53.465420731479192 ], [ -167.752444742745098, 53.421511710835375 ], [ -167.761245745541402, 53.431611708419439 ], [ -167.710559766808814, 53.473123710577092 ], [ -167.696002784136198, 53.51460870685856 ], [ -167.718243793208813, 53.548622700102676 ], [ -167.762323795009507, 53.568023691974787 ], [ -167.875061781108116, 53.569049677881573 ], [ -167.948363786631461, 53.610385663164188 ], [ -168.08035977388073, 53.620490645103125 ], [ -168.284029729522985, 53.571136625070778 ], [ -168.31819171343696, 53.53950462448865 ], [ -168.415276690278347, 53.509446615407313 ], [ -168.476689661250106, 53.450595614911563 ], [ -168.496377647716088, 53.421075616231477 ], [ -168.477619635133181, 53.378690623402242 ], [ -168.666887588090901, 53.315223607522839 ], [ -168.699071570927288, 53.280370607522798 ], [ -168.819451535152353, 53.22167659880958 ], [ -168.883089500985136, 53.15017159987655 ], [ -168.890717485579188, 53.108546603633862 ], [ -168.872800478828424, 53.081723609708511 ], [ -168.965369455616752, 53.050746601461825 ], [ -168.999488437695874, 53.010607602798459 ], [ -169.000109427866818, 52.982798606164224 ], [ -169.065750418587726, 52.981286597624006 ], [ -169.109426404551414, 52.958389594873999 ], [ -169.197150395373313, 52.964881582968893 ], [ -169.233897384215084, 52.945894581066504 ], [ -169.258863368972442, 52.913280581653147 ], [ -169.255441360052544, 52.884498585767751 ], [ -169.188229357020305, 52.850669598665853 ], [ -169.294290330099614, 52.811625590183489 ], [ -169.326609306300384, 52.753541593006801 ], [ -169.267634301472299, 52.716278605203023 ], [ -169.18885431419119, 52.724698613754761 ], [ -169.079402347225653, 52.777965621184258 ], [ -169.006239358886148, 52.785560628898736 ], [ -168.827067407663151, 52.858389642827774 ], [ -168.743019417562067, 52.854730654159525 ], [ -168.609702455649654, 52.9157286633138 ], [ -168.604436463091076, 52.935413661037842 ], [ -168.557131477362987, 52.958219664613331 ], [ -168.476290474106747, 52.919482679202801 ], [ -168.402701487401117, 52.929252687276779 ], [ -168.337172505199845, 52.956924692153187 ], [ -168.314861516740621, 52.982145692167059 ], [ -168.340899530204979, 53.030046683308385 ], [ -168.320511539385677, 53.05007068327243 ], [ -168.334004549116202, 53.083186677659846 ], [ -168.257730579303797, 53.141894679710404 ], [ -168.169918596559057, 53.15859468915513 ], [ -168.15697761469022, 53.204309685443903 ], [ -168.132175623325622, 53.21928168655748 ], [ -168.044066643305484, 53.244186694857731 ], [ -168.010537638821518, 53.220268702483857 ], [ -167.768457655439732, 53.182014737396678 ], [ -167.592528674274604, 53.174045761124688 ], [ -167.448593706461423, 53.213918774447336 ], [ -167.364398738780636, 53.276504778102407 ], [ -167.255162756559599, 53.28732979092041 ], [ -167.219896774202113, 53.325511790874231 ], [ -167.106775803212059, 53.366990800533181 ], [ -166.724816858849294, 53.394203847026368 ], [ -166.52231191878289, 53.493287861668826 ], [ -166.378672975097487, 53.602140867644543 ], [ -166.174956019965606, 53.659777888097175 ], [ -166.046252067126062, 53.745838895198467 ], [ -165.976378084597656, 53.771060900904956 ], [ -165.922688118740382, 53.84595689996339 ], [ -165.961048140769691, 53.916079886793881 ], [ -165.886901169724268, 53.97025989067194 ], [ -165.828091179808496, 53.978226897113466 ], [ -165.788984198451999, 54.016235898029457 ], [ -165.657191221080836, 54.03633591292256 ], [ -165.606730204546494, 53.976842926531681 ], [ -165.563257205637825, 53.96728193310279 ], [ -165.403084242328163, 54.017134949074546 ], [ -165.269650244005817, 53.980730971031583 ], [ -165.184479266936535, 54.017009977699239 ], [ -165.027277282671974, 54.012942999416893 ], [ -164.922814299439494, 54.02847501199701 ], [ -164.881066309938319, 54.043429015743072 ], [ -164.821958350073373, 54.130809013781878 ], [ -164.776211357145598, 54.13585501910741 ], [ -164.692074383845352, 54.182185025940861 ], [ -164.679624399967764, 54.218830023700811 ], [ -164.687773411166518, 54.250118018661894 ], [ -164.708924413934966, 54.264018014108906 ], [ -164.805387411050219, 54.282391999359945 ], [ -164.911259388605998, 54.254687988575128 ], [ -164.974988366040094, 54.21488398435455 ], [ -165.031530357821481, 54.208877977488626 ], [ -165.066889342886498, 54.180085975577541 ], [ -165.150275333727166, 54.180522964784217 ], [ -165.271189306435502, 54.144130952605153 ], [ -165.320989300714331, 54.144533945636475 ], [ -165.242835322688535, 54.177873952896299 ], [ -165.232092338067929, 54.216519949781357 ], [ -165.263041342395695, 54.236543943256081 ], [ -165.345195339458257, 54.251032930671364 ], [ -165.43135236468126, 54.340686909485207 ] ] ], [ [ [ -162.354370726937418, 54.456691312934836 ], [ -162.880724715395246, 54.553213230877965 ], [ -162.93885869684965, 54.521145226803746 ], [ -162.935598680472026, 54.477720231034418 ], [ -162.96461266485872, 54.446247230438154 ], [ -162.959896658182885, 54.428017233134057 ], [ -163.008464641886462, 54.400172229552155 ], [ -163.004769623385329, 54.351580234424567 ], [ -162.952645617435934, 54.325730244562905 ], [ -162.875192630493956, 54.339016253948294 ], [ -162.779988621557038, 54.293215271014432 ], [ -162.746612608283044, 54.252648279502679 ], [ -162.700102606953635, 54.237969287557412 ], [ -162.546961625553706, 54.248020307634029 ], [ -162.492305649114911, 54.29382831035462 ], [ -162.429377656099064, 54.298514318682912 ], [ -162.358979674674572, 54.328523325041225 ], [ -162.282221682736292, 54.330965335430562 ], [ -162.238399702207062, 54.369921337109034 ], [ -162.248227712999892, 54.399265332556901 ], [ -162.354370726937418, 54.456691312934836 ] ] ], [ [ [ -162.722983812189568, 54.753155232564112 ], [ -162.677817820416408, 54.76271623712546 ], [ -162.644064834667176, 54.789099238953021 ], [ -162.637199841756058, 54.804793238980523 ], [ -162.661768851949773, 54.835569232594317 ], [ -162.743223853187487, 54.857851218750994 ], [ -162.812895831548218, 54.822457212857607 ], [ -162.802609813873715, 54.775817219390817 ], [ -162.722983812189568, 54.753155232564112 ] ] ], [ [ [ -159.643172125927805, 54.874563646579979 ], [ -159.761070123647841, 54.891324629004771 ], [ -159.872085101158575, 54.85662761654762 ], [ -159.911689078151085, 54.809288615006665 ], [ -159.835095056924331, 54.745460631589957 ], [ -159.765424060238843, 54.739772642100654 ], [ -159.688597077214808, 54.765596650598418 ], [ -159.652454059753097, 54.717778660005649 ], [ -159.600451057371004, 54.703961668046524 ], [ -159.502915067217259, 54.709004681687944 ], [ -159.425246094423187, 54.76000068783393 ], [ -159.416791107979265, 54.792197686082453 ], [ -159.497624128437394, 54.855459668994591 ], [ -159.572647134736826, 54.883734655831532 ], [ -159.643172125927805, 54.874563646579979 ] ] ], [ [ [ -161.071707152234922, 55.207452415587134 ], [ -161.148933142836512, 55.201014405303063 ], [ -161.194418118718716, 55.154961403856007 ], [ -161.166077107867949, 55.122126411246363 ], [ -161.112706104513194, 55.105005420405078 ], [ -161.019990123370889, 55.1292394307034 ], [ -161.007514141372553, 55.170599428335201 ], [ -161.071707152234922, 55.207452415587134 ] ] ], [ [ [ -163.139831018219411, 55.343153114468628 ], [ -163.07098303251783, 55.361327122081072 ], [ -163.04922604382574, 55.381950122533979 ], [ -163.027957062960382, 55.42083012210739 ], [ -163.04187507584021, 55.454637116292531 ], [ -163.156625097483214, 55.531053092850804 ], [ -163.260016076017934, 55.506228081046295 ], [ -163.271519062112844, 55.477015082488556 ], [ -163.252148054710631, 55.453824087415676 ], [ -163.271943039868461, 55.423852087858457 ], [ -163.256044024801952, 55.385523093647741 ], [ -163.196287015770366, 55.350784106121822 ], [ -163.139831018219411, 55.343153114468628 ] ] ], [ [ [ -155.528111742827264, 55.705849161452875 ], [ -155.474770761369683, 55.741460166435317 ], [ -155.485243796085001, 55.818624158715458 ], [ -155.453138827311761, 55.883917158349604 ], [ -155.474372840696105, 55.913595152789334 ], [ -155.634132838522078, 55.925470128583591 ], [ -155.804780788666818, 55.8364381105254 ], [ -155.8368197706844, 55.800825108565704 ], [ -155.826260752791455, 55.759275113750938 ], [ -155.794368740590983, 55.729595120777262 ], [ -155.719841736600102, 55.711787132813832 ], [ -155.528111742827264, 55.705849161452875 ] ] ], [ [ [ -156.732182792761563, 55.953497967272291 ], [ -156.647804801849531, 55.962302978322256 ], [ -156.611977813250462, 55.982919982000496 ], [ -156.55334383637566, 56.027075987094989 ], [ -156.55017185984866, 56.07664198317903 ], [ -156.609867882406832, 56.132149970255377 ], [ -156.675886888442847, 56.152499958535991 ], [ -156.653789896675022, 56.167594960546708 ], [ -156.651131912179352, 56.200960958137131 ], [ -156.690645936537635, 56.257249948093062 ], [ -156.770253942691568, 56.279793934633233 ], [ -156.842013933679368, 56.270080924916776 ], [ -156.89802289829646, 56.201661922085293 ], [ -156.900663872489275, 56.145957926875766 ], [ -156.871444859974616, 56.115990933025607 ], [ -156.817189857518628, 56.104096941981418 ], [ -156.846547821934166, 56.030229944058625 ], [ -156.826431812176139, 56.007578949301333 ], [ -156.822228794397347, 55.967556952997896 ], [ -156.732182792761563, 55.953497967272291 ] ] ], [ [ [ -169.509283815878661, 56.667470085535761 ], [ -169.829402769587659, 56.669815040751253 ], [ -169.87148075095817, 56.643048038716493 ], [ -169.880256731235278, 56.602028042226266 ], [ -169.830405719753287, 56.560326054742546 ], [ -169.708922714499636, 56.50702607780044 ], [ -169.581281722538307, 56.48322709781656 ], [ -169.526655734795895, 56.492975103941824 ], [ -169.377563798906067, 56.587728113357791 ], [ -169.382272809906198, 56.614749109026192 ], [ -169.422264820066147, 56.648808099799091 ], [ -169.509283815878661, 56.667470085535761 ] ] ], [ [ [ -169.940011014890899, 57.238938955547717 ], [ -170.042240983540751, 57.205045945650646 ], [ -170.044030964351435, 57.165050950491334 ], [ -170.003737956339023, 57.135039959861281 ], [ -169.955608960505259, 57.12822596697859 ], [ -169.886887979062692, 57.145436974824136 ], [ -169.849052999069983, 57.176163975910129 ], [ -169.871249017157226, 57.221534967714035 ], [ -169.940011014890899, 57.238938955547717 ] ] ], [ [ [ -170.016530016020539, 57.266579941876302 ], [ -170.065398023205574, 57.29792493060561 ], [ -170.158909011958087, 57.304370917353992 ], [ -170.261715977834683, 57.264132907871002 ], [ -170.334475970453099, 57.27236689700149 ], [ -170.438203946119444, 57.254877885064083 ], [ -170.50994291282251, 57.208305880918132 ], [ -170.519486890180275, 57.16218188526544 ], [ -170.470675875266721, 57.113650898449407 ], [ -170.414815879430677, 57.104732906974462 ], [ -170.492063856196751, 57.080175899237567 ], [ -170.508506838184928, 57.046402901393705 ], [ -170.487302825580684, 57.012516908012373 ], [ -170.444161824546171, 56.996132916755961 ], [ -170.354150841647169, 57.002321927744006 ], [ -170.306114861402762, 57.029513931248644 ], [ -170.305387873847195, 57.056739928029245 ], [ -170.223264895558685, 57.076594936948936 ], [ -170.111800940878254, 57.136707944332983 ], [ -170.078332961123408, 57.169456945149172 ], [ -170.080821971086777, 57.192271941887661 ], [ -170.029793992625741, 57.220854945096882 ], [ -170.016530016020539, 57.266579941876302 ] ] ], [ [ [ -159.952421868997533, 58.538477263913883 ], [ -159.863467899376303, 58.578686273473366 ], [ -159.867701916785904, 58.610517270084017 ], [ -159.894636930115183, 58.639930262590852 ], [ -160.00466593506161, 58.665602243909959 ], [ -160.082786908640884, 58.630452234992177 ], [ -160.094583884517334, 58.587337237375301 ], [ -160.059072864879113, 58.547826246392951 ], [ -159.952421868997533, 58.538477263913883 ] ] ], [ [ [ -152.382546392243881, 58.696036411301776 ], [ -152.393007411160568, 58.730460407433043 ], [ -152.434561422330205, 58.750778399427851 ], [ -152.497334422941947, 58.755325389498957 ], [ -152.56025640931216, 58.735725381067446 ], [ -152.610031383182616, 58.692280376624637 ], [ -152.719099347058545, 58.635381364058254 ], [ -152.767570318208982, 58.586601359722593 ], [ -152.77514229623614, 58.549413361269906 ], [ -152.846919284299275, 58.531502351055586 ], [ -152.880880259158999, 58.489792348968685 ], [ -153.200056124156276, 58.26625331623228 ], [ -153.271367106014111, 58.238488307533231 ], [ -153.314695079206729, 58.193013303410069 ], [ -153.367490069965669, 58.179293296732084 ], [ -153.470219027306143, 58.108700286269283 ], [ -153.506600003287218, 58.066227283875286 ], [ -153.504783989157659, 58.040329286051829 ], [ -153.480214978533013, 58.018845290788107 ], [ -153.7866429123128, 57.9177132516161 ], [ -153.870587914556552, 57.928780238449676 ], [ -153.917153905963602, 57.91656023170993 ], [ -153.978273874056129, 57.861474226781425 ], [ -154.240085785754616, 57.715468198067555 ], [ -154.407031766060982, 57.690526174685189 ], [ -154.480957731753421, 57.631857167568597 ], [ -154.572749721724961, 57.620591154823195 ], [ -154.606904711475948, 57.603254150980483 ], [ -154.625202694128774, 57.572905150324466 ], [ -154.722986666428994, 57.527956139109605 ], [ -154.790178629225238, 57.461418134155743 ], [ -154.81541760220054, 57.412788134414853 ], [ -154.888648583041601, 57.381919124976648 ], [ -154.915579565282428, 57.349874124122159 ], [ -154.931242530115327, 57.282371126609604 ], [ -154.831119508229136, 57.23064514523476 ], [ -154.685786506964234, 57.214223169084583 ], [ -154.619802483065541, 57.162361182580881 ], [ -154.601148420730823, 57.036383195050249 ], [ -154.628556401777843, 57.002007193817427 ], [ -154.60862638680058, 56.970276199111744 ], [ -154.387739359349126, 56.895619237435149 ], [ -154.38554432653001, 56.830270242712317 ], [ -154.217846280013561, 56.720468275472854 ], [ -154.23931626554787, 56.692856274450342 ], [ -154.23669225278303, 56.667574276359069 ], [ -154.352126231159389, 56.632541262398846 ], [ -154.430001238945522, 56.654632249008962 ], [ -154.540518234947655, 56.655845232729867 ], [ -154.758126178369622, 56.559816207688961 ], [ -154.886708122834193, 56.455742196948783 ], [ -154.894826112552749, 56.434567197546265 ], [ -154.881722096398107, 56.401396202068931 ], [ -154.794953080727311, 56.35928921790341 ], [ -154.725752081379483, 56.355220227803194 ], [ -154.657121093618429, 56.373232237085745 ], [ -154.582010122004618, 56.426812243612204 ], [ -154.498229139362337, 56.455785254381382 ], [ -154.429897135248069, 56.441144264874417 ], [ -154.340583150263512, 56.464403276908847 ], [ -154.233628144141449, 56.443475294120852 ], [ -154.153364155522041, 56.460051304716799 ], [ -154.057898153407393, 56.448435319089029 ], [ -153.904691165682777, 56.461981341262181 ], [ -153.806625192576519, 56.509361351877608 ], [ -153.762452217087059, 56.556746355674463 ], [ -153.764960232771273, 56.588084352966668 ], [ -153.790916242507279, 56.610106346828779 ], [ -153.842126245641879, 56.620566338801716 ], [ -153.98214023434673, 56.609012318483742 ], [ -153.999780245902457, 56.634952314089396 ], [ -153.919939253501923, 56.642540325453929 ], [ -153.890095268596923, 56.671709327488685 ], [ -153.783560285370299, 56.697565342164268 ], [ -153.747573309739948, 56.74504534374703 ], [ -153.760439324525294, 56.776475339233755 ], [ -153.694570331822121, 56.785643348469399 ], [ -153.615200358904502, 56.834386357133575 ], [ -153.488721377445103, 56.863669373479276 ], [ -153.45096739707958, 56.900341376878373 ], [ -153.454636410093173, 56.926426374071731 ], [ -153.476876417132019, 56.941320369432482 ], [ -153.449115432401499, 56.970811371661647 ], [ -153.320020422170074, 56.940939393315283 ], [ -153.19498743344198, 56.955801411025938 ], [ -153.121538459439961, 57.001531418697745 ], [ -153.098309479607593, 57.040314419154377 ], [ -152.876884505949135, 57.078843450243269 ], [ -152.809991523266945, 57.109181457849665 ], [ -152.77740054047382, 57.141451460241178 ], [ -152.775480556030317, 57.170931458163679 ], [ -152.785226566490707, 57.192458455957365 ], [ -152.835649578188992, 57.21736644592395 ], [ -152.642739593234154, 57.235373474029046 ], [ -152.537687629125344, 57.300753484898102 ], [ -152.526031644485869, 57.329368484950358 ], [ -152.415604676611224, 57.384471498313466 ], [ -152.383167651865875, 57.335408505848562 ], [ -152.314937645343889, 57.318586517675413 ], [ -152.227411654517738, 57.332039529825607 ], [ -152.170072674309097, 57.367757536530149 ], [ -152.156536694336864, 57.405856535640794 ], [ -152.216506709703964, 57.43823052440694 ], [ -152.222457729009591, 57.475300520842431 ], [ -152.06351878339467, 57.571206538249292 ], [ -152.031026814394068, 57.628632539879895 ], [ -152.0348768268301, 57.653320537562429 ], [ -152.079810843256951, 57.68629852850804 ], [ -152.137974918766048, 57.829810509790015 ], [ -152.255251934925326, 57.866271489049559 ], [ -152.22023197058283, 57.930224490318636 ], [ -152.235604981088215, 57.949936486415901 ], [ -152.414474023119226, 58.036578452852666 ], [ -152.474538026154931, 58.045428442861123 ], [ -152.453369033878602, 58.059288444876302 ], [ -152.312331032532654, 58.049637467269655 ], [ -152.260758047318831, 58.073358473856906 ], [ -152.055288069858392, 58.104535502953873 ], [ -151.96641309888409, 58.153743513484521 ], [ -151.934014083996345, 58.125718520323232 ], [ -151.884202078920509, 58.112957528524447 ], [ -151.782195089470946, 58.128761543476514 ], [ -151.706625123728344, 58.187822551564217 ], [ -151.696604163901412, 58.259776547920332 ], [ -151.755204186629811, 58.303398535788098 ], [ -151.707306204155401, 58.331346541383063 ], [ -151.704048218687888, 58.357337539910922 ], [ -151.750514238165579, 58.394656530775741 ], [ -151.823992238547106, 58.398882518866898 ], [ -151.895237221807008, 58.371706509245961 ], [ -152.071930255015047, 58.440028477626392 ], [ -152.182071259448293, 58.451953460219727 ], [ -152.079845277288541, 58.478593473319521 ], [ -152.06090229002146, 58.500831475000346 ], [ -152.065514304100162, 58.526761473068234 ], [ -152.113502323231927, 58.561665463047355 ], [ -152.182848328240254, 58.573974451613303 ], [ -152.189341354336506, 58.620256446711359 ], [ -152.247733387429918, 58.680729433378396 ], [ -152.312609396606462, 58.700449422110054 ], [ -152.382546392243881, 58.696036411301776 ] ] ], [ [ [ -160.137638970666558, 58.748898216207508 ], [ -160.416059973788663, 58.798445169057054 ], [ -160.490392952862038, 58.773631160675365 ], [ -160.525806925324929, 58.730237159288329 ], [ -160.539495887279259, 58.664336163227027 ], [ -160.475359872603661, 58.627192176729146 ], [ -160.387647880946105, 58.627646189283126 ], [ -160.41431085621258, 58.586934189436974 ], [ -160.396881838860537, 58.55391919523646 ], [ -160.301049837236604, 58.535758211167561 ], [ -160.225617860295841, 58.565539219846762 ], [ -160.212178878593278, 58.595046219158633 ], [ -160.161167899579567, 58.62604022423816 ], [ -160.152751918606441, 58.658199222540652 ], [ -160.096993945124552, 58.697283226555165 ], [ -160.101934960426718, 58.724812223799432 ], [ -160.137638970666558, 58.748898216207508 ] ] ], [ [ [ -152.019576584834539, 59.01092244650868 ], [ -152.170210584447744, 59.017025422498861 ], [ -152.24567256805301, 58.993458411937446 ], [ -152.323471574347082, 59.007460398800021 ], [ -152.41404356304767, 58.992240386222818 ], [ -152.437391550700312, 58.973527383390952 ], [ -152.465451511409015, 58.906343383704552 ], [ -152.401469472094448, 58.836675399089081 ], [ -152.314643465656417, 58.819998413626919 ], [ -152.13409349265558, 58.858119438868428 ], [ -152.017186478902374, 58.828519459286831 ], [ -151.891826509804361, 58.876392475363971 ], [ -151.85391052940119, 58.90876547906965 ], [ -151.867797551110556, 58.946412474727268 ], [ -151.937205573920153, 58.98830146098264 ], [ -152.019576584834539, 59.01092244650868 ] ] ], [ [ [ -146.3138098147694, 59.344949324171111 ], [ -146.170455844943376, 59.398400343925978 ], [ -146.146421869253857, 59.439558345130216 ], [ -146.186366905831818, 59.497743336297688 ], [ -146.2429459206584, 59.519956326187206 ], [ -146.237986936521793, 59.546293325144745 ], [ -146.260535951977772, 59.570367320713558 ], [ -146.319337963382793, 59.586926310597299 ], [ -146.385364960158427, 59.580408300246226 ], [ -146.43114894009102, 59.547150294381929 ], [ -146.427855890753449, 59.466671299365082 ], [ -146.492957864400466, 59.42150329134094 ], [ -146.507087840188859, 59.382058291510965 ], [ -146.479604822866861, 59.354611296936774 ], [ -146.420534811497987, 59.33731630733034 ], [ -146.3138098147694, 59.344949324171111 ] ] ], [ [ [ -172.761808054394919, 60.140675190612178 ], [ -172.655722095841753, 60.178482201552171 ], [ -172.634344112458706, 60.200741201212551 ], [ -172.649239131416806, 60.236893195138066 ], [ -172.73156513051245, 60.262159179681468 ], [ -172.88571307138983, 60.208801164369078 ], [ -172.89038105452866, 60.182122167113164 ], [ -172.848340043269559, 60.148776177528298 ], [ -172.761808054394919, 60.140675190612178 ] ] ], [ [ [ -166.00581930441902, 60.419572154873094 ], [ -166.084899334930697, 60.485937135611373 ], [ -166.152453340257352, 60.51074612275881 ], [ -166.208610329605079, 60.505185114714727 ], [ -166.270954304332321, 60.478620108030078 ], [ -166.276353286669035, 60.451612110285801 ], [ -166.349844255926314, 60.417744103211014 ], [ -166.505806252176967, 60.447638076204882 ], [ -166.666329191689016, 60.385784059106619 ], [ -166.763317175524577, 60.381275044793774 ], [ -166.873429128551408, 60.331202034165031 ], [ -166.943799086481562, 60.278102029698978 ], [ -167.018086068903955, 60.26623401936979 ], [ -167.10259607083043, 60.290036004447273 ], [ -167.309851041842933, 60.290716973195558 ], [ -167.508094995727276, 60.263107945988843 ], [ -167.55081997566046, 60.240552942563738 ], [ -167.560316953348178, 60.20595494500899 ], [ -167.436470913387609, 60.108759974683736 ], [ -167.4407898810083, 60.056460980218205 ], [ -167.400836868981685, 60.026120989853496 ], [ -167.222750875554567, 59.993852019484152 ], [ -167.13786285822539, 59.944032038117662 ], [ -166.94064286713504, 59.911907070917017 ], [ -166.828925847080711, 59.852329094289736 ], [ -166.736803851828796, 59.838300110178906 ], [ -166.654363842723143, 59.802391126218311 ], [ -166.42969187256432, 59.801635160069004 ], [ -166.321874870836524, 59.773140179217179 ], [ -166.242134848851691, 59.717094197444887 ], [ -166.176969847056313, 59.699818209212047 ], [ -166.012474872390356, 59.705383232613507 ], [ -165.73904298879458, 59.841350258717718 ], [ -165.657842996670581, 59.836262271565396 ], [ -165.560404018869008, 59.852867284823283 ], [ -165.460927056954091, 59.895004294930196 ], [ -165.402479109632878, 59.970447295136459 ], [ -165.566643142251849, 60.058730260706156 ], [ -165.559697188215011, 60.133331253959724 ], [ -165.588519212083867, 60.178875244989925 ], [ -165.567095231945672, 60.207620245081749 ], [ -165.588322250256681, 60.241413238030503 ], [ -165.561397285360755, 60.292262236053624 ], [ -165.574529300898149, 60.321198231605479 ], [ -165.649504308502941, 60.348822216763892 ], [ -165.671505326255556, 60.383461209833094 ], [ -165.738486331611398, 60.405608196927673 ], [ -165.828467309912327, 60.39004918512687 ], [ -165.899406308132626, 60.403201173287961 ], [ -165.98138727884151, 60.374086164103332 ], [ -166.009553283698096, 60.387703157661761 ], [ -166.00581930441902, 60.419572154873094 ] ] ], [ [ [ -172.499677273168516, 60.432149191008151 ], [ -172.687860266515798, 60.480118158354699 ], [ -172.760275273540543, 60.514179143140773 ], [ -172.815347289234666, 60.557850129889424 ], [ -172.828862325183508, 60.622244119635383 ], [ -172.94386932095037, 60.650698099403421 ], [ -172.962273352746564, 60.709803088920232 ], [ -173.012493361855547, 60.740370077183407 ], [ -173.100429348258047, 60.745164064593347 ], [ -173.158652326924681, 60.728768057627235 ], [ -173.236850262010108, 60.64558105744392 ], [ -173.140243238731017, 60.57553108043269 ], [ -173.170542185847381, 60.496482085907324 ], [ -173.158291171762158, 60.46749009174745 ], [ -172.93147216780639, 60.389682134584788 ], [ -172.925380147745699, 60.352579139750667 ], [ -172.877790140952101, 60.326307150728702 ], [ -172.802402150699294, 60.318648161889541 ], [ -172.596145153316485, 60.258620199182673 ], [ -172.407546199592588, 60.278762224513557 ], [ -172.295529196636863, 60.23882824511039 ], [ -172.189508223230433, 60.250814259431053 ], [ -172.108787268425232, 60.303426264245445 ], [ -172.145059283429134, 60.340150254445923 ], [ -172.347563298340361, 60.427745213712676 ], [ -172.499677273168516, 60.432149191008151 ] ] ], [ [ [ -161.746037166975611, 63.653605492690595 ], [ -161.840341140468752, 63.635115478919651 ], [ -161.855870127762671, 63.621631478205067 ], [ -161.857050099368593, 63.587981480852392 ], [ -161.812427082157768, 63.559942491096933 ], [ -161.751989082512097, 63.552062501699027 ], [ -161.694101094720082, 63.559231511030546 ], [ -161.641560124701897, 63.588496516474812 ], [ -161.639596149385625, 63.617745513796649 ], [ -161.661169161733511, 63.635381508845839 ], [ -161.746037166975611, 63.653605492690595 ] ] ], [ [ [ -171.647489770876035, 63.840947892958269 ], [ -171.776394742846151, 63.837721873097379 ], [ -171.846004699590679, 63.799864866810033 ], [ -171.855948686362296, 63.785667867027634 ], [ -171.835355657253672, 63.74335887581956 ], [ -171.865190621616051, 63.705494875351953 ], [ -171.860218598648061, 63.674733880468708 ], [ -171.904972562104803, 63.639240877953021 ], [ -171.944749500851259, 63.570615880345095 ], [ -171.965341422531679, 63.472871889138283 ], [ -171.884909365390229, 63.377587913212096 ], [ -171.810839342567931, 63.328545930776464 ], [ -171.594573340266976, 63.269548970866929 ], [ -171.435623357543506, 63.252667996695756 ], [ -171.25142042328639, 63.29256601995737 ], [ -171.166069481190533, 63.348156026787869 ], [ -171.04840552338203, 63.373689042034933 ], [ -170.908271547170216, 63.369943063984607 ], [ -170.596917560264245, 63.311614119017449 ], [ -170.439097543998599, 63.25159414993653 ], [ -170.383470522829072, 63.210750163953207 ], [ -170.400485498581475, 63.182227164203503 ], [ -170.359445479661048, 63.147735174949162 ], [ -170.115438508370232, 63.127245215322496 ], [ -169.952782490399443, 63.064070247516078 ], [ -169.883803469656613, 63.020071263229077 ], [ -169.863286443423959, 62.980142271602617 ], [ -169.864619417114142, 62.944695275917333 ], [ -169.727913405395867, 62.896331302729074 ], [ -169.591058423482451, 62.88786532474402 ], [ -169.525363461667496, 62.924657330211744 ], [ -169.461573478875238, 62.932837339519963 ], [ -169.41988351695349, 62.973854340490256 ], [ -169.451107560104759, 63.038558327950575 ], [ -169.367988591408817, 63.061074338709069 ], [ -169.282348646216292, 63.114403345395907 ], [ -169.230666662859704, 63.123500352789712 ], [ -169.027808698564058, 63.1245253838254 ], [ -168.922802697185801, 63.099565403166174 ], [ -168.948720664678262, 63.062466403117966 ], [ -168.917508646797671, 63.031114411916541 ], [ -168.837353649015483, 63.0161734259908 ], [ -168.764108670202972, 63.027615436714754 ], [ -168.700749703150677, 63.056923443062495 ], [ -168.68281172647022, 63.084666442296736 ], [ -168.733482753807039, 63.131551429124578 ], [ -168.609283849997098, 63.229360437634348 ], [ -168.578639916045745, 63.30867243325828 ], [ -168.608385931724939, 63.33505342534977 ], [ -168.704721930493207, 63.354704407693575 ], [ -169.455561846346853, 63.415018283167917 ], [ -169.602307872054041, 63.480633253135871 ], [ -169.793015845827767, 63.490738222384941 ], [ -169.926621849795254, 63.526737197297713 ], [ -169.985650914394085, 63.622957176695003 ], [ -170.168097957039805, 63.719889136314784 ], [ -170.296868961613399, 63.755570112601134 ], [ -170.50405292120675, 63.753398080282956 ], [ -170.65671986929803, 63.723545060317221 ], [ -170.959177734794679, 63.62588602542916 ], [ -171.535625698860116, 63.721872924812111 ], [ -171.520701724701496, 63.75023392301906 ], [ -171.548852758336722, 63.800458912943874 ], [ -171.647489770876035, 63.840947892958269 ] ] ], [ [ [ -161.252297572392905, 64.065962533908817 ], [ -161.184507614654308, 64.106158541416534 ], [ -161.176686650802367, 64.146855538677116 ], [ -161.22357267144838, 64.176432528648689 ], [ -161.355737662966419, 64.183776505669513 ], [ -161.420221633167756, 64.158415497924963 ], [ -161.436945609282759, 64.133552497628557 ], [ -161.414465571615608, 64.086769505925588 ], [ -161.373204561824224, 64.069741514248122 ], [ -161.252297572392905, 64.065962533908817 ] ] ], [ [ [ -168.090903333173912, 64.911111328206957 ], [ -167.953118377378246, 64.932992347969304 ], [ -167.913853416994215, 64.969941349864939 ], [ -167.924320444463035, 65.002726344634468 ], [ -167.953100457987802, 65.023477337723037 ], [ -168.076132455118284, 65.04328731547001 ], [ -168.156186428291903, 65.029172304331027 ], [ -168.210144391415099, 64.998958298754587 ], [ -168.210138348398146, 64.951370304826568 ], [ -168.187059338207405, 64.934900309907377 ], [ -168.090903333173912, 64.911111328206957 ] ] ], [ [ [ -168.733188825304239, 65.572242150183186 ], [ -168.652338858036188, 65.590934160699547 ], [ -168.628547895492773, 65.625774161083939 ], [ -168.666053921182538, 65.659829150492072 ], [ -168.734953922276475, 65.674297138480355 ], [ -168.820091897531199, 65.665188125632852 ], [ -168.869253846206902, 65.62085112224986 ], [ -168.829163819597341, 65.584612132621785 ], [ -168.733188825304239, 65.572242150183186 ] ] ], [ [ [ -168.906369900103869, 65.684617108800765 ], [ -168.785518952904852, 65.716317125246746 ], [ -168.76249099073604, 65.751164124926689 ], [ -168.78708501843667, 65.784622116835024 ], [ -168.835739034347, 65.810674105886747 ], [ -168.971055012539267, 65.814643083949065 ], [ -168.9719278915031, 65.688763098251314 ], [ -168.906369900103869, 65.684617108800765 ] ] ], [ [ [ -155.89259329317332, 71.354002823822029 ], [ -156.477564393939247, 71.440686708383907 ], [ -156.789656240912194, 71.373585656692455 ], [ -156.945372113737733, 71.31198863276758 ], [ -157.423843606856337, 71.053662567644921 ], [ -157.612525459762054, 70.980480538864455 ], [ -157.880504308454704, 70.910027496257001 ], [ -158.151805211436852, 70.870893450372478 ], [ -158.316469192706364, 70.871382420328857 ], [ -158.521821213121768, 70.897749380551915 ], [ -158.599124286648532, 70.946359361778093 ], [ -158.722855297897496, 70.961929338168645 ], [ -159.262634154716494, 70.917356243258055 ], [ -159.712459976701865, 70.846829168358795 ], [ -160.491042356186341, 70.535491055399845 ], [ -160.729837196189777, 70.457196019821595 ], [ -160.975049071704944, 70.401288981119123 ], [ -161.283262944845717, 70.349864930682457 ], [ -161.44432691796905, 70.347874901947279 ], [ -161.874889905317275, 70.380650821424723 ], [ -162.21570172476342, 70.299504768279263 ], [ -162.572600466106877, 70.169424717009917 ], [ -162.896148105255747, 69.966962679385645 ], [ -163.165346848230683, 69.824275645982098 ], [ -163.284428568287893, 69.646750642330588 ], [ -163.294331492737655, 69.59591764594829 ], [ -163.282285294391983, 69.456317661485528 ], [ -163.317196172989611, 69.374680663250842 ], [ -163.37170809274852, 69.324463658619592 ], [ -163.611770894972267, 69.210735628044205 ], [ -163.654565836117513, 69.172982624404256 ], [ -163.759867748151237, 69.121829611068804 ], [ -164.001933603061957, 69.044415575982669 ], [ -164.288586463158452, 68.976430533668534 ], [ -165.498806168026704, 68.91312733028947 ], [ -166.185357073502757, 68.935704209330467 ], [ -166.294423036265869, 68.923207192049773 ], [ -166.363661963937432, 68.878057184727098 ], [ -166.366973937144479, 68.858325186402325 ], [ -166.320670835992473, 68.774860203219561 ], [ -166.338596759908427, 68.718876205375494 ], [ -166.328055727908236, 68.693063210229397 ], [ -166.370282663322143, 68.648943207304754 ], [ -166.369950563482263, 68.571187216319018 ], [ -166.425089511563982, 68.538235209731866 ], [ -166.44799542077908, 68.470410213059537 ], [ -166.770623290769862, 68.415186164099211 ], [ -166.922223208789177, 68.371995143134527 ], [ -166.98545214859746, 68.33311913611206 ], [ -166.976143122528498, 68.310982139938417 ], [ -166.900608105846004, 68.286270155254783 ], [ -166.672790153217392, 68.29019019358644 ], [ -166.410054153128698, 68.250759242566659 ], [ -166.148470099023399, 68.168877296038033 ], [ -166.043886014916836, 68.084889322957025 ], [ -165.891920989450057, 68.042240353387172 ], [ -165.684762005263508, 68.025161390714445 ], [ -165.604783031902485, 68.035735402555019 ], [ -165.499481029770095, 68.018780422833217 ], [ -164.65524977880105, 67.69244660020847 ], [ -164.281297720214951, 67.591664674571732 ], [ -164.175456684896631, 67.547597697468916 ], [ -164.004537536925341, 67.397806741933422 ], [ -163.882561346482731, 67.214974781065564 ], [ -164.002745279930537, 67.172552764585816 ], [ -163.991257253758846, 67.147881768977712 ], [ -163.911412217023241, 67.10469378733076 ], [ -163.781551197398073, 67.069758812641183 ], [ -163.049498211433246, 66.986609946180522 ], [ -162.832059175800538, 66.926811988996732 ], [ -163.626241731423107, 66.624172884296996 ], [ -163.805119724001258, 66.641284852664981 ], [ -164.221017658244136, 66.638498782681296 ], [ -164.691625545953798, 66.600376706430524 ], [ -165.434466296157098, 66.475228595263729 ], [ -166.093992021765359, 66.315996501908828 ], [ -166.719499745747129, 66.148044415940419 ], [ -167.520848337889561, 65.878150312903088 ], [ -168.13788308906561, 65.734958228317566 ], [ -168.200166044285396, 65.699370222266452 ], [ -168.22926799139691, 65.650264222987531 ], [ -168.218677941716152, 65.596121230476754 ], [ -168.167608904497428, 65.546900244341003 ], [ -167.938053900937547, 65.4998942874834 ], [ -167.606414851958959, 65.385624353678523 ], [ -167.488609848954667, 65.36041237581054 ], [ -166.948954891326878, 65.307907469261224 ], [ -167.008553852305198, 65.276650463144279 ], [ -167.072463770473405, 65.199780461401289 ], [ -167.084363727128789, 65.155693463687257 ], [ -167.073005713649763, 65.138383467779022 ], [ -166.978988666179589, 65.069408490743854 ], [ -166.824491644140153, 65.01745552153254 ], [ -166.829023627250479, 64.999313522524602 ], [ -166.761925605195586, 64.963491537465188 ], [ -166.589209583870968, 64.90828957190314 ], [ -166.522712561267753, 64.87110158683754 ], [ -166.517232549809961, 64.857381588741873 ], [ -166.582211507645439, 64.82208758219771 ], [ -166.590187432167113, 64.73894658969661 ], [ -166.491284341414655, 64.618956618957355 ], [ -166.281412309916988, 64.544954661319082 ], [ -166.353899264819404, 64.506442653918214 ], [ -166.351156240684929, 64.477881656971533 ], [ -166.271983217558386, 64.437778674683173 ], [ -166.133559239475744, 64.43821069629189 ], [ -166.070897295168862, 64.490157701498433 ], [ -166.077814320282442, 64.520457696854507 ], [ -165.335942367159049, 64.44441582534435 ], [ -165.032229362116567, 64.387985881140935 ], [ -164.754825419911782, 64.407822924491342 ], [ -164.355379565380957, 64.508445979117255 ], [ -164.180926599166014, 64.519568006859359 ], [ -163.976242617818912, 64.508315041597385 ], [ -163.814088660402291, 64.531185065656629 ], [ -163.536196672882397, 64.503580113728702 ], [ -163.363778645292626, 64.445641148007411 ], [ -163.241956585948941, 64.360742177150925 ], [ -162.795826569391011, 64.275673259006439 ], [ -162.728086588642611, 64.287466268737987 ], [ -162.557945669473895, 64.355793290599124 ], [ -162.512576707157507, 64.39257229439643 ], [ -162.47200779639914, 64.486842291728664 ], [ -162.31351586592163, 64.542788312264292 ], [ -161.590864768690864, 64.335540452149317 ], [ -161.493457773862218, 64.328377468727695 ], [ -161.413923809434522, 64.35858647905853 ], [ -161.326820797315946, 64.334011496651357 ], [ -161.091820720204765, 64.215268546259182 ], [ -161.075426713920535, 64.206651549928679 ], [ -161.07062460934506, 64.08497456296233 ], [ -161.045684557413722, 64.022466572821457 ], [ -160.944668482177036, 63.921531599410976 ], [ -160.877004384063355, 63.796877622477083 ], [ -160.886224361378083, 63.771396622833329 ], [ -161.00851326920673, 63.677676611838521 ], [ -161.098093241850108, 63.656135599538594 ], [ -161.139995211204422, 63.625225595612434 ], [ -161.142567193347787, 63.604177596942627 ], [ -161.202095173277172, 63.587367588793427 ], [ -161.270106118951475, 63.530190583206355 ], [ -161.314382104456087, 63.519228576902982 ], [ -161.511978083027742, 63.519745544022122 ], [ -161.603138059452419, 63.504154531077461 ], [ -161.687798058564397, 63.514616515721904 ], [ -161.840429024085211, 63.493287493095593 ], [ -161.896238029651244, 63.508219482221868 ], [ -161.956984062749655, 63.557208467532661 ], [ -162.222768063991083, 63.596913420148887 ], [ -162.254644101612513, 63.646466410017382 ], [ -162.304379116213397, 63.672024399857968 ], [ -162.544067106636163, 63.694696358025205 ], [ -162.680105070295582, 63.67126433854574 ], [ -162.786190018042504, 63.624066325762236 ], [ -162.826464974016091, 63.576359323695996 ], [ -162.772921941943025, 63.529746336895428 ], [ -162.679854922903104, 63.491625356077378 ], [ -162.43779695238436, 63.491993395364851 ], [ -162.700310758342653, 63.29117437306337 ], [ -162.739540735421969, 63.268924368985644 ], [ -162.870884707101709, 63.253558349288532 ], [ -162.937720668424703, 63.215101342336382 ], [ -162.958150635140981, 63.176790342432696 ], [ -163.118725555801461, 63.101557324265706 ], [ -163.252502532657928, 63.092453303746879 ], [ -163.45518957146146, 63.174954262174737 ], [ -163.58473357994643, 63.205802238857572 ], [ -163.658124604708576, 63.249716222351744 ], [ -164.015785609067336, 63.313954158033113 ], [ -164.128929594892071, 63.315301139721171 ], [ -164.395484531218614, 63.27989209987178 ], [ -164.495696494537185, 63.251158087293192 ], [ -164.727767363428711, 63.124649063260854 ], [ -164.746844349881826, 63.110397061877805 ], [ -164.743825337085184, 63.093230063911825 ], [ -164.830340316884701, 63.082249051158946 ], [ -164.89981328350666, 63.052321043539948 ], [ -164.892992258960902, 63.01914304787276 ], [ -164.912548241273015, 63.000004046410552 ], [ -164.895556203757508, 62.948635055375519 ], [ -164.918020185809411, 62.928250053683108 ], [ -164.915907166125919, 62.902606056763602 ], [ -164.939295143960436, 62.877515055145437 ], [ -164.99655612699155, 62.866582047529256 ], [ -165.036294093390552, 62.828904045166119 ], [ -165.016916061718916, 62.78443405267894 ], [ -164.986726047879614, 62.76073905996769 ], [ -165.063038017223676, 62.733980051460144 ], [ -165.165271004761223, 62.735935034349112 ], [ -165.247346973411254, 62.709893024671523 ], [ -165.25903795892134, 62.69219902443087 ], [ -165.248117927387057, 62.648032031072923 ], [ -165.213113907222976, 62.614430040172337 ], [ -165.276996894234429, 62.609213030154407 ], [ -165.338709861373474, 62.576037024671479 ], [ -165.346231823472323, 62.52669802877449 ], [ -165.388435787079459, 62.485262025883756 ], [ -165.379602776834616, 62.469605029086829 ], [ -165.418752749478926, 62.440430026017793 ], [ -165.448892709514951, 62.39102102695216 ], [ -165.739588532986943, 62.204851001029873 ], [ -165.874604474983073, 62.1502319860505 ], [ -165.901832449183985, 62.119274984795368 ], [ -166.005788436991054, 62.12344296874506 ], [ -166.096238388551029, 62.073451959699746 ], [ -166.129840349673088, 62.025295959431489 ], [ -166.075968328109099, 61.983048973052263 ], [ -166.112536245074011, 61.87314297873214 ], [ -166.171785222124612, 61.852164972088424 ], [ -166.229752176811957, 61.798329969414908 ], [ -166.286451034019365, 61.603102981394166 ], [ -166.280776007465079, 61.562880987157904 ], [ -166.194511950555665, 61.459866011477985 ], [ -166.031321930112171, 61.395298043834359 ], [ -165.99040888314218, 61.316434058812 ], [ -165.923077857640749, 61.264837075032766 ], [ -165.837582852140031, 61.238720090857107 ], [ -165.786902832444099, 61.198114102926766 ], [ -165.716871775039294, 61.096454124874533 ], [ -165.663671756983661, 61.057808137547696 ], [ -165.416691761046053, 61.012479180109416 ], [ -165.346623772403831, 61.01544119046639 ], [ -165.236579808985198, 61.050089204282564 ], [ -165.301158761697906, 60.990242200947115 ], [ -165.302171746004433, 60.966439202850317 ], [ -165.263047722875598, 60.923132213816842 ], [ -165.170544705733079, 60.876927232747946 ], [ -165.177511685436514, 60.847965234696247 ], [ -165.157528676308203, 60.829297239544708 ], [ -165.176196652872903, 60.796325240467397 ], [ -165.123390621715401, 60.736626254778045 ], [ -165.340212529882848, 60.638267232518075 ], [ -165.445600506672093, 60.62352221793082 ], [ -165.518284460806029, 60.566015213232419 ], [ -165.513852445471997, 60.539636217083157 ], [ -165.405578413308604, 60.465514240894422 ], [ -165.239577420985142, 60.443225268659646 ], [ -165.235432409757209, 60.42514927133471 ], [ -165.141468380835107, 60.357978293445882 ], [ -164.971937352368087, 60.277018327549314 ], [ -164.748831357681752, 60.240312365257232 ], [ -164.65861732920601, 60.175532386094098 ], [ -164.597407326498086, 60.158237397383743 ], [ -164.488247276560543, 60.054961425156449 ], [ -164.342853263277277, 60.002930452726304 ], [ -164.420290238600927, 59.978099443337669 ], [ -164.449679220049518, 59.953337441731705 ], [ -164.415717182566823, 59.884866454094208 ], [ -164.346566169189884, 59.848354468205841 ], [ -164.274648136266137, 59.778310486760972 ], [ -164.124816117340345, 59.716275515954472 ], [ -164.080797095312874, 59.670512526857287 ], [ -164.013321083958999, 59.637758540898318 ], [ -163.919738096837762, 59.640463554505807 ], [ -163.81197009779217, 59.620833573235892 ], [ -163.760982115284463, 59.639715579192796 ], [ -163.739970134438693, 59.668648579025003 ], [ -163.787818153385984, 59.709191567514779 ], [ -163.896913143962166, 59.714641550828517 ], [ -163.99976115562086, 59.754964530733787 ], [ -163.993727161205271, 59.76375953071706 ], [ -163.707724181681471, 59.741125576797579 ], [ -163.145884278617416, 59.795641656139736 ], [ -163.10568827254599, 59.778240663786605 ], [ -162.947245283687465, 59.768287689519958 ], [ -162.826111316960947, 59.800659704684783 ], [ -162.818069341367959, 59.840275701379895 ], [ -162.69839638605086, 59.89181571434078 ], [ -162.449869408701119, 59.884615753839057 ], [ -162.441682385201176, 59.844077758525657 ], [ -162.364362372694046, 59.810868773789402 ], [ -162.178350395433199, 59.814841802533358 ], [ -162.068346347026619, 59.716425828648369 ], [ -162.042627322510725, 59.670728836893694 ], [ -161.871287253446269, 59.524790878048528 ], [ -161.914470216590189, 59.469288876919485 ], [ -162.053633166888659, 59.408989861693257 ], [ -162.064776136586971, 59.360031864441126 ], [ -162.166625077241946, 59.275074857949782 ], [ -162.171027060631332, 59.247567859571035 ], [ -162.102218999097573, 59.128751882141557 ], [ -162.016835969362461, 59.060235901534604 ], [ -162.001151976435324, 59.070225903154352 ], [ -161.902494933856133, 58.977601926720467 ], [ -161.881785917092088, 58.944145933553891 ], [ -161.887221875266818, 58.871279939559791 ], [ -161.851221843393347, 58.807982951468993 ], [ -161.949186787365676, 58.724328945368484 ], [ -162.168542757477923, 58.710275913294872 ], [ -162.269005723159921, 58.667556902915102 ], [ -162.280755710695189, 58.646297903176389 ], [ -162.270431698094825, 58.622125906698848 ], [ -162.210524688062634, 58.59256591881784 ], [ -162.081785685529127, 58.564898941099095 ], [ -161.870736709559907, 58.570412971918891 ], [ -161.860939693928799, 58.539090976366481 ], [ -161.817588680021231, 58.505725986249843 ], [ -161.704248686507469, 58.496911004067698 ], [ -161.617040699659242, 58.506774015936706 ], [ -161.57151972504218, 58.543755019412323 ], [ -161.489886742938666, 58.561895030045626 ], [ -161.457852758699914, 58.585966032783325 ], [ -161.233998812078539, 58.643453060673743 ], [ -161.177057797516198, 58.607068072990323 ], [ -161.17736276162816, 58.542567078754779 ], [ -161.140978743799224, 58.50334008758044 ], [ -161.095814740816166, 58.490027095949145 ], [ -161.015617755137725, 58.503062107102323 ], [ -160.933456758901258, 58.496109119632486 ], [ -160.874170771967158, 58.510066127820991 ], [ -160.793323807209674, 58.560097134732835 ], [ -160.601648953853783, 58.793323141753838 ], [ -160.593520970760011, 58.821728139881145 ], [ -160.608735981890391, 58.843621136060705 ], [ -160.34310802679056, 58.880542172164105 ], [ -160.310553991046987, 58.812626183867224 ], [ -160.27346998124392, 58.788731191480331 ], [ -160.172258979331758, 58.769329208739649 ], [ -160.089174007005909, 58.806303217836714 ], [ -160.004385979870875, 58.744612237009314 ], [ -159.939101969940964, 58.717906249009268 ], [ -159.811739990758269, 58.73545026635589 ], [ -159.701715034478269, 58.796397277641049 ], [ -159.54470603736155, 58.778419303277239 ], [ -159.40474898598535, 58.665957335006659 ], [ -159.151408867022838, 58.41577339623089 ], [ -159.162396855278928, 58.395231396115783 ], [ -159.148408842482866, 58.370302400211898 ], [ -159.078870831198884, 58.339257413592854 ], [ -158.772703863798398, 58.35492845897253 ], [ -158.638234905735629, 58.413247473652703 ], [ -158.605255931470964, 58.455592475209819 ], [ -158.213053008359338, 58.542604526912179 ], [ -158.147896013619771, 58.543780536996373 ], [ -158.062832987473939, 58.485518554533272 ], [ -158.529624446197658, 57.535139568345322 ], [ -158.893421122508101, 56.945108566606322 ], [ -159.173934037724479, 56.814450537387032 ], [ -159.425763982727858, 56.740187507315149 ], [ -159.581003938586861, 56.672923490713245 ], [ -159.870185876069399, 56.590856456061807 ], [ -160.069156807363299, 56.480279438280668 ], [ -160.225435773156761, 56.433600419528965 ], [ -160.305603736199004, 56.369214414390697 ], [ -160.439452691770327, 56.298814401791937 ], [ -160.513688641771182, 56.203017399946411 ], [ -160.545674598886649, 56.115279403653616 ], [ -160.616054571010551, 56.067421398077158 ], [ -160.929591549237443, 56.079380352371444 ], [ -161.211127519652621, 56.067410313562966 ], [ -161.428678474494944, 56.011574287894163 ], [ -161.825769407179052, 55.942655238299935 ], [ -161.906212385997691, 55.912201229372094 ], [ -162.002265349017534, 55.848750222423995 ], [ -162.134204318556499, 55.809061207611691 ], [ -162.172289299117068, 55.773530205835989 ], [ -162.289810266656929, 55.724866193825576 ], [ -162.570897148716057, 55.515819175968716 ], [ -162.681582114926584, 55.463181165712371 ], [ -162.830202085781764, 55.429425148501281 ], [ -162.935180055138886, 55.382051138530713 ], [ -163.141349970679556, 55.23196112510869 ], [ -163.567965872052667, 55.100158080325443 ], [ -163.770317854995852, 55.10882605202 ], [ -163.912720832653434, 55.090584034015187 ], [ -164.047465788909051, 55.020657023213204 ], [ -164.157889775438576, 55.015654008142548 ], [ -164.297900734911991, 54.952639995535272 ], [ -164.418169733232247, 54.979557976501354 ], [ -164.52120071708643, 54.969123963537278 ], [ -164.62776268207935, 54.911532955105876 ], [ -164.651197651715876, 54.844198959431239 ], [ -164.782798575710586, 54.691701958378417 ], [ -164.903063552286824, 54.666464944782781 ], [ -165.019640515284749, 54.606703935210618 ], [ -165.036790495866938, 54.561888937792069 ], [ -164.995648459182917, 54.457308955096437 ], [ -164.901315436761678, 54.374650976313994 ], [ -164.740635439261695, 54.337261002578721 ], [ -164.617127453015172, 54.33887401871317 ], [ -164.487081479503331, 54.369602032562049 ], [ -164.415005486955152, 54.368823042385138 ], [ -164.276702528749013, 54.437207054197593 ], [ -164.22787856778001, 54.523664050939388 ], [ -164.122689591929316, 54.556119061903267 ], [ -163.757890635976509, 54.572029109498864 ], [ -163.564071642985169, 54.539592139834504 ], [ -163.526198651610883, 54.551662143645245 ], [ -163.501099666328599, 54.582011143193625 ], [ -163.435900681026851, 54.602813150502321 ], [ -163.225114708172157, 54.617287177871553 ], [ -163.025651725246291, 54.611155205301486 ], [ -162.954794751525498, 54.659815210136557 ], [ -162.968624770239472, 54.708702203068249 ], [ -163.070865792700914, 54.78873918096253 ], [ -163.141756798775816, 54.820251167886084 ], [ -163.137316803438495, 54.829815167886395 ], [ -163.07941081876973, 54.853838173210924 ], [ -163.063218830692165, 54.879518172622106 ], [ -162.967819841415746, 54.882516185168569 ], [ -162.893921833425225, 54.844238199404764 ], [ -162.846831839114401, 54.84842720526337 ], [ -162.804260850683875, 54.8663722094402 ], [ -162.790815861772217, 54.888816208889729 ], [ -162.732606869509652, 54.895763216390321 ], [ -162.643015894551553, 54.933322224852816 ], [ -162.578912890317326, 54.908523236520757 ], [ -162.614620874253575, 54.877898234365446 ], [ -162.618951859515079, 54.845228236861907 ], [ -162.599998853840759, 54.826812241934753 ], [ -162.483103850761267, 54.792724261483109 ], [ -162.533160840142045, 54.776612256067217 ], [ -162.554949826252141, 54.749344255617032 ], [ -162.52625880730514, 54.694687265358553 ], [ -162.459895801201668, 54.66652427717279 ], [ -162.490366780809296, 54.622377277672918 ], [ -162.46419176894284, 54.587524284605159 ], [ -162.479833748703385, 54.540932287049579 ], [ -162.428530740342239, 54.507669297720831 ], [ -162.365053746292944, 54.50769330569149 ], [ -162.321810759719625, 54.531932309091708 ], [ -162.321888777474072, 54.575826305380573 ], [ -162.25275279491683, 54.603368311443475 ], [ -162.240491811421435, 54.640528309834465 ], [ -162.104864815125353, 54.618286330180197 ], [ -162.04803982598068, 54.631914337346942 ], [ -162.02853883888281, 54.659120337373437 ], [ -162.056590854407602, 54.70453232866663 ], [ -161.964688868266677, 54.716935340065639 ], [ -161.935855861536879, 54.695241345803829 ], [ -161.841034865488126, 54.684516359942769 ], [ -161.698385904313682, 54.747442374010085 ], [ -161.639862904919084, 54.736159382673712 ], [ -161.59033291511912, 54.749847388060537 ], [ -161.566348931774769, 54.784753387862509 ], [ -161.576756942772818, 54.814210383981099 ], [ -161.630090948755935, 54.840346374227565 ], [ -161.652413960887202, 54.875030367304667 ], [ -161.71729596373234, 54.895744356447686 ], [ -161.666699982231989, 54.928116360233055 ], [ -161.672299994882081, 54.959246356648364 ], [ -161.584599006214717, 54.967949367291773 ], [ -161.470105008679781, 54.949729385592434 ], [ -161.384900026175444, 54.973964394795217 ], [ -161.359541035407403, 54.991451396339961 ], [ -161.353166047890454, 55.019596394681017 ], [ -161.417745062579058, 55.06682138164156 ], [ -161.375407075725349, 55.089157384764015 ], [ -161.27227408894268, 55.100089398572457 ], [ -161.246520102927917, 55.126975399244799 ], [ -161.24852713088319, 55.193258392405212 ], [ -161.155524151409821, 55.222462403035991 ], [ -161.058649158244776, 55.220125416051715 ], [ -161.012944180834239, 55.262995418573944 ], [ -161.031121192995414, 55.294743412946936 ], [ -161.090008197015436, 55.316648402803949 ], [ -161.185629175691332, 55.285761392559216 ], [ -161.239535176636167, 55.298458383852982 ], [ -160.907924257572091, 55.420374418251633 ], [ -160.859025262008743, 55.419874425499422 ], [ -160.95344321267109, 55.32536742119126 ], [ -160.94396418693043, 55.263825428656936 ], [ -160.9223821779932, 55.238058433900981 ], [ -160.94149615527644, 55.188488436121467 ], [ -160.905083145805435, 55.159454443273304 ], [ -160.89969511874412, 55.095350450961355 ], [ -160.836794113012417, 55.068151461702641 ], [ -160.786375118014774, 55.070815469024787 ], [ -160.709711141746908, 55.112055475527647 ], [ -160.607695144208776, 55.098361490902441 ], [ -160.573279121207918, 55.036982502078338 ], [ -160.519488120328617, 55.025123510612772 ], [ -160.460856130060733, 55.035845517605374 ], [ -160.430945144985969, 55.064862518984306 ], [ -160.446942161455041, 55.108174512617602 ], [ -160.376925192153152, 55.165420517434569 ], [ -160.366851205743529, 55.196475515416864 ], [ -160.278388216378971, 55.205074526961226 ], [ -160.242555235210631, 55.241055528646037 ], [ -160.215813266097825, 55.308280526252254 ], [ -160.238985278280239, 55.340275519669106 ], [ -160.203596279459703, 55.335775525296434 ], [ -160.156013247885625, 55.253813539793939 ], [ -160.130111243245153, 55.238675544626318 ], [ -160.149698222960978, 55.196376545819582 ], [ -160.285337181682991, 55.124556533723663 ], [ -160.261938145710701, 55.035201545430098 ], [ -160.244383141598888, 55.022575548674702 ], [ -160.292876128124703, 55.000674543921122 ], [ -160.297676117646262, 54.976474545588559 ], [ -160.343412095012894, 54.930881543569811 ], [ -160.343200079818786, 54.894358547190222 ], [ -160.315800060631943, 54.843288556012247 ], [ -160.258125049632753, 54.806889567025806 ], [ -160.207744054320784, 54.807342574192383 ], [ -160.155441067495616, 54.82901957903789 ], [ -160.113056081277364, 54.854921582701913 ], [ -160.093995098157336, 54.890379582244677 ], [ -160.034507097911558, 54.879604591970249 ], [ -159.986838106162764, 54.891218597125089 ], [ -159.952995125371302, 54.929384598373346 ], [ -159.875046120759521, 54.904242611373427 ], [ -159.816061126945357, 54.90953261935244 ], [ -159.77575414207152, 54.937838621899651 ], [ -159.774007155517324, 54.968493620152501 ], [ -159.734754167877952, 54.990245623099661 ], [ -159.724522179721191, 55.017793622542314 ], [ -159.67657517075591, 54.987239631390423 ], [ -159.564840181351798, 54.991395646752601 ], [ -159.543271176593322, 54.976369651593366 ], [ -159.541462153905712, 54.923955656020205 ], [ -159.503277146937421, 54.900755663792104 ], [ -159.431802149396901, 54.894197674128328 ], [ -159.362316127660733, 54.828315690455923 ], [ -159.277376126207486, 54.811210703766157 ], [ -159.22662013415777, 54.820679709594856 ], [ -159.132714167894221, 54.885531717310208 ], [ -159.113275188375042, 54.930330715284811 ], [ -159.14163019909887, 54.960535709358361 ], [ -159.250159207287794, 54.998100690082651 ], [ -159.203223229235476, 55.043344692601949 ], [ -159.209208244066843, 55.077249689222029 ], [ -159.233442251145391, 55.098642683873884 ], [ -159.410905248665699, 55.123496656188109 ], [ -159.40469426422419, 55.159741654277894 ], [ -159.427098281103753, 55.201146647505027 ], [ -159.419812302121244, 55.24989664391579 ], [ -159.399512307962198, 55.259793645426576 ], [ -159.39740931718876, 55.280415644256415 ], [ -159.415326330788162, 55.315381638533417 ], [ -159.482620335464304, 55.33629462746282 ], [ -159.544354327021978, 55.328407619079996 ], [ -159.609077295735062, 55.267790615214423 ], [ -159.737911266590828, 55.222287601880062 ], [ -159.766820294386889, 55.29308559072885 ], [ -159.804233305299078, 55.323975582585376 ], [ -159.883574308752486, 55.345198569681557 ], [ -159.932603300556536, 55.336981563214728 ], [ -159.996386319275501, 55.3901945498693 ], [ -160.050563317507425, 55.395777541063588 ], [ -160.059316325571444, 55.416208538519584 ], [ -160.04118134134211, 55.448879537410811 ], [ -160.002064349041149, 55.459081542112287 ], [ -159.951157373954572, 55.507583544881733 ], [ -159.538172416591351, 55.532006601466705 ], [ -159.505065430928369, 55.558108603291153 ], [ -159.521536448254835, 55.600894597023782 ], [ -159.458010465945137, 55.628875604226486 ], [ -158.237461555446941, 55.634990777328397 ], [ -156.35733422666496, 56.822259951233782 ], [ -156.358987333758961, 57.03718193324459 ], [ -156.311690351520014, 57.067916937789072 ], [ -156.316503369920696, 57.105502933411259 ], [ -156.227831403605421, 57.162455942363451 ], [ -156.214526420646678, 57.195180941751509 ], [ -156.247061443756024, 57.243776932863582 ], [ -156.167216499952616, 57.345852936721371 ], [ -156.098375521143339, 57.3798489444872 ], [ -155.939778547156465, 57.412870964947899 ], [ -155.844505595600396, 57.497513972730879 ], [ -155.667980610653331, 57.508352998206561 ], [ -155.645523618596314, 57.522359000646411 ], [ -155.639506660954311, 57.602267994806375 ], [ -155.459884689006458, 57.637649019307005 ], [ -155.360934687413646, 57.625030035154623 ], [ -155.300417699621789, 57.642895042950627 ], [ -155.277023717695641, 57.676113044189222 ], [ -155.245808722442575, 57.681596048614068 ], [ -155.150080763476808, 57.750023057545476 ], [ -155.16088178432139, 57.790589052867666 ], [ -155.099442787229322, 57.791241061609853 ], [ -155.04354580180285, 57.812391068904596 ], [ -154.994037830641844, 57.863189072296123 ], [ -154.940762893337393, 57.97507207181868 ], [ -154.893823900177608, 57.983542078592755 ], [ -154.800949891026278, 57.959149093863907 ], [ -154.70900990818572, 57.98229610600626 ], [ -154.390764931593026, 57.999302153199501 ], [ -154.265543957981464, 58.038229169430039 ], [ -154.211821983327411, 58.080289175130055 ], [ -154.133674997220027, 58.100142185590798 ], [ -154.108939022926222, 58.14601118598695 ], [ -154.058992040820897, 58.175207190638019 ], [ -154.039061071931258, 58.230363189813382 ], [ -153.970059120905034, 58.312725194548662 ], [ -153.926009125899213, 58.319796200411055 ], [ -153.858578159140535, 58.374275207222794 ], [ -153.881815204645306, 58.45650019691589 ], [ -153.821091223924981, 58.487800203937184 ], [ -153.810677239852254, 58.515387204033274 ], [ -153.692382232263753, 58.49350722392974 ], [ -153.628024242946196, 58.508298232267023 ], [ -153.59268926353306, 58.54225423538707 ], [ -153.515171269978225, 58.548398246947599 ], [ -153.461503285697091, 58.572609253898584 ], [ -153.447041301234236, 58.598410254260479 ], [ -153.478797324087367, 58.641695245781882 ], [ -153.3716023463017, 58.673276260423137 ], [ -153.318042371443539, 58.712963264979741 ], [ -153.244819370293754, 58.70747127707066 ], [ -153.186985385239353, 58.729346284179734 ], [ -153.165946406594827, 58.764985285299879 ], [ -153.202521425767742, 58.80133427689286 ], [ -153.167050439650922, 58.823020280837611 ], [ -153.151668460391505, 58.857562280937486 ], [ -153.184107486652493, 58.905730272351697 ], [ -153.021201549279141, 59.002453290492426 ], [ -151.444194651133415, 59.099688530240613 ], [ -150.992215709276394, 59.1808385958985 ], [ -149.621321938082644, 59.52751778977413 ], [ -149.467526067636015, 59.733768801411387 ], [ -149.269647138332942, 59.845421826282141 ], [ -148.980224170409457, 59.893722869267577 ], [ -148.437246171325285, 59.892811956241331 ], [ -148.218528159988779, 59.875641991772383 ], [ -148.039679092564398, 59.769049026647068 ], [ -147.956461077388212, 59.744133040772567 ], [ -147.687262073769887, 59.741682084073048 ], [ -147.520868093613444, 59.774081109058677 ], [ -147.334849129176888, 59.833876135496951 ], [ -147.280986157033567, 59.878728141503331 ], [ -147.271151211277981, 59.963439138145517 ], [ -147.241762233235079, 59.998319140506894 ], [ -147.101962284465486, 60.081339158338636 ], [ -146.93930129728048, 60.103850183453801 ], [ -145.976590419785879, 60.3146543263857 ], [ -145.824345417319506, 60.315119351632369 ], [ -145.317709317870595, 60.179693439759255 ], [ -145.097997290396052, 60.146114476851913 ], [ -144.776037271607805, 60.129594529234872 ], [ -144.607299233315246, 60.078349559032766 ], [ -144.539706187623153, 60.010151573116048 ], [ -144.777820080236381, 59.829937543803602 ], [ -144.778125048540915, 59.778565546032347 ], [ -144.676792013515097, 59.727397564849383 ], [ -144.54220400418356, 59.719323586654134 ], [ -144.410531017109548, 59.746276606422967 ], [ -144.14410011763718, 59.919454640028249 ], [ -143.943240111411029, 59.919853672514591 ], [ -143.083272114823643, 59.976916807415769 ], [ -142.85906112729063, 60.011369841460471 ], [ -142.668986119392656, 60.011487871888875 ], [ -142.397820089378769, 59.984852916543375 ], [ -141.646592974601077, 59.861041041578993 ], [ -141.001704853052416, 59.723725149154639 ], [ -141.001699838696226, 59.701002149840988 ], [ -140.936506826046696, 59.686567160544762 ], [ -140.656459791394781, 59.657372205956406 ], [ -140.363115771205372, 59.653569252542425 ], [ -139.531435536585889, 59.357195394407242 ], [ -138.890585385684034, 59.18072450046494 ], [ -138.667222311974882, 59.083122538480112 ], [ -138.291106234708678, 59.000387599117609 ], [ -138.041075137837538, 58.867289641739674 ], [ -138.02514511909294, 58.836803644816072 ], [ -138.037592093380539, 58.790112644865388 ], [ -137.99606106714171, 58.749508652327918 ], [ -137.77595898729038, 58.640757688814652 ], [ -137.762238961498383, 58.59650569195724 ], [ -137.720630943139327, 58.570860699027143 ], [ -137.602585917098452, 58.541751718299672 ], [ -137.12031775895116, 58.329666797428175 ], [ -137.072373751135729, 58.323623805037279 ], [ -137.014520758077538, 58.344314813415139 ], [ -136.974858728170346, 58.296047820590744 ], [ -136.880758694926953, 58.250784836046577 ], [ -136.814432655118026, 58.188793847800923 ], [ -136.65841461773536, 58.145649872285269 ], [ -136.51544862427113, 58.180586893794157 ], [ -136.510288609358014, 58.153467894621343 ], [ -136.650261593517428, 58.10263287463026 ], [ -136.679168548377049, 58.01426987208643 ], [ -136.651150535138299, 57.993780877124543 ], [ -136.662136495962358, 57.920311876733095 ], [ -136.644641474762068, 57.883771880447199 ], [ -136.454499430625418, 57.830783910305314 ], [ -135.865812946660327, 56.996250014356207 ], [ -134.854347483007444, 56.236430174674318 ], [ -134.661248419285954, 56.142173203684656 ], [ -134.494192337198541, 55.999642229827671 ], [ -134.512524318878235, 55.955941227727706 ], [ -134.601575311895147, 55.922929214466613 ], [ -134.638499300363748, 55.889156209655475 ], [ -134.64129328658808, 55.857953209566979 ], [ -134.602325266393109, 55.822514215370063 ], [ -134.4210492144623, 55.74863524288638 ], [ -134.192046166572567, 55.693057276489903 ], [ -134.046628223506588, 55.850481295483917 ], [ -134.026997239905512, 55.892004298139682 ], [ -133.995903193083763, 55.795205303796273 ], [ -133.936583178455777, 55.776001312745706 ], [ -133.837997175890905, 55.793301326009619 ], [ -133.84853716293847, 55.763399325352779 ], [ -133.831803151224165, 55.74151432774395 ], [ -133.879581145236074, 55.715455320850829 ], [ -133.887700131115196, 55.68364331971231 ], [ -133.867520117383293, 55.657329323429209 ], [ -133.798265099184533, 55.633235333126215 ], [ -133.861400037974249, 55.480643325589917 ], [ -133.897875031578224, 55.459079320749694 ], [ -133.907172022084069, 55.434007319033292 ], [ -133.873936002895363, 55.398844323970479 ], [ -133.771616990640098, 55.394327338962533 ], [ -133.761394968281337, 55.346265340288873 ], [ -133.778467957866383, 55.319620338665722 ], [ -133.775641941286125, 55.282249339047276 ], [ -133.707627911530722, 55.22937534884003 ], [ -133.691239896083175, 55.198477351920943 ], [ -133.611499878342755, 55.176463363541686 ], [ -133.790546821132381, 55.000585338621512 ], [ -133.741584740764381, 54.822926346598926 ], [ -133.648921650560226, 54.632049360834053 ], [ -132.004826493559875, 54.682452590529493 ], [ -130.615415338403238, 54.705495784627779 ], [ -130.62638635287513, 54.738072782784194 ], [ -130.657772366976161, 54.761832778851513 ], [ -130.474623375690982, 54.83810680483387 ], [ -130.339522393995594, 54.921380824156977 ], [ -130.187559435035098, 55.064669845677336 ], [ -130.18272544665524, 55.093216846342322 ], [ -130.118937473953821, 55.176078855666567 ], [ -129.980076502151832, 55.284234875678671 ], [ -130.023576531575998, 55.338263870283136 ], [ -130.044321583391906, 55.451974867764761 ], [ -130.085431605964146, 55.491521862041459 ], [ -130.120150642447641, 55.56392385709642 ], [ -130.111695693031692, 55.682055859240052 ], [ -130.150079718195485, 55.727103853930515 ], [ -130.150613736404921, 55.767035853654058 ], [ -130.12855674923253, 55.802152857551327 ], [ -130.084528752752135, 55.824001863307714 ], [ -130.013216785307122, 55.916386874024496 ], [ -130.024749786932773, 55.915905872684291 ], [ -130.020268807545733, 55.964366873457692 ], [ -130.00427881867617, 55.993383875763392 ], [ -130.102788887971911, 56.116696861364986 ], [ -130.245558897255847, 56.096880841706202 ], [ -130.425597940365577, 56.140682816097758 ], [ -130.466892991779957, 56.239794809634603 ], [ -130.622507024142664, 56.267941787599028 ], [ -130.78224909083508, 56.367513764488955 ], [ -131.08572314642575, 56.406544721069061 ], [ -131.167944176336988, 56.448365708673947 ], [ -131.461825259852333, 56.547908666217445 ], [ -131.581240304852457, 56.613279648761562 ], [ -131.835152329802042, 56.601853611969723 ], [ -131.862054382520995, 56.70414060768541 ], [ -131.901779410909825, 56.753162601444288 ], [ -131.871744432332207, 56.804969605193328 ], [ -132.125953496557912, 56.874702568338492 ], [ -132.051063574321432, 57.051159577744386 ], [ -132.371331633353151, 57.095233530371871 ], [ -132.252206680062528, 57.215659547292503 ], [ -132.368003760462415, 57.348689529686844 ], [ -132.559197861785862, 57.503931499643038 ], [ -132.658143932492067, 57.619490484482235 ], [ -132.756832988779962, 57.705097468749827 ], [ -132.86933807386896, 57.842945450181951 ], [ -133.076441180310553, 57.999766417849401 ], [ -133.176464272246534, 58.150155400741717 ], [ -133.343714356671597, 58.270902374598727 ], [ -133.46149443209174, 58.385526354998383 ], [ -133.379927446743778, 58.427913366389511 ], [ -133.699855582038595, 58.60729431552366 ], [ -133.840412664831376, 58.727995292557047 ], [ -134.250546782709165, 58.858050227623941 ], [ -134.328984826428581, 58.919597214550052 ], [ -134.306410847269433, 58.959242217275431 ], [ -134.401062866664603, 58.976225202287864 ], [ -134.379791898658993, 59.034965204611503 ], [ -134.481261963703503, 59.128075187767593 ], [ -134.566709972404112, 59.128282174220338 ], [ -134.681945021068486, 59.190847155448793 ], [ -134.702404056841317, 59.247840150758925 ], [ -134.961993102898077, 59.280380110428709 ], [ -135.029266147981673, 59.345368098216092 ], [ -134.993276170088876, 59.387800103710141 ], [ -135.098006204933938, 59.427787086129733 ], [ -135.026349225436803, 59.474662096027217 ], [ -135.027477279140982, 59.563696094485607 ], [ -135.114609324199648, 59.623419079190853 ], [ -135.166757334881993, 59.632244071337603 ], [ -135.214365359474982, 59.664347063383801 ], [ -135.231169380950632, 59.697180059711322 ], [ -135.477457468649561, 59.799630019301446 ], [ -135.945926430687109, 59.663805949130413 ], [ -136.190371438731006, 59.639857911379011 ], [ -136.350643429200943, 59.599329887057706 ], [ -136.23736139414774, 59.55873790534357 ], [ -136.234250372750751, 59.524734906991277 ], [ -136.301867342585552, 59.464132897361083 ], [ -136.358161339690895, 59.449802889071755 ], [ -136.474345358680637, 59.464196870648848 ], [ -136.46683625009004, 59.284255876132484 ], [ -136.49410524612253, 59.272993872607586 ], [ -136.486630238110791, 59.261111873799408 ], [ -136.581542189584383, 59.164912861417221 ], [ -136.826654207299867, 59.158392823134577 ], [ -137.264773154100141, 59.002355758672202 ], [ -137.447404115260696, 58.90951673306099 ], [ -137.526445120269813, 58.906837720527129 ], [ -137.498579163610771, 58.986697722821177 ], [ -137.604298323423336, 59.243060699329007 ], [ -138.62095272501773, 59.770562524462832 ], [ -138.662993752665926, 59.810228516574462 ], [ -138.702074818206881, 59.910248507095666 ], [ -139.046447898776222, 59.998238450470609 ], [ -139.200367969226136, 60.09070442246842 ], [ -139.082268110078815, 60.323828433674706 ], [ -139.086691133137094, 60.357657431554649 ], [ -139.698383164077541, 60.340424334556424 ], [ -139.989164083431007, 60.185243293206575 ], [ -140.472314195152336, 60.310593211971252 ], [ -140.535112143100747, 60.224227204522798 ], [ -141.001862223862219, 60.30610812727317 ], [ -141.00274465799086, 69.70363469193417 ], [ -141.377927747017765, 69.744149621511042 ], [ -141.591484869320908, 69.814584578278982 ], [ -142.057010036628213, 69.903151488370185 ], [ -142.480305266567512, 70.033907403011781 ], [ -143.226465575179304, 70.202000255219659 ], [ -143.411479554896431, 70.183573222253798 ], [ -143.622112599859122, 70.205457182215582 ], [ -143.951353569752854, 70.17770112284515 ], [ -144.063203515103169, 70.140367104982374 ], [ -144.378105450732704, 70.092399049147787 ], [ -144.481250451892151, 70.090671030569865 ], [ -144.678810338696962, 70.014435998649205 ], [ -144.867067389296182, 70.042810962176986 ], [ -145.032966373453178, 70.029490932375026 ], [ -145.112467463027315, 70.084154914340857 ], [ -145.29638648120951, 70.092258880374516 ], [ -145.979299741564006, 70.244112744268989 ], [ -146.203681766857926, 70.257154701701765 ], [ -146.405526821884905, 70.288861662165829 ], [ -146.716924822815884, 70.286804605128594 ], [ -146.869734922641783, 70.347090572258239 ], [ -146.999209950841276, 70.363410547061491 ], [ -147.168460923795152, 70.346098517113035 ], [ -147.207217986723151, 70.384131507617255 ], [ -147.349365053138229, 70.423958478822414 ], [ -147.451072090547711, 70.446686457936991 ], [ -147.610686073520668, 70.435674429384775 ], [ -147.652515113252775, 70.459705420233476 ], [ -147.779469133522809, 70.471870395681321 ], [ -147.778507166059512, 70.491662394414661 ], [ -147.811607201475823, 70.512791387239773 ], [ -147.93532024834343, 70.541068362339985 ], [ -148.058378232485381, 70.531607340028884 ], [ -148.129979180184733, 70.500017329036211 ], [ -148.283389227695352, 70.529176297859522 ], [ -148.422272224426791, 70.527887272096777 ], [ -148.509294169939267, 70.495336258985262 ], [ -148.516044131930386, 70.472385258539077 ], [ -148.491105101755551, 70.453946264881424 ], [ -148.659516141360967, 70.4788182322757 ], [ -148.786742219349151, 70.526550204982399 ], [ -148.973195227121977, 70.532545170350517 ], [ -149.121297291070761, 70.571814139774915 ], [ -149.69502037156056, 70.62555902943545 ], [ -150.031947315119766, 70.596542969145972 ], [ -150.086731341601507, 70.613009958144815 ], [ -150.200903342208562, 70.61538293651455 ], [ -150.283907322192022, 70.604643922201902 ], [ -150.346136246554238, 70.560511913897244 ], [ -150.769071221986081, 70.553322835505682 ], [ -150.876156194556046, 70.53894281730264 ], [ -150.924966156344482, 70.517034809536142 ], [ -151.246674082982651, 70.480015752543196 ], [ -151.545045089053474, 70.490319696926292 ], [ -151.549609114706044, 70.506442694644576 ], [ -151.502426178120629, 70.543149700835542 ], [ -151.514458222389322, 70.570007696784018 ], [ -151.615605263128828, 70.597089675758085 ], [ -152.044394618910417, 70.818152579196578 ], [ -152.057009667033441, 70.846590574896837 ], [ -152.199551750372194, 70.898779544584357 ], [ -152.47718381225485, 70.94244048957863 ], [ -152.655531808103547, 70.94591045617392 ], [ -152.822733849837419, 70.974842423428697 ], [ -152.984163853944807, 70.982633392443475 ], [ -153.242807827445688, 70.976459345360283 ], [ -153.494379735548932, 70.932583301458337 ], [ -153.749552734090031, 70.941522253855894 ], [ -153.900457705270099, 70.930736226726765 ], [ -154.372487810719235, 71.010475132869004 ], [ -154.769937023657747, 71.149381048771545 ], [ -155.096336128934951, 71.223555981880082 ], [ -155.225710129661849, 71.230047957320267 ], [ -155.487541188320051, 71.275440904828187 ], [ -155.761041176629334, 71.282335854202557 ], [ -155.89259329317332, 71.354002823822029 ] ] ] ] } },
{ "type": "Feature", "properties": { "Shape_Length": 40.518494974213716, "Shape_Area": 19.307334796341298, "OBJECTID": 3, "EPAREGION": "Region 2" }, "geometry": { "type": "MultiPolygon", "coordinates": [ [ [ [ -64.556188785610985, 17.810555745082951 ], [ -64.632281809762532, 17.844956754023748 ], [ -64.69752182968989, 17.808763742288846 ], [ -64.747069845296323, 17.835181748992909 ], [ -64.899295892035255, 17.815465740622088 ], [ -64.943596905427981, 17.762614724130692 ], [ -64.953178905986903, 17.66102469441962 ], [ -64.935168900368197, 17.635188687206181 ], [ -64.900358889364938, 17.623470683512121 ], [ -64.865560878442707, 17.635331687798477 ], [ -64.75643384465063, 17.630648688093892 ], [ -64.63368380682212, 17.66464570050395 ], [ -64.520294773381124, 17.729865722081581 ], [ -64.516002772730829, 17.771446734665673 ], [ -64.556188785610985, 17.810555745082951 ] ] ], [ [ [ -67.897611826857116, 18.175947800326867 ], [ -67.936939840142628, 18.209368809345701 ], [ -67.982541853459225, 18.197486804905825 ], [ -67.998689858033927, 18.170778797228184 ], [ -67.986146853150458, 18.119194782129828 ], [ -67.998294856248876, 18.083763771670487 ], [ -67.988003852822203, 18.052207762418195 ], [ -67.953555842221377, 18.02263975405755 ], [ -67.874628817283238, 17.999772748890006 ], [ -67.822439801476406, 18.026433756745213 ], [ -67.790403793008664, 18.098470778371308 ], [ -67.825750804476016, 18.157786795839694 ], [ -67.897611826857116, 18.175947800326867 ] ] ], [ [ [ -67.472134698371391, 18.326090851006043 ], [ -67.431569686121648, 18.347332857197834 ], [ -67.418625683080037, 18.389965870043365 ], [ -67.451639693867577, 18.430587881472519 ], [ -67.491853706481805, 18.437307883351021 ], [ -67.531782717953178, 18.414485875794895 ], [ -67.542436720902415, 18.3776538651117 ], [ -67.518331712780082, 18.340449853883733 ], [ -67.472134698371391, 18.326090851006043 ] ] ], [ [ [ -64.891030901417778, 18.462162932117533 ], [ -65.007766937192116, 18.440705923606597 ], [ -65.041519947796175, 18.45910492887792 ], [ -65.091788963777731, 18.447104924206641 ], [ -65.153641979871523, 18.293141877894932 ], [ -65.142619975519764, 18.250791865925329 ], [ -65.10082896227371, 18.232631861071823 ], [ -65.067729951993286, 18.243910865276511 ], [ -65.05019194763274, 18.269131872362909 ], [ -65.019818937492715, 18.252357868694808 ], [ -64.946469914672051, 18.257225871010416 ], [ -64.886400894651359, 18.191414852895203 ], [ -64.849549883329274, 18.179685849650575 ], [ -64.811813871951401, 18.198715855738332 ], [ -64.801286869712783, 18.245108869555466 ], [ -64.773417861293709, 18.260508875178822 ], [ -64.694486836221301, 18.248760872662025 ], [ -64.664256826956404, 18.261273876539786 ], [ -64.637732820619846, 18.319761894372505 ], [ -64.640434821871693, 18.363999907762455 ], [ -64.756920858372709, 18.376688909245793 ], [ -64.800326872192912, 18.407597917581871 ], [ -64.864973891989791, 18.395929912781916 ], [ -64.891030901417778, 18.462162932117533 ] ] ], [ [ [ -66.953961542106157, 18.540932921885538 ], [ -67.06975957823856, 18.567279927807895 ], [ -67.160465605301894, 18.552545922483464 ], [ -67.22162462335217, 18.497998905468613 ], [ -67.207935618217405, 18.44228288932398 ], [ -67.302715646911821, 18.401561875805942 ], [ -67.318692651737919, 18.381036869095997 ], [ -67.319909651833754, 18.343189858209652 ], [ -67.28596263964927, 18.282167840718312 ], [ -67.230463622007207, 18.246562831326855 ], [ -67.214234616222811, 18.211351820721255 ], [ -67.235894622924391, 18.175705810020357 ], [ -67.235372621132967, 18.120147793749751 ], [ -67.260169628686029, 18.084806782757379 ], [ -67.267492628795949, 17.983073752942083 ], [ -67.260678626307225, 17.9285427367338 ], [ -67.210595609960123, 17.885418724484936 ], [ -67.170382597457845, 17.883627724718597 ], [ -67.142788589240865, 17.900572730064685 ], [ -66.920995520121707, 17.875178725849857 ], [ -66.788152479784486, 17.916066740589741 ], [ -66.677063444700437, 17.89676473682843 ], [ -66.574065413524139, 17.913142743133097 ], [ -66.583083414925525, 17.862157727547253 ], [ -66.530934398170984, 17.831511719779471 ], [ -66.424483366444719, 17.881994736090743 ], [ -66.388117355166727, 17.869219732816877 ], [ -66.303091329093647, 17.882114738183017 ], [ -66.227329305355525, 17.862243733554148 ], [ -66.179709290186821, 17.882567740481328 ], [ -66.122303272653426, 17.879467739612945 ], [ -66.076721258758994, 17.910673749736013 ], [ -66.008407237335376, 17.895953746641879 ], [ -65.972880227027858, 17.923247755809253 ], [ -65.904898206036222, 17.926264757528106 ], [ -65.805064175635366, 17.971212772289526 ], [ -65.716096151267053, 18.106268814001986 ], [ -65.61804812110843, 18.154182829683414 ], [ -65.630971125155881, 18.123021820386587 ], [ -65.624602121842074, 18.077475806580857 ], [ -65.59480111190976, 18.045083797496524 ], [ -65.549697097777482, 18.028451793444173 ], [ -65.440299064286933, 18.037176798168392 ], [ -65.249598005329844, 18.084307815031746 ], [ -65.223244998140316, 18.105226821363413 ], [ -65.21625299618195, 18.1435548331456 ], [ -65.27198401510266, 18.196246847730894 ], [ -65.464423075102644, 18.22221685195338 ], [ -65.52423509342465, 18.208516847374298 ], [ -65.554641102563281, 18.184769839241895 ], [ -65.533838096056897, 18.218362850017062 ], [ -65.465366075200109, 18.243679857891113 ], [ -65.461538075542364, 18.293301873050591 ], [ -65.423771063252858, 18.291379873503082 ], [ -65.286678019724576, 18.225992855651359 ], [ -65.20542999467105, 18.244704862974693 ], [ -65.16882298427123, 18.303518880803885 ], [ -65.181759989609404, 18.357729896416668 ], [ -65.220941002543015, 18.395274907037233 ], [ -65.302919027502668, 18.387504903006597 ], [ -65.376656051038523, 18.4214859122254 ], [ -65.424331065863711, 18.390869902491183 ], [ -65.463976078116019, 18.393482902599018 ], [ -65.624604128618387, 18.451262916828671 ], [ -65.678610145041205, 18.418535906157267 ], [ -65.753577169353534, 18.472006920561601 ], [ -65.899404214825864, 18.504734928011587 ], [ -66.399647370702695, 18.543763931691124 ], [ -66.478559394270277, 18.524422924955743 ], [ -66.60752243445431, 18.543839928294965 ], [ -66.73460447388679, 18.526014921012219 ], [ -66.795169492595448, 18.543322924699023 ], [ -66.953961542106157, 18.540932921885538 ] ] ], [ [ [ -74.821792014220662, 45.013760020969954 ], [ -74.907950040340666, 44.983378012293869 ], [ -74.992729068203687, 44.977478007357831 ], [ -75.064828088281587, 44.929457995770449 ], [ -75.134418109629053, 44.915110990735236 ], [ -75.139868110365299, 44.896692987820146 ], [ -75.307623161064171, 44.836818970374985 ], [ -75.301978157962097, 44.826645968251242 ], [ -75.413794190199013, 44.772542954892295 ], [ -75.766228285459675, 44.515855895199479 ], [ -75.807767295548501, 44.471649885920762 ], [ -75.820821296993529, 44.432247878061212 ], [ -75.912987322096285, 44.368092863212311 ], [ -76.161827396448501, 44.280784837518787 ], [ -76.164260393694647, 44.239611829929416 ], [ -76.206776405672457, 44.214546823482898 ], [ -76.312641438555957, 44.199053816811883 ], [ -76.352681446555053, 44.134751803545363 ], [ -76.438289470986803, 44.094180793326203 ], [ -76.753540540736907, 43.684283706692042 ], [ -76.776235543483423, 43.629537695728963 ], [ -78.688298160036524, 43.634750613384767 ], [ -79.200939308062758, 43.450430557907609 ], [ -79.056063245179104, 43.254164529609369 ], [ -79.042360231777849, 43.143662510259929 ], [ -79.069559238192326, 43.120263504987044 ], [ -79.057964232876401, 43.106965503231784 ], [ -79.074462235658515, 43.077871497396224 ], [ -79.007133213701337, 43.065765497575001 ], [ -79.019967211932979, 42.994764484479042 ], [ -78.909162171755028, 42.933265478826023 ], [ -78.905761167562758, 42.899965472493591 ], [ -78.930562171090202, 42.850113463038753 ], [ -78.999763189708972, 42.80437645144039 ], [ -79.762421406397408, 42.516080364828227 ], [ -79.761316364022349, 41.998816270578182 ], [ -75.359580965573329, 41.999453454295711 ], [ -75.312818947293394, 41.950190446711005 ], [ -75.293714941804765, 41.954601447540107 ], [ -75.2790959354667, 41.938925445292426 ], [ -75.260528924311345, 41.863808431959306 ], [ -75.18525590001255, 41.859938434582723 ], [ -75.172533897337502, 41.872247436654071 ], [ -75.162855892520056, 41.850590433352046 ], [ -75.117104877460193, 41.845471433671214 ], [ -75.11333587447848, 41.822790429489892 ], [ -75.073088861194222, 41.814638429448088 ], [ -75.104641868584707, 41.774211420587775 ], [ -75.053228850243627, 41.751670418377621 ], [ -75.049863846999941, 41.713317411527512 ], [ -75.068831852421084, 41.708169409856595 ], [ -75.052737845693485, 41.688401407009202 ], [ -75.044225838739379, 41.617986393273029 ], [ -75.074614847927762, 41.60571938977521 ], [ -75.018525826247838, 41.551810382191071 ], [ -75.024758826795562, 41.535107378326323 ], [ -75.003152818165418, 41.508109374516614 ], [ -74.984373812093168, 41.506619374568359 ], [ -74.983342810187906, 41.480902369949916 ], [ -74.91299278694413, 41.475909371582418 ], [ -74.892626778577693, 41.438625365342517 ], [ -74.858579767268751, 41.444435367647607 ], [ -74.830672757399512, 41.43051136601882 ], [ -74.807583750839882, 41.442855369212886 ], [ -74.790418744686932, 41.421668365405409 ], [ -74.738457728198398, 41.430650368661716 ], [ -74.738555726340081, 41.401199363744695 ], [ -74.689503707935003, 41.363859357736281 ], [ -74.794142739321714, 41.32119534594959 ], [ -74.857153754898121, 41.248983329854383 ], [ -74.882140757851118, 41.180844315790409 ], [ -74.923170768164212, 41.138154306001056 ], [ -74.982213785654608, 41.108253297822657 ], [ -74.991816786972407, 41.08914029371212 ], [ -74.969124779932315, 41.086811294614385 ], [ -75.012874792973165, 41.066524288837073 ], [ -75.025778795097992, 41.039814283530482 ], [ -75.131097825128549, 40.990472269963639 ], [ -75.134702824964307, 40.972046266403453 ], [ -75.051030791892714, 40.865670248204239 ], [ -75.066009795600394, 40.847602244605447 ], [ -75.095785804926408, 40.847090243183054 ], [ -75.08393079979723, 40.824479239726479 ], [ -75.108506805690666, 40.791102231884537 ], [ -75.13440181269597, 40.773778227259854 ], [ -75.171588824678139, 40.777753227411125 ], [ -75.196536831212427, 40.751639221349819 ], [ -75.182085825316975, 40.731530217836081 ], [ -75.203922829505785, 40.691506208926931 ], [ -75.176804820275976, 40.675723206560633 ], [ -75.200453825827168, 40.649227200832286 ], [ -75.188580820654408, 40.624636196492943 ], [ -75.201813823998108, 40.617196194998087 ], [ -75.195497819671402, 40.578635187404927 ], [ -75.171624811031506, 40.5642301857715 ], [ -75.115537793715987, 40.572868189455683 ], [ -75.068836777195443, 40.542426185203624 ], [ -75.058576766085153, 40.418201161231345 ], [ -74.966553735822032, 40.398162160127583 ], [ -74.939712723264194, 40.338014149031579 ], [ -74.868209698340962, 40.295214143450046 ], [ -74.842309687290083, 40.250516135546498 ], [ -74.770707661831764, 40.214916131533855 ], [ -74.721577643179387, 40.154048121083243 ], [ -74.784169660657724, 40.120485112174052 ], [ -74.822532673379314, 40.126852111604791 ], [ -74.86175768264107, 40.083470102028635 ], [ -74.938898706626006, 40.066107095526867 ], [ -75.047091737436219, 40.009949080819538 ], [ -75.075606744704857, 39.978049073679443 ], [ -75.125702759421586, 39.961831068099698 ], [ -75.143747760757208, 39.885006052708214 ], [ -75.246150791280471, 39.85399004246851 ], [ -75.341767821062064, 39.846090037364014 ], [ -75.445236849401027, 39.779461020733258 ], [ -75.47650485576348, 39.716415007165459 ], [ -75.559738876863662, 39.630459986476474 ], [ -75.553569872894812, 39.601939981502554 ], [ -75.511958857936477, 39.567249975324408 ], [ -75.534015863322281, 39.540709969295918 ], [ -75.526824857911294, 39.499418961904119 ], [ -75.563587868623316, 39.483055957247529 ], [ -75.560539865754777, 39.455652951714221 ], [ -75.316224776411786, 39.24531491842442 ], [ -75.168463719024743, 39.056186885305387 ], [ -75.015124655621108, 38.788664836235576 ], [ -74.907987627280775, 38.879323858267085 ], [ -74.824330602135873, 38.896269864571515 ], [ -74.733424577123898, 38.967665882287406 ], [ -74.715572574377802, 39.009223891368499 ], [ -74.646875555942287, 39.076219906831618 ], [ -74.624603552685386, 39.143587921719458 ], [ -74.565242537845819, 39.210649937183284 ], [ -74.461616510502239, 39.301030959544839 ], [ -74.362514480804705, 39.325788967543048 ], [ -74.265919455562582, 39.422422990553912 ], [ -74.083317411386972, 39.669570046744823 ], [ -74.03815940202351, 39.750128064320769 ], [ -73.965276399619881, 40.112958139420002 ], [ -73.898209387655285, 40.27436117323397 ], [ -73.88964639740027, 40.486519215464099 ], [ -73.876779394343643, 40.501135219220359 ], [ -73.768782361868716, 40.533755229104827 ], [ -73.486497270732471, 40.520513236181259 ], [ -73.326273221561877, 40.55692424889456 ], [ -73.274026204377179, 40.551322249330141 ], [ -72.374529930243298, 40.818603332540171 ], [ -71.870139777317405, 40.996979383754002 ], [ -71.794139754851614, 41.036985394425692 ], [ -71.777491751452729, 41.067300400442313 ], [ -71.790972761745707, 41.18410942350441 ], [ -71.907258807103716, 41.304491443154063 ], [ -71.929451814648971, 41.310395443351837 ], [ -72.08184786088421, 41.262232429276935 ], [ -72.999548147031064, 41.087116364048967 ], [ -73.612886336871114, 40.950951316212745 ], [ -73.659672354216866, 40.98791732227523 ], [ -73.655256353876666, 41.012254327123742 ], [ -73.727776383181023, 41.100704341365372 ], [ -73.482696311004872, 41.212780371681234 ], [ -73.55096333768239, 41.295429385363825 ], [ -73.489616362163474, 42.000100522613756 ], [ -73.487315364585896, 42.049646532651742 ], [ -73.508143373697564, 42.086265538625099 ], [ -73.264958337336481, 42.74594867139605 ], [ -73.276422340950546, 42.746027671047166 ], [ -73.290945349115333, 42.80192868047439 ], [ -73.278307347294316, 42.837566687951671 ], [ -73.241588382324579, 43.534977817488453 ], [ -73.258632389973897, 43.564958822661062 ], [ -73.297325403785621, 43.579381823503695 ], [ -73.30644141056996, 43.62834183259033 ], [ -73.371891431072342, 43.624498829445571 ], [ -73.395769435393646, 43.568095818104624 ], [ -73.431230448784902, 43.588293820222709 ], [ -73.417670446347699, 43.621695827500368 ], [ -73.426464450639287, 43.642607830370068 ], [ -73.350763434875375, 43.771395856488084 ], [ -73.392518452234043, 43.821348864429659 ], [ -73.372590447468582, 43.845362868952201 ], [ -73.374163449851721, 43.876249875211002 ], [ -73.408555464717082, 43.93190288377496 ], [ -73.407646471084547, 44.021119899742139 ], [ -73.437906482490135, 44.045133903286299 ], [ -73.390626477801277, 44.191076930887583 ], [ -73.31274245758658, 44.265419947199291 ], [ -73.334951471913641, 44.3644489640361 ], [ -73.293628463622738, 44.438911979092175 ], [ -73.306714472436624, 44.500343988708451 ], [ -73.374951500642922, 44.575826000041715 ], [ -73.390232508455185, 44.618363007180001 ], [ -73.361309504334471, 44.694533021563707 ], [ -73.365563509353635, 44.741795029280617 ], [ -73.333155502199972, 44.788768039370815 ], [ -73.381591522545961, 44.849363048367437 ], [ -73.338980513422058, 44.917690061651072 ], [ -73.338245516963212, 44.964760069606996 ], [ -73.354634523572955, 44.987361072882514 ], [ -73.343125522246865, 45.010849077795058 ], [ -74.150236789575459, 44.991366043407446 ], [ -74.670298963164925, 45.006203025275873 ], [ -74.731302982283438, 44.99042802017766 ], [ -74.821792014220662, 45.013760020969954 ] ] ] ] } },
{ "type": "Feature", "properties": { "Shape_Length": 32.837288846006878, "Shape_Area": 34.5595080424022, "OBJECTID": 4, "EPAREGION": "Region 3" }, "geometry": { "type": "Polygon", "coordinates": [ [ [ -79.761623363987681, 42.000068270973649 ], [ -79.762421406397408, 42.516080364828227 ], [ -80.08022549644339, 42.394170328023293 ], [ -80.519854628803103, 42.32714029550521 ], [ -80.518994493377079, 40.63880898365359 ], [ -80.576707509675856, 40.614230977091594 ], [ -80.627174525529824, 40.619943975898025 ], [ -80.667816535321577, 40.583543966767479 ], [ -80.595408504886493, 40.475323949223906 ], [ -80.612328504301999, 40.402769935248557 ], [ -80.632735510048832, 40.390512931565674 ], [ -80.60968950111463, 40.374957929957532 ], [ -80.599898493763462, 40.317673919136247 ], [ -80.619300496623509, 40.265177908401633 ], [ -80.65210450441576, 40.244982903520935 ], [ -80.705614514855043, 40.153483883851138 ], [ -80.709548511883881, 40.100309872940095 ], [ -80.738184518525642, 40.078614868019493 ], [ -80.74014251155505, 39.970802846963579 ], [ -80.76427851710649, 39.949970841723498 ], [ -80.756116512351028, 39.913409835270379 ], [ -80.806779527990642, 39.916315833642017 ], [ -80.790764519306705, 39.867287824878268 ], [ -80.824279528622654, 39.847166819773967 ], [ -80.826082525144955, 39.798591810516186 ], [ -80.870325536727762, 39.763191801576347 ], [ -80.831874520177763, 39.705662792187212 ], [ -80.863701528922718, 39.69173178781066 ], [ -80.880363529241521, 39.620713773699421 ], [ -80.928349543262627, 39.616561770913094 ], [ -80.973486555497303, 39.5884537632503 ], [ -81.071028579788234, 39.515615744982114 ], [ -81.132537593600716, 39.446282728688153 ], [ -81.185148608368237, 39.431486723815027 ], [ -81.21731861556168, 39.38759771434389 ], [ -81.27029563116858, 39.386054711646239 ], [ -81.375964660555681, 39.341704698326026 ], [ -81.412709674821571, 39.394625706686064 ], [ -81.456146689405742, 39.409281708107073 ], [ -81.55755071492095, 39.338781689978973 ], [ -81.57025071385965, 39.267682675834081 ], [ -81.68476674888656, 39.270034670952192 ], [ -81.691918747722923, 39.227042662727918 ], [ -81.72562575751742, 39.215912658453291 ], [ -81.756183764179482, 39.18046765066093 ], [ -81.746057754914531, 39.096985635093013 ], [ -81.775558762288171, 39.078384629460231 ], [ -81.813857773871788, 39.079685628690591 ], [ -81.808058770841683, 39.053784623774568 ], [ -81.764256754781627, 39.0152866180971 ], [ -81.781823756336834, 38.964942607050723 ], [ -81.756978746856845, 38.937161603111569 ], [ -81.762661748023888, 38.924130600142362 ], [ -81.827357768649691, 38.945905602111004 ], [ -81.855974773906198, 38.892741590382364 ], [ -81.902973786930318, 38.876097584680927 ], [ -81.928002795211185, 38.893499587295842 ], [ -81.898473788690481, 38.929610595340733 ], [ -81.933189803456372, 38.987667605174856 ], [ -81.979374818043453, 38.993200603991134 ], [ -82.004502827747302, 39.028899610346542 ], [ -82.037752838317644, 39.023872608122943 ], [ -82.143170860774887, 38.89808657903297 ], [ -82.14547085725404, 38.839687567038716 ], [ -82.221569876622354, 38.787194553736981 ], [ -82.187971862823119, 38.733089544284518 ], [ -82.177270849849947, 38.603791519334514 ], [ -82.20517485726964, 38.591726516064533 ], [ -82.2620738754255, 38.598190515286326 ], [ -82.291274882284, 38.578990509781008 ], [ -82.30422688052235, 38.496315493550661 ], [ -82.330338884720391, 38.44450748170788 ], [ -82.539662945293585, 38.403939464485994 ], [ -82.595975962791798, 38.417887464985846 ], [ -82.598124958584364, 38.345940450506397 ], [ -82.571759948741715, 38.317202446334221 ], [ -82.583038950128909, 38.296814442328369 ], [ -82.574627945961495, 38.263944435767797 ], [ -82.612219954970897, 38.236304428416204 ], [ -82.598298949640053, 38.217368425286267 ], [ -82.611604950715474, 38.171346415719285 ], [ -82.644542960136761, 38.165256413747315 ], [ -82.636576955447069, 38.138027408495873 ], [ -82.549852924791168, 38.069459398641222 ], [ -82.519196910987361, 38.001138386099022 ], [ -82.464569893339686, 37.983883385182061 ], [ -82.502201901765375, 37.933059373363605 ], [ -82.480660894342222, 37.926176372960057 ], [ -82.474410891164268, 37.899962367838256 ], [ -82.462994888406598, 37.914827371497388 ], [ -82.419932873397528, 37.884877367571377 ], [ -82.407516868803029, 37.867304364504498 ], [ -82.424626872953269, 37.861456362731609 ], [ -82.401325862659107, 37.809519353174878 ], [ -82.386728859326396, 37.81823235533254 ], [ -82.323889837424616, 37.775002349587965 ], [ -82.333383839406594, 37.764421346563424 ], [ -82.311989832968976, 37.764327347605082 ], [ -82.334177837945361, 37.742778342382408 ], [ -82.296378824621513, 37.702192335709668 ], [ -82.304317825350353, 37.67610033021063 ], [ -82.236069803310045, 37.659641329784435 ], [ -82.214502794685089, 37.625407324322914 ], [ -82.187231787175904, 37.626991325977976 ], [ -82.191119788929896, 37.644593328978061 ], [ -82.175078784752529, 37.64783933069976 ], [ -82.181201784827635, 37.621517324506421 ], [ -82.164249779441818, 37.620297325363801 ], [ -82.156854775239694, 37.592730319622035 ], [ -82.127343765773858, 37.586552319792247 ], [ -82.144917769933244, 37.567662315594738 ], [ -82.132088765236816, 37.552373313067292 ], [ -82.075182748428375, 37.555860315951165 ], [ -82.046158737664726, 37.527947311252362 ], [ -82.042324738200477, 37.548232315644732 ], [ -82.01117272751182, 37.532888314019075 ], [ -81.965147715129532, 37.54135731786775 ], [ -82.348760811869838, 37.267951246330313 ], [ -82.498750854051849, 37.226965232157035 ], [ -82.72141691326128, 37.120837201505054 ], [ -82.722436908050796, 37.044956186112515 ], [ -82.867470946815871, 36.978056167047171 ], [ -82.857668941082395, 36.928676157363135 ], [ -82.878686944593085, 36.889539147790515 ], [ -83.006580979911448, 36.847650134046511 ], [ -83.072840000510823, 36.854464133057895 ], [ -83.133235013839908, 36.784592116503731 ], [ -83.135124011602898, 36.742636107541479 ], [ -83.309715060811257, 36.710646094404304 ], [ -83.424717092018795, 36.667347080614654 ], [ -83.530150123342338, 36.66605607580572 ], [ -83.67539916197417, 36.600791056866086 ], [ -81.934147645575194, 36.594220126317758 ], [ -81.922647643768684, 36.616220131398713 ], [ -81.646903560770582, 36.611925141225257 ], [ -81.677396568982218, 36.588163134708992 ], [ -80.122176099503378, 36.54265718585247 ], [ -75.797498779460071, 36.550923341083646 ], [ -75.87464881331276, 36.744312379419291 ], [ -75.928308839615298, 36.938186419220372 ], [ -75.88967783385084, 37.054522445583089 ], [ -75.766050800552932, 37.154939470247641 ], [ -75.729272792517691, 37.216908485147684 ], [ -75.715516791925751, 37.275694497487265 ], [ -75.644387773076531, 37.342277514130991 ], [ -75.643457774695989, 37.372871520415281 ], [ -75.604027765170216, 37.422031531926478 ], [ -75.589111762743116, 37.477864544156432 ], [ -75.529902748455456, 37.556724563403534 ], [ -75.541780754876442, 37.606152572959395 ], [ -75.460934738973975, 37.771363610844752 ], [ -75.417074727956035, 37.821057621988416 ], [ -75.360126709458257, 37.81019362159028 ], [ -75.303133693665586, 37.83817662928319 ], [ -75.156867658802085, 38.040804676724839 ], [ -75.020806631020051, 38.309763737650279 ], [ -74.986290628087119, 38.451097767353957 ], [ -75.015124655621108, 38.788664836235576 ], [ -75.168463719024743, 39.056186885305387 ], [ -75.321022778306514, 39.251386918902902 ], [ -75.560539865754777, 39.455652951714221 ], [ -75.559091868382339, 39.495813960148155 ], [ -75.526975858612445, 39.499175961435874 ], [ -75.534015863322281, 39.540709969295918 ], [ -75.511958857936477, 39.567249975324408 ], [ -75.553569872894812, 39.601939981502554 ], [ -75.559738876863662, 39.630459986476474 ], [ -75.47650485576348, 39.716415007165459 ], [ -75.45068985051266, 39.775072019609496 ], [ -75.354402824586799, 39.839925035566516 ], [ -75.143747760757208, 39.885006052708214 ], [ -75.125702759421586, 39.961831068099698 ], [ -75.075606744704857, 39.978049073679443 ], [ -75.047091737436219, 40.009949080819538 ], [ -74.938898706626006, 40.066107095526867 ], [ -74.86175768264107, 40.083470102028635 ], [ -74.822532673379314, 40.126852111604791 ], [ -74.784169660657724, 40.120485112174052 ], [ -74.72437064290358, 40.146420119341087 ], [ -74.770707661831764, 40.214916131533855 ], [ -74.842309687290083, 40.250516135546498 ], [ -74.868209698340962, 40.295214143450046 ], [ -74.939712723264194, 40.338014149031579 ], [ -74.966553735822032, 40.398162160127583 ], [ -75.058576766085153, 40.418201161231345 ], [ -75.06810177718296, 40.541496184429299 ], [ -75.115537793715987, 40.572868189455683 ], [ -75.170453810613836, 40.564173184973285 ], [ -75.194106818773861, 40.576087187267341 ], [ -75.200453825827168, 40.649227200832286 ], [ -75.176804820275976, 40.675723206560633 ], [ -75.203922829505785, 40.691506208926931 ], [ -75.182085825316975, 40.731530217836081 ], [ -75.196536831212427, 40.751639221349819 ], [ -75.171588824678139, 40.777753227411125 ], [ -75.13440181269597, 40.773778227259854 ], [ -75.108506805690666, 40.791102231884537 ], [ -75.08393079979723, 40.824479239726479 ], [ -75.095785804926408, 40.847090243183054 ], [ -75.066009795600394, 40.847602244605447 ], [ -75.051030791892714, 40.865670248204239 ], [ -75.134702824964307, 40.972046266403453 ], [ -75.131097825128549, 40.990472269963639 ], [ -75.025778795097992, 41.039814283530482 ], [ -75.012874792973165, 41.066524288837073 ], [ -74.970095779995518, 41.085894294381873 ], [ -74.969435780580895, 41.096082295851161 ], [ -74.991816786972407, 41.08914029371212 ], [ -74.982213785654608, 41.108253297822657 ], [ -74.923170768164212, 41.138154306001056 ], [ -74.882140757851118, 41.180844315790409 ], [ -74.830058748356294, 41.287208338291933 ], [ -74.755895728419716, 41.345288352378233 ], [ -74.69111670931764, 41.367351358403738 ], [ -74.738555726340081, 41.401199363744695 ], [ -74.738457728198398, 41.430650368661716 ], [ -74.790418744686932, 41.421668365405409 ], [ -74.807583750839882, 41.442855369212886 ], [ -74.830672757399512, 41.43051136601882 ], [ -74.858579767268751, 41.444435367647607 ], [ -74.892626778577693, 41.438625365342517 ], [ -74.91299278694413, 41.475909371582418 ], [ -74.983342810187906, 41.480902369949916 ], [ -74.984373812093168, 41.506619374568359 ], [ -75.003152818165418, 41.508109374516614 ], [ -75.024758826795562, 41.535107378326323 ], [ -75.018525826247838, 41.551810382191071 ], [ -75.074614847927762, 41.60571938977521 ], [ -75.044225838739379, 41.617986393273029 ], [ -75.052737845693485, 41.688401407009202 ], [ -75.068831852421084, 41.708169409856595 ], [ -75.049863846999941, 41.713317411527512 ], [ -75.053228850243627, 41.751670418377621 ], [ -75.104641868584707, 41.774211420587775 ], [ -75.072173860912343, 41.813740429269671 ], [ -75.11333587447848, 41.822790429489892 ], [ -75.117104877460193, 41.845471433671214 ], [ -75.162855892520056, 41.850590433352046 ], [ -75.172533897337502, 41.872247436654071 ], [ -75.18525590001255, 41.859938434582723 ], [ -75.260528924311345, 41.863808431959306 ], [ -75.2790959354667, 41.938925445292426 ], [ -75.293714941804765, 41.954601447540107 ], [ -75.312818947293394, 41.950190446711005 ], [ -75.359580965573329, 41.999453454295711 ], [ -79.761623363987681, 42.000068270973649 ] ] ] } },
{ "type": "Feature", "properties": { "Shape_Length": 78.64377520102839, "Shape_Area": 99.121132239401788, "OBJECTID": 5, "EPAREGION": "Region 4" }, "geometry": { "type": "MultiPolygon", "coordinates": [ [ [ [ -82.799652407176708, 24.606236336824097 ], [ -82.766684398672027, 24.667944353337084 ], [ -82.766512399578573, 24.701768361389515 ], [ -82.800180410207673, 24.726286367143015 ], [ -82.89993143866387, 24.717782362969221 ], [ -82.985532460904906, 24.640489341358531 ], [ -82.980664458817543, 24.596196330914086 ], [ -82.947508448762918, 24.5793643271961 ], [ -82.849056420977163, 24.576752328499676 ], [ -82.799652407176708, 24.606236336824097 ] ] ], [ [ [ -84.741794655703586, 39.147378509275484 ], [ -84.897340694794082, 39.057427484477799 ], [ -84.830053668960232, 38.972567471150043 ], [ -84.877280677795866, 38.909487457305438 ], [ -84.785279647847702, 38.880432456186213 ], [ -84.829972657929133, 38.830580444332767 ], [ -84.813942649748057, 38.785050436684621 ], [ -84.887289672202471, 38.794783435203712 ], [ -84.941764686241626, 38.775689428934164 ], [ -84.991931701658828, 38.77854442749458 ], [ -85.173052747640597, 38.68802940140754 ], [ -85.213057760305333, 38.695460400993007 ], [ -85.268445780161073, 38.740098406839898 ], [ -85.435413828156328, 38.729101396982159 ], [ -85.456917831081284, 38.688724387895356 ], [ -85.415981809430889, 38.563661366035866 ], [ -85.423394809302209, 38.531852359531968 ], [ -85.4697238217299, 38.508883353159611 ], [ -85.505799828864312, 38.464671342942992 ], [ -85.60695885670242, 38.438581333373449 ], [ -85.679217866596517, 38.298016303233574 ], [ -85.743217883688047, 38.267290293858785 ], [ -85.781313895939036, 38.288527296134767 ], [ -85.829220909528459, 38.276515291643086 ], [ -85.84438591020313, 38.231055283051084 ], [ -85.906248923715751, 38.168268267612582 ], [ -85.904994917224727, 38.089825252273364 ], [ -85.925658917834014, 38.021791238567189 ], [ -85.947118923223073, 38.005092234100843 ], [ -86.028317945712985, 37.993336228231747 ], [ -86.039114946888233, 37.958968221735972 ], [ -86.09460696627643, 38.008816227927127 ], [ -86.178030990466112, 38.010518224614437 ], [ -86.264697018986155, 38.054860228851247 ], [ -86.27843602576489, 38.086003234120625 ], [ -86.27285202796476, 38.140842244892468 ], [ -86.359777057882823, 38.198847252206612 ], [ -86.377415061720555, 38.188581249939844 ], [ -86.376578060095142, 38.169362245855886 ], [ -86.325879044457608, 38.154036245422958 ], [ -86.325556043382605, 38.135816241704426 ], [ -86.381167058647193, 38.128830237549323 ], [ -86.401884063101107, 38.104336231896546 ], [ -86.432349072859623, 38.126343235088292 ], [ -86.461691081462277, 38.120509232452427 ], [ -86.462821080148785, 38.099438228848648 ], [ -86.43103306898179, 38.073783224964615 ], [ -86.453908073813423, 38.050088219334278 ], [ -86.521693092538627, 38.03949021462185 ], [ -86.525100087899631, 37.968088200499501 ], [ -86.507094080454948, 37.929924194063759 ], [ -86.588485102968221, 37.921353188155273 ], [ -86.599155102012787, 37.865567177338164 ], [ -86.638014111195275, 37.842779170682491 ], [ -86.662246119456697, 37.85285717217954 ], [ -86.64713211924915, 37.90875718308525 ], [ -86.680402129352515, 37.915084183124748 ], [ -86.732568142867919, 37.894753176306168 ], [ -86.794898168101952, 37.989177191283936 ], [ -86.818677175140891, 37.999347192545578 ], [ -86.919839199922407, 37.936397175806981 ], [ -87.034171230340206, 37.906272164879908 ], [ -87.066111232811139, 37.807061144136703 ], [ -87.111013243412785, 37.782361137690692 ], [ -87.130229249631697, 37.787317136950975 ], [ -87.161709261932842, 37.839771146131412 ], [ -87.219950279796421, 37.848897145076954 ], [ -87.412237342372975, 37.944656153517577 ], [ -87.448789352948054, 37.942066151448749 ], [ -87.510869367418223, 37.906107141744286 ], [ -87.556572382740782, 37.928613143877769 ], [ -87.576821391053059, 37.969272150525583 ], [ -87.597563397928312, 37.974261150316174 ], [ -87.628457403276059, 37.926376140267188 ], [ -87.592107390042003, 37.888927134637285 ], [ -87.588440386883775, 37.861692130047317 ], [ -87.613518391838127, 37.832993122838744 ], [ -87.645365400489567, 37.826261119855367 ], [ -87.679411410855181, 37.836662120506858 ], [ -87.663447409500051, 37.885920130474389 ], [ -87.674856414006669, 37.90178813354305 ], [ -87.829706456725305, 37.876462120707679 ], [ -87.874005473445365, 37.922727127655683 ], [ -87.898860480466865, 37.927340126917912 ], [ -87.940884489112065, 37.884745117577516 ], [ -87.910022477511717, 37.843025110893244 ], [ -87.907380473585008, 37.807136103945211 ], [ -87.951390483221971, 37.771802095269209 ], [ -88.029645508262277, 37.79842009646778 ], [ -88.059338512130708, 37.742974084404985 ], [ -88.122156527675173, 37.70996507546355 ], [ -88.159595534480033, 37.661711064194847 ], [ -88.13351552014926, 37.574424048977313 ], [ -88.06297649641283, 37.515029041362737 ], [ -88.06784949550304, 37.485874035572117 ], [ -88.085888499556717, 37.471419031760377 ], [ -88.281636553404482, 37.452736018853948 ], [ -88.364395572812484, 37.401761005305474 ], [ -88.412751588815752, 37.425078007112695 ], [ -88.474095603347919, 37.391869998015487 ], [ -88.515763607670465, 37.284098975277594 ], [ -88.424846572147615, 37.152676954467495 ], [ -88.46012457637211, 37.074582938310087 ], [ -88.566066605919161, 37.075210933613917 ], [ -88.621850625284935, 37.118076939238989 ], [ -88.732960658152777, 37.144297938571633 ], [ -88.874892703202789, 37.211662944929152 ], [ -88.966639730991147, 37.230159943587822 ], [ -89.04081374940003, 37.203120935346831 ], [ -89.167084775304659, 37.075415904650868 ], [ -89.182573777167988, 37.039007897056443 ], [ -89.173835772607703, 37.011449892126379 ], [ -89.098988747640718, 36.958228885495295 ], [ -89.138114750751541, 36.847329862769513 ], [ -89.179206761112269, 36.82990285693797 ], [ -89.170568756377335, 36.797544851834886 ], [ -89.12438574240835, 36.785832851264068 ], [ -89.118207739146797, 36.762332847028659 ], [ -89.172892753455841, 36.758777844406758 ], [ -89.200557759852202, 36.732573837469417 ], [ -89.159123743744246, 36.666360827390562 ], [ -89.236313757435255, 36.566887803987015 ], [ -89.269551767286387, 36.569722803310718 ], [ -89.32626978799496, 36.631846812195874 ], [ -89.365802797828309, 36.62513280969771 ], [ -89.417280803746976, 36.499017783172043 ], [ -89.464438814111588, 36.4577537722027 ], [ -89.493952822965014, 36.473565774582624 ], [ -89.465918819621223, 36.530021786679768 ], [ -89.478772826058375, 36.56787179321271 ], [ -89.530643841406174, 36.581716793371079 ], [ -89.565333849896192, 36.567265788955787 ], [ -89.560417845352404, 36.524412780610461 ], [ -89.519506830554789, 36.475425773181968 ], [ -89.54526083392669, 36.427085762899544 ], [ -89.509727820136703, 36.37363275432336 ], [ -89.531827824072309, 36.339252746737458 ], [ -89.605673844583123, 36.342240744066146 ], [ -89.620260847271553, 36.323012739713604 ], [ -89.539492821857124, 36.27737473448741 ], [ -89.534750818635615, 36.252579729536095 ], [ -89.602379836352142, 36.238112723754597 ], [ -89.69524086390328, 36.252772722022677 ], [ -89.705530865475737, 36.238989719103571 ], [ -89.592211827860496, 36.150126707485171 ], [ -89.600506827508298, 36.120521701308192 ], [ -89.67882684687379, 36.084642690939077 ], [ -89.706937849274325, 36.000987672878423 ], [ -89.733100856148255, 36.000614672387805 ], [ -89.714570848220504, 35.963040665322112 ], [ -89.653145828567304, 35.922624660801148 ], [ -89.645351824549181, 35.891425655265415 ], [ -89.666106829975433, 35.882872652134715 ], [ -89.742611852897838, 35.906659653020931 ], [ -89.772472857608108, 35.865104643726987 ], [ -89.706357838003612, 35.83720864182964 ], [ -89.704392835562814, 35.819613638289766 ], [ -89.781181856425661, 35.805302632152085 ], [ -89.820881863877091, 35.756874620675696 ], [ -89.87646787830181, 35.738032614321149 ], [ -89.90983088882335, 35.759393617260457 ], [ -89.956257899615011, 35.733394609937598 ], [ -89.955758896916905, 35.690627601651734 ], [ -89.931986888315379, 35.660825596773606 ], [ -89.898921878025547, 35.650910596867647 ], [ -89.861242868798868, 35.670069601797543 ], [ -89.851829864720486, 35.644267597136178 ], [ -89.956537890265565, 35.590608582370493 ], [ -89.942002883668508, 35.556970576576873 ], [ -89.908553873545245, 35.546824575871632 ], [ -89.915405873621282, 35.515125568965573 ], [ -89.951253884189583, 35.521872568638827 ], [ -89.9895048968541, 35.560142574733931 ], [ -90.03955591037419, 35.548563570439939 ], [ -90.048527909905758, 35.504130560989395 ], [ -90.01892189904234, 35.466237554869444 ], [ -90.056787905036657, 35.403869540897503 ], [ -90.044587901309839, 35.393079539977919 ], [ -90.069439909512042, 35.408169541613255 ], [ -90.067229912420629, 35.464810552255869 ], [ -90.084189917732559, 35.478425554278722 ], [ -90.111661924792841, 35.474475552674413 ], [ -90.12945292776881, 35.441936545049309 ], [ -90.170517937303885, 35.418803539394411 ], [ -90.179270938211673, 35.385200532362717 ], [ -90.16741393425886, 35.375091530592393 ], [ -90.135515924964011, 35.376674532492295 ], [ -90.146196930072307, 35.399474536584648 ], [ -90.130480926797304, 35.413751540163751 ], [ -90.074997909439176, 35.384158536463119 ], [ -90.110298915665552, 35.342794526740818 ], [ -90.109098913229829, 35.304993519082537 ], [ -90.158918926388893, 35.3006435159459 ], [ -90.168929928102344, 35.280286511638089 ], [ -90.152099921836225, 35.255995508005739 ], [ -90.105098908651527, 35.254294509572809 ], [ -90.079350899582778, 35.228844505715458 ], [ -90.074397897025662, 35.210595502564722 ], [ -90.117398907392996, 35.187896496235787 ], [ -90.065397890180591, 35.137697488606179 ], [ -90.096520897346579, 35.117137482939668 ], [ -90.14279991137434, 35.135097484367108 ], [ -90.165333916485238, 35.125234481650963 ], [ -90.20940292284206, 35.026552460127043 ], [ -90.295601946658238, 35.040099459564175 ], [ -90.307795947110051, 34.991859448967332 ], [ -90.25006192903885, 34.951202443697682 ], [ -90.244736925562506, 34.92103243794358 ], [ -90.313481941365637, 34.871704425707364 ], [ -90.309188938335055, 34.845000420341158 ], [ -90.340385947651285, 34.860363421801594 ], [ -90.419490967913646, 34.832889413082157 ], [ -90.438316975858825, 34.884589422488176 ], [ -90.479869987859146, 34.883279420240129 ], [ -90.483881987289578, 34.861339415715747 ], [ -90.45678897710259, 34.822689409401761 ], [ -90.47459598017997, 34.793206402968771 ], [ -90.453975970577616, 34.73688339265847 ], [ -90.488870979615584, 34.72373738844793 ], [ -90.520186988567559, 34.73190838867955 ], [ -90.524522991316388, 34.751374392483747 ], [ -90.500994985720723, 34.771198397002458 ], [ -90.522897993861989, 34.802271402480706 ], [ -90.547618000030042, 34.784595397564914 ], [ -90.536422994568397, 34.748305391022363 ], [ -90.56808700143435, 34.724808385114194 ], [ -90.535687990505366, 34.697885381626271 ], [ -90.472500973211069, 34.699794384667918 ], [ -90.466046969856123, 34.674318379600095 ], [ -90.532118985012758, 34.627495367481956 ], [ -90.554550992340396, 34.642219369425156 ], [ -90.537890989545787, 34.673985376327515 ], [ -90.549862995014621, 34.695484380425938 ], [ -90.588425003451746, 34.670969373833515 ], [ -90.58722999934264, 34.615738362869266 ], [ -90.540741982475694, 34.548091351704926 ], [ -90.588947991982323, 34.491103338132078 ], [ -90.571150983014874, 34.420328324703547 ], [ -90.658546004514918, 34.375711312205205 ], [ -90.662967001640624, 34.314785299783679 ], [ -90.693135010330522, 34.322576300487974 ], [ -90.676666008440975, 34.371417310403793 ], [ -90.764149031796279, 34.363402305047011 ], [ -90.741259022144845, 34.305562294643558 ], [ -90.765171027254226, 34.280530289018188 ], [ -90.829669044644831, 34.272430284322105 ], [ -90.847814044986691, 34.206536270550082 ], [ -90.92952906976241, 34.244112274332664 ], [ -90.9352250698239, 34.219049268958251 ], [ -90.914159062419188, 34.195490265138176 ], [ -90.887893054542246, 34.181988264164474 ], [ -90.816578035262481, 34.18302926686772 ], [ -90.808742031830917, 34.159422262943586 ], [ -90.847174040662054, 34.136890256466764 ], [ -90.910013059790131, 34.165508259890345 ], [ -90.954305070366104, 34.138502252800684 ], [ -90.943173064654886, 34.107171246522647 ], [ -90.882629047895378, 34.0966192469322 ], [ -90.870534043422253, 34.080522244765604 ], [ -90.894157046812779, 34.025955232821367 ], [ -90.987954071672462, 34.019044227114598 ], [ -90.961557062468813, 33.979952220850642 ], [ -90.967638062947401, 33.963330216973354 ], [ -90.998374071484889, 33.965027216024865 ], [ -91.018896079694272, 34.003157222949653 ], [ -91.087927096551525, 33.975341214168189 ], [ -91.084101094169171, 33.956185210266923 ], [ -91.010324072353384, 33.929358208381643 ], [ -91.072666084570329, 33.854949190423127 ], [ -91.046855075578733, 33.815371184080988 ], [ -90.988472058064431, 33.78453618023412 ], [ -91.023291065735336, 33.762997174937048 ], [ -91.132191096697696, 33.783426174044102 ], [ -91.146357097724319, 33.730615162865604 ], [ -91.11739908842668, 33.705271159383834 ], [ -91.059897072860124, 33.714822163482971 ], [ -91.030408063108027, 33.687772159240332 ], [ -91.033596063586145, 33.674148156728457 ], [ -91.094046078835547, 33.658357150384838 ], [ -91.16133709961295, 33.707207157276684 ], [ -91.227863116493054, 33.683079150354608 ], [ -91.221123113809995, 33.662994145797455 ], [ -91.171174099100952, 33.64777214524424 ], [ -91.130451085392949, 33.606040138649313 ], [ -91.152154089790841, 33.582727132675636 ], [ -91.231424110688764, 33.560599125231477 ], [ -91.18257109384939, 33.501067115613928 ], [ -91.235555104485826, 33.439313100467956 ], [ -91.177299088733619, 33.443644103821775 ], [ -91.171001090250613, 33.497589115085454 ], [ -91.135704079721549, 33.480686113376727 ], [ -91.1179810735145, 33.453812108669993 ], [ -91.131891075241199, 33.430068102833161 ], [ -91.209078094825742, 33.40745509550927 ], [ -91.151167077848228, 33.378697092424716 ], [ -91.106742066999203, 33.399481098220924 ], [ -91.08650406477723, 33.451582109206555 ], [ -91.057627056797998, 33.445347109397282 ], [ -91.068174057669125, 33.414014102933983 ], [ -91.14179907330427, 33.350082086762541 ], [ -91.141697071075455, 33.300361077116214 ], [ -91.100106055569313, 33.238130066189065 ], [ -91.078536052276192, 33.283312076047473 ], [ -91.05237504576921, 33.285421077672751 ], [ -91.044533042498628, 33.267552074128069 ], [ -91.070703047220945, 33.227308065264275 ], [ -91.091717052143082, 33.22081906242942 ], [ -91.091159047596193, 33.13826604562545 ], [ -91.131665058103692, 33.129107042440609 ], [ -91.183668072553999, 33.14169704250768 ], [ -91.201786076556743, 33.12512703871424 ], [ -91.200173075338114, 33.106936035283638 ], [ -91.120324051231236, 33.0553290277944 ], [ -91.129093052058991, 33.033560022785906 ], [ -91.162369060572232, 33.019689019283739 ], [ -91.213978068765684, 32.927202998007544 ], [ -91.196791062684625, 32.90678999478903 ], [ -91.151696050770312, 32.901940995926907 ], [ -91.131624046422843, 32.925232000846442 ], [ -91.135523050490065, 32.979663011840628 ], [ -91.10658704337942, 32.988943014760331 ], [ -91.086808037102401, 32.976272013213773 ], [ -91.064455026617907, 32.901068998595399 ], [ -91.105637036031794, 32.858401988382113 ], [ -91.145008045695604, 32.842874983479611 ], [ -91.165702046436664, 32.753404964584568 ], [ -91.054755014402346, 32.719234961856635 ], [ -91.149759035607204, 32.644046943215173 ], [ -91.152492035170056, 32.620324937887425 ], [ -91.119860024127206, 32.584800932267903 ], [ -91.049808006291869, 32.607190939699969 ], [ -91.037188005343083, 32.637866946474105 ], [ -91.01580599937985, 32.64164994807458 ], [ -91.008250994919479, 32.604244940669012 ], [ -91.080417012310193, 32.556473927520841 ], [ -90.987207983269585, 32.495668918734189 ], [ -91.00051198632481, 32.482244916040692 ], [ -91.038111996990409, 32.490445915837121 ], [ -91.093748015143447, 32.549132926007097 ], [ -91.116014018252315, 32.483145911007767 ], [ -91.051412997784766, 32.437847904418703 ], [ -90.995492983841956, 32.450890909106171 ], [ -90.969592976127032, 32.439497908481556 ], [ -90.965992973596741, 32.420659904772172 ], [ -90.994085980792377, 32.403866900131604 ], [ -91.001411981158313, 32.37944989477851 ], [ -90.993630977696, 32.354052889578561 ], [ -90.912368954964137, 32.339459889438736 ], [ -90.890717950658441, 32.372251897484958 ], [ -90.875643946579657, 32.371734897500865 ], [ -90.922236955467469, 32.298644880727075 ], [ -90.949786961832046, 32.283061876397333 ], [ -90.979480971016926, 32.293707877365151 ], [ -90.969408965676337, 32.252525869505206 ], [ -90.994949969160146, 32.193146856423198 ], [ -91.002911973144165, 32.223055861996507 ], [ -91.039012984096857, 32.242353865097662 ], [ -91.061413988604357, 32.218655859186498 ], [ -91.083713995493056, 32.226455859910637 ], [ -91.164177015637804, 32.196893850842251 ], [ -91.174558016506381, 32.154983841753918 ], [ -91.162828011722951, 32.132699837895963 ], [ -91.053560981786774, 32.124417839738399 ], [ -91.05831298575842, 32.180956851414287 ], [ -91.002911969919012, 32.162057849536865 ], [ -91.004111969885344, 32.146157845919056 ], [ -91.035212975706173, 32.100458835873461 ], [ -91.081113986687384, 32.078358829341617 ], [ -91.080913984806756, 32.04786082315551 ], [ -91.135715001397372, 32.080659827732646 ], [ -91.158516007312429, 32.072859825282968 ], [ -91.153816004874784, 32.050660820588199 ], [ -91.091413987402134, 32.036059820198474 ], [ -91.075913982384975, 32.016832816878157 ], [ -91.10281398774076, 31.990962810900786 ], [ -91.164416004671239, 31.982562806172215 ], [ -91.184816009353213, 31.965562802130769 ], [ -91.182283005291197, 31.915819792181118 ], [ -91.267718026412126, 31.862665777391793 ], [ -91.245001017928402, 31.832193772342386 ], [ -91.254317020120467, 31.813667768174323 ], [ -91.283218027999723, 31.815767767242303 ], [ -91.294019033079323, 31.860465776116939 ], [ -91.345220045544508, 31.843866770609214 ], [ -91.365620046826706, 31.760768752544209 ], [ -91.281218024729142, 31.772268758710759 ], [ -91.263117018794546, 31.754769755474118 ], [ -91.369381046999919, 31.746908749788773 ], [ -91.397921053184405, 31.709369741007631 ], [ -91.401021049460397, 31.620370722697878 ], [ -91.436222058554904, 31.612470719665527 ], [ -91.496136076559551, 31.645315724461099 ], [ -91.515468080368677, 31.630377720652579 ], [ -91.492924072237699, 31.589570712569625 ], [ -91.418822052861302, 31.596570716719224 ], [ -91.405421048085984, 31.576471713364477 ], [ -91.447622057607305, 31.540671703685717 ], [ -91.522542077463271, 31.522083697816715 ], [ -91.515136071135629, 31.449211682276179 ], [ -91.472073057712379, 31.397081672885587 ], [ -91.474815056681564, 31.368651667007356 ], [ -91.521842070031539, 31.375175667133938 ], [ -91.543372078680349, 31.432613677684355 ], [ -91.576271086398307, 31.410503672095022 ], [ -91.568959082851833, 31.377634666007491 ], [ -91.546065076976546, 31.38222666732322 ], [ -91.54821907526987, 31.346089659683926 ], [ -91.508666062950041, 31.315136654481631 ], [ -91.515620063524338, 31.278215647209525 ], [ -91.654033099111359, 31.255758637003893 ], [ -91.588945078772923, 31.188964625359013 ], [ -91.626868085168368, 31.118776609227215 ], [ -91.559913063812928, 31.054124597888372 ], [ -91.578419067277409, 31.024035591006005 ], [ -91.63694808199449, 30.999421584515773 ], [ -89.730762566488778, 31.004493651890268 ], [ -89.727077563784576, 30.967400644921131 ], [ -89.75651857038396, 30.942866638593493 ], [ -89.744794566805041, 30.918938633886548 ], [ -89.773415573292766, 30.897698628211895 ], [ -89.771727571236937, 30.854682618343087 ], [ -89.792475576622152, 30.850391616677246 ], [ -89.78150757180363, 30.818950610994591 ], [ -89.798659577037299, 30.82086061076242 ], [ -89.815743580918721, 30.803358605996458 ], [ -89.803471576755371, 30.79114660360813 ], [ -89.819159580725696, 30.795238604695147 ], [ -89.835129583887422, 30.77109759815005 ], [ -89.82869758078175, 30.738094591881307 ], [ -89.816080577403, 30.738913592485691 ], [ -89.836703583303333, 30.735068590806701 ], [ -89.825639579630177, 30.727379589282684 ], [ -89.842534584223884, 30.720423587488821 ], [ -89.837840580102096, 30.671922577183352 ], [ -89.852208584236664, 30.661689574736645 ], [ -89.814007572877614, 30.638251571118992 ], [ -89.830716576301185, 30.617226565914297 ], [ -89.813924571240719, 30.607722564123812 ], [ -89.807957567825824, 30.567658555324755 ], [ -89.786870561872774, 30.569058557048749 ], [ -89.803924566077953, 30.549354551877926 ], [ -89.779164558511738, 30.544034551745284 ], [ -89.757489551100534, 30.499558542291787 ], [ -89.724827541105554, 30.49213454206431 ], [ -89.68340852810131, 30.451541535094293 ], [ -89.683842526415702, 30.405825524976677 ], [ -89.657254516644443, 30.356637514962202 ], [ -89.629597509042711, 30.338965511879298 ], [ -89.626195506625706, 30.314296506656941 ], [ -89.647519511805953, 30.290539500601845 ], [ -89.614049500424059, 30.24477849218129 ], [ -89.61574249978419, 30.223376487064321 ], [ -89.571912486404997, 30.180726479213188 ], [ -89.532338475943433, 30.194284483667865 ], [ -89.506404467428183, 30.157974476689116 ], [ -89.416716443757934, 30.177644483586114 ], [ -89.26098240069382, 30.182003490093408 ], [ -89.183674381548158, 30.212160499560188 ], [ -89.074658349060869, 30.154299490453944 ], [ -89.033972338939691, 30.184589497702142 ], [ -89.005921329953978, 30.162982493912391 ], [ -88.961348317803171, 30.156827494355227 ], [ -88.875032294951367, 30.179002502101742 ], [ -88.82139228226535, 30.217375511985839 ], [ -88.76529226503294, 30.189946508232918 ], [ -88.545860204019959, 30.176658512071366 ], [ -88.450034176505767, 30.146101508517567 ], [ -88.385175159268599, 30.158149513081131 ], [ -88.347724149923152, 30.190093521356488 ], [ -88.303028137132742, 30.177967520304122 ], [ -88.162027098880429, 30.200098529581751 ], [ -88.128503088374245, 30.172083524869347 ], [ -88.046109064409208, 30.144694521043679 ], [ -87.987414049777641, 30.177895530708138 ], [ -87.807157999631755, 30.177383536138812 ], [ -87.296461862110647, 30.272695573111712 ], [ -87.221245840971889, 30.267293574307857 ], [ -86.769812717252648, 30.338123604519062 ], [ -86.645865683076153, 30.346178610304758 ], [ -86.397508612256459, 30.325359613922359 ], [ -86.184764550360356, 30.27797161002886 ], [ -85.975879488236814, 30.203469599511866 ], [ -85.826191443059287, 30.125190586491609 ], [ -85.737430414812039, 30.05782057433964 ], [ -85.632541383864051, 30.014260567079187 ], [ -85.540035353767109, 29.928008550453047 ], [ -85.446293326257759, 29.901038547190055 ], [ -85.473882331874762, 29.852754535432005 ], [ -85.469299327735925, 29.781322519371816 ], [ -85.434043313770403, 29.676692496321738 ], [ -85.384403297820157, 29.61502048420585 ], [ -85.340761285146797, 29.603829482171928 ], [ -85.292020272148875, 29.632278490869545 ], [ -85.234850255166535, 29.625004490904242 ], [ -85.055398200903085, 29.535958475663012 ], [ -84.927480166454785, 29.569633486990341 ], [ -84.735754115025301, 29.65638051281179 ], [ -84.649951093679249, 29.730938532680838 ], [ -84.542290063954937, 29.769802544701321 ], [ -84.512849058289973, 29.832047559717164 ], [ -84.473319047199894, 29.837067561523792 ], [ -84.44686404090173, 29.858737567471294 ], [ -84.376580020283058, 29.844762566699938 ], [ -84.311234001393217, 29.857326571767697 ], [ -84.25911799016562, 29.93677159140859 ], [ -84.265279993571767, 29.979050600930535 ], [ -84.251322990535229, 29.995974605084669 ], [ -84.184617970513145, 29.983074604579514 ], [ -84.133603956569601, 29.996958609249393 ], [ -84.109355950515933, 30.028089616538054 ], [ -84.043434932748795, 30.039760621617116 ], [ -83.924105895625658, 29.963644607584083 ], [ -83.884176883439636, 29.955558607236714 ], [ -83.859042875335334, 29.928396600984623 ], [ -83.745231841362823, 29.893825596610778 ], [ -83.647314809541939, 29.797144577467986 ], [ -83.639001804714226, 29.740050563873442 ], [ -83.609311794202398, 29.698421555390315 ], [ -83.464513749442716, 29.613324540161454 ], [ -83.463601746428154, 29.534806521672095 ], [ -83.439112737045662, 29.466064506379183 ], [ -83.360223712838419, 29.431088500013797 ], [ -83.343399707034649, 29.397765492937442 ], [ -83.308483696074532, 29.383023490534804 ], [ -83.297692692199462, 29.346080481864742 ], [ -83.238682673033935, 29.308615474637815 ], [ -83.239770671915835, 29.250245460826537 ], [ -83.171809650115648, 29.185926448390521 ], [ -83.144083637390693, 29.072845422040071 ], [ -83.063115613092776, 29.041719416877648 ], [ -82.950081581647538, 29.076064428240265 ], [ -82.866602556834067, 29.045529423545059 ], [ -82.851281551746808, 29.017394416684603 ], [ -82.856241549562171, 28.932485396498098 ], [ -82.841079544701358, 28.905273391031113 ], [ -82.808247534207112, 28.890232388120921 ], [ -82.794600529301135, 28.857263381052793 ], [ -82.813040531910588, 28.791298364405737 ], [ -82.765161514201949, 28.656486333761407 ], [ -82.72739550071266, 28.595592320704359 ], [ -82.748191505196672, 28.541692306506281 ], [ -82.746198501297982, 28.449315284598416 ], [ -82.800271513454376, 28.354737260775863 ], [ -82.795279510188607, 28.299769248074089 ], [ -82.819557515757168, 28.259258237449611 ], [ -82.87892853310251, 28.255533234993251 ], [ -82.906639539844292, 28.219611225661232 ], [ -82.896715532234708, 28.07279419028902 ], [ -82.878108525781926, 28.042825183798591 ], [ -82.906784527540381, 27.858623139199448 ], [ -82.805703494381746, 27.709389105380318 ], [ -82.8236724952298, 27.589426076400613 ], [ -82.81538049099035, 27.535963063232085 ], [ -82.631790431501543, 27.295103009405473 ], [ -82.616268424799799, 27.249492998859136 ], [ -82.564743409441974, 27.20560498896484 ], [ -82.49982338590911, 27.043722950975351 ], [ -82.338322331882168, 26.803322895598392 ], [ -82.317933323548829, 26.73440687922416 ], [ -82.324718324561729, 26.672914863746314 ], [ -82.281849310191035, 26.610194849125616 ], [ -82.236456292733806, 26.477304817924875 ], [ -82.11222425466265, 26.377759795665639 ], [ -82.068901241510389, 26.371322794979495 ], [ -81.978129216435647, 26.399696804039849 ], [ -81.918719197554282, 26.351964793886843 ], [ -81.86788517936472, 26.214387760193546 ], [ -81.850343169706349, 26.062876723532177 ], [ -81.80104415309944, 25.973832702361761 ], [ -81.801139151887384, 25.931731691056644 ], [ -81.718142124282309, 25.793037658137784 ], [ -81.68761611548743, 25.770916653852183 ], [ -81.636336100144959, 25.770227654483275 ], [ -81.588098087626165, 25.80992666520838 ], [ -81.573698082965066, 25.805048664172755 ], [ -81.445146044052564, 25.737580650307585 ], [ -81.393004026973216, 25.652867630161825 ], [ -81.347234013289324, 25.636731626685552 ], [ -81.205711966494107, 25.410755572905096 ], [ -81.19607996242901, 25.35706255925637 ], [ -81.23404697027793, 25.234526527923727 ], [ -81.190179954685931, 25.133515502570955 ], [ -81.098491926806631, 25.066475487652824 ], [ -81.051507910473333, 24.964711462418734 ], [ -80.99397889247922, 24.910458449725674 ], [ -80.979535886808222, 24.871707440041121 ], [ -80.948784877650041, 24.85681743726639 ], [ -80.899480864345179, 24.870228441396257 ], [ -80.888023860304912, 24.85906843853197 ], [ -81.06447290993097, 24.791120417441117 ], [ -81.096657920052664, 24.809260421610382 ], [ -81.132431929837281, 24.805839420548548 ], [ -81.220898957563719, 24.876341436089184 ], [ -81.358220996683642, 24.861720429867031 ], [ -81.414297013810526, 24.880715433619049 ], [ -81.499811037867389, 24.851066424054885 ], [ -81.866426139749876, 24.663309369151655 ], [ -81.945247162105019, 24.653958365678516 ], [ -82.026646184506788, 24.607670351797356 ], [ -82.081734200877534, 24.635638357978603 ], [ -82.153529222022215, 24.634869356893841 ], [ -82.218729238788697, 24.573563339436451 ], [ -82.214168236624218, 24.532098328745473 ], [ -82.176720225755986, 24.500004321542395 ], [ -82.100336202989908, 24.500002322919546 ], [ -82.067174194434642, 24.523719329752623 ], [ -82.034275183997664, 24.482500320201932 ], [ -81.974412165869325, 24.471213317772101 ], [ -81.979771167230894, 24.431660308283806 ], [ -81.946444156924429, 24.399352300039631 ], [ -81.813525118200943, 24.417643307188122 ], [ -81.781810110667067, 24.460931319520633 ], [ -81.792365113829348, 24.495617327855175 ], [ -81.770810108258644, 24.49687632909432 ], [ -81.773688108157643, 24.47273932223894 ], [ -81.749814100281114, 24.438458314049328 ], [ -81.697202085070529, 24.432318313621092 ], [ -81.539927041008724, 24.486038330082973 ], [ -81.519884036025104, 24.512559337210824 ], [ -81.527855039035771, 24.553283347703708 ], [ -81.514618035677273, 24.56476135140883 ], [ -81.465091020475498, 24.552858348993997 ], [ -81.374803994978379, 24.571492355075478 ], [ -81.147688930893025, 24.649068379308719 ], [ -81.097226916234902, 24.633007376555902 ], [ -81.047650901861871, 24.640244379465354 ], [ -80.852230846931903, 24.74893541156823 ], [ -80.77109482418436, 24.76595541730406 ], [ -80.640430787689738, 24.838438438273815 ], [ -80.514345753044054, 24.940632467246559 ], [ -80.462888738758551, 24.955941472210021 ], [ -80.439103733152393, 24.99799348286837 ], [ -80.399660721764107, 25.023582490351053 ], [ -80.390437719944572, 25.057193499596885 ], [ -80.341866706869595, 25.088404508059863 ], [ -80.297248695719063, 25.162164528074015 ], [ -80.264463686155779, 25.167963530547784 ], [ -80.238000679127865, 25.195328537385492 ], [ -80.229266677444272, 25.225505545653522 ], [ -80.243170682214668, 25.255379552895441 ], [ -80.226229677419838, 25.286979561660662 ], [ -80.174653662809447, 25.294950564517688 ], [ -80.140421653279219, 25.32653957312813 ], [ -80.110613646420703, 25.382568588096824 ], [ -80.118578649060581, 25.41550559628573 ], [ -80.141759656924862, 25.434715600750163 ], [ -80.115673651423521, 25.541397628871703 ], [ -80.06581163717847, 25.548180631478388 ], [ -80.04275663128152, 25.58891864230074 ], [ -80.060240637815255, 25.625387651265754 ], [ -80.103682650500488, 25.638175653372862 ], [ -80.091225649219922, 25.721907675462692 ], [ -80.058656641507611, 25.794316694526785 ], [ -80.067687647054882, 25.902399721089541 ], [ -79.98247863985992, 26.569251891840832 ], [ -79.974308643801891, 26.792419947571329 ], [ -79.993915652274708, 26.87534196790735 ], [ -80.09541369050352, 27.180645041862366 ], [ -80.213348732702386, 27.424724099429039 ], [ -80.332528778122821, 27.761162179327084 ], [ -80.499775836148729, 28.077238253254279 ], [ -80.544001856051324, 28.271097299115372 ], [ -80.519430852822836, 28.391089328864119 ], [ -80.472340840155439, 28.443415342931086 ], [ -80.474850842877544, 28.484454352282523 ], [ -80.526848861820923, 28.614529383334641 ], [ -80.906838991121617, 29.144711500521844 ], [ -81.12377807111028, 29.605515604374997 ], [ -81.192771097437827, 29.778331643014777 ], [ -81.209271105933013, 29.875252665338017 ], [ -81.255137123933736, 30.000250694041959 ], [ -81.333601159407351, 30.318084766182167 ], [ -81.316900157655908, 30.407726787298209 ], [ -81.353577169637532, 30.446665795947244 ], [ -81.377677181232997, 30.544465818004319 ], [ -81.380870185199626, 30.627350837339371 ], [ -81.346798178445994, 30.711090857811858 ], [ -81.359149183683257, 30.7443198650762 ], [ -81.40048519631172, 30.766431868840197 ], [ -81.362685188184116, 30.845931888023735 ], [ -81.345210187360067, 30.931508908536678 ], [ -81.312129178322934, 30.954461914823778 ], [ -81.304356176518098, 30.978918920803878 ], [ -81.35341919400858, 31.037126932565993 ], [ -81.345309191769147, 31.059367938367423 ], [ -81.290202177246556, 31.09349994720877 ], [ -81.296420181328173, 31.15188596129649 ], [ -81.234340164507842, 31.170263966868806 ], [ -81.187678153320633, 31.246263985900772 ], [ -81.17109215407234, 31.370329014744421 ], [ -81.190761160701442, 31.399882021297358 ], [ -81.0870701356708, 31.529164054422427 ], [ -81.049792131908504, 31.688639091658427 ], [ -81.056626134526311, 31.714881097111213 ], [ -81.013815123206925, 31.728649101587354 ], [ -80.970729113208861, 31.798359119371273 ], [ -80.928592101894154, 31.81698812517126 ], [ -80.855342084293753, 31.910815148188796 ], [ -80.79627506890337, 31.953465159764093 ], [ -80.78069606695351, 32.011376173937542 ], [ -80.742961057523587, 32.049541183829447 ], [ -80.748205060502585, 32.084496191089038 ], [ -80.664723037734007, 32.142613207042267 ], [ -80.5664520108338, 32.172375217033014 ], [ -80.496814992936351, 32.250205236875949 ], [ -80.399008965776702, 32.274941245959589 ], [ -80.374038959543952, 32.309400254558753 ], [ -80.374827961644698, 32.342459262209239 ], [ -80.257283930610456, 32.435174286269316 ], [ -80.243076927603767, 32.472455295787043 ], [ -80.198841916215372, 32.496247302586802 ], [ -80.121461893536662, 32.499198305109005 ], [ -80.088879885433371, 32.549035317912555 ], [ -79.967925850890353, 32.563715324871254 ], [ -79.798257805317931, 32.675638355761663 ], [ -79.760076796913054, 32.738263371389102 ], [ -79.691895777428158, 32.759246378274653 ], [ -79.637823763279059, 32.816383392787998 ], [ -79.53469173554484, 32.870018408453944 ], [ -79.495947727035983, 32.931578423284599 ], [ -79.44018371124298, 32.95892243136452 ], [ -79.368361689359304, 32.945824430132163 ], [ -79.313385673707344, 32.963290436386025 ], [ -79.2733756658575, 33.046565456594685 ], [ -79.202965645553647, 33.071713464097968 ], [ -79.180873640728493, 33.107534472718328 ], [ -79.082231614014987, 33.171331490580272 ], [ -79.081636615910256, 33.20733549888903 ], [ -79.120219628750959, 33.24693850633588 ], [ -79.093314623689082, 33.304958520362639 ], [ -79.08758362503643, 33.36929353494866 ], [ -79.034498613108184, 33.456840556485787 ], [ -78.887417576243351, 33.611981595333141 ], [ -78.760980542764528, 33.715392623163702 ], [ -78.610551501137479, 33.78490564309719 ], [ -78.36712643078593, 33.851603665994638 ], [ -78.270763402045617, 33.862784671911939 ], [ -78.066583339937779, 33.847991674691038 ], [ -78.012862321986077, 33.803869667011924 ], [ -77.999712316063366, 33.767136658678218 ], [ -77.929286294150359, 33.757990658889703 ], [ -77.896661285718906, 33.787553666489636 ], [ -77.89424828941327, 33.87866168769964 ], [ -77.785557268520378, 34.12517774603532 ], [ -77.691095244870738, 34.245750775662131 ], [ -77.516164198256035, 34.382449811344408 ], [ -77.160578099447605, 34.569032864711552 ], [ -76.904630025089531, 34.632345886572082 ], [ -76.692801961014823, 34.642956895803295 ], [ -76.61472393546974, 34.61828489270458 ], [ -76.572067919578245, 34.542550877707633 ], [ -76.514868901767414, 34.535148877370233 ], [ -76.483184892471456, 34.556366883103109 ], [ -76.43900288328102, 34.64029490373251 ], [ -76.315732851947914, 34.776036937351087 ], [ -76.0244317733233, 35.005370997103341 ], [ -75.985352761861336, 35.013984000834576 ], [ -75.883961733974161, 35.083975019487319 ], [ -75.749848695272263, 35.136219035219881 ], [ -75.595370649768299, 35.182834050659629 ], [ -75.532177630167311, 35.167156048348929 ], [ -75.48768661696873, 35.185001053731781 ], [ -75.425582607870155, 35.390016101487554 ], [ -75.400850608050902, 35.558725139316053 ], [ -75.411354615775181, 35.660068160841362 ], [ -75.437618628718269, 35.746967178971474 ], [ -75.709079736775919, 36.244991277812481 ], [ -75.797498779460071, 36.550923341083646 ], [ -80.122176099503378, 36.54265718585247 ], [ -81.677396568982218, 36.588163134708992 ], [ -81.646903560770582, 36.611925141225257 ], [ -81.922647643768684, 36.616220131398713 ], [ -81.934147645575194, 36.594220126317758 ], [ -83.67539916197417, 36.600791056866086 ], [ -83.530150123342338, 36.66605607580572 ], [ -83.424717092018795, 36.667347080614654 ], [ -83.309715060811257, 36.710646094404304 ], [ -83.135124011602898, 36.742636107541479 ], [ -83.133235013839908, 36.784592116503731 ], [ -83.072840000510823, 36.854464133057895 ], [ -83.006580979911448, 36.847650134046511 ], [ -82.878686944593085, 36.889539147790515 ], [ -82.857668941082395, 36.928676157363135 ], [ -82.867470946815871, 36.978056167047171 ], [ -82.722436908050796, 37.044956186112515 ], [ -82.72141691326128, 37.120837201505054 ], [ -82.498750854051849, 37.226965232157035 ], [ -82.348760811869838, 37.267951246330313 ], [ -81.965063714962071, 37.543418318001478 ], [ -82.01117272751182, 37.532888314019075 ], [ -82.042324738200477, 37.548232315644732 ], [ -82.046158737664726, 37.527947311252362 ], [ -82.075182748428375, 37.555860315951165 ], [ -82.132088765236816, 37.552373313067292 ], [ -82.144917769933244, 37.567662315594738 ], [ -82.127343765773858, 37.586552319792247 ], [ -82.156854775239694, 37.592730319622035 ], [ -82.164249779441818, 37.620297325363801 ], [ -82.181201784827635, 37.621517324506421 ], [ -82.175078784752529, 37.64783933069976 ], [ -82.191119788929896, 37.644593328978061 ], [ -82.187231787175904, 37.626991325977976 ], [ -82.214502794685089, 37.625407324322914 ], [ -82.236069803310045, 37.659641329784435 ], [ -82.304317825350353, 37.67610033021063 ], [ -82.296378824621513, 37.702192335709668 ], [ -82.334177837945361, 37.742778342382408 ], [ -82.311989832968976, 37.764327347605082 ], [ -82.333383839406594, 37.764421346563424 ], [ -82.323889837424616, 37.775002349587965 ], [ -82.386728859326396, 37.81823235533254 ], [ -82.401325862659107, 37.809519353174878 ], [ -82.424626872953269, 37.861456362731609 ], [ -82.407516868803029, 37.867304364504498 ], [ -82.419932873397528, 37.884877367571377 ], [ -82.462994888406598, 37.914827371497388 ], [ -82.474410891164268, 37.899962367838256 ], [ -82.480660894342222, 37.926176372960057 ], [ -82.502201901765375, 37.933059373363605 ], [ -82.464569893339686, 37.983883385182061 ], [ -82.519196910987361, 38.001138386099022 ], [ -82.549852924791168, 38.069459398641222 ], [ -82.636576955447069, 38.138027408495873 ], [ -82.644542960136761, 38.165256413747315 ], [ -82.611604950715474, 38.171346415719285 ], [ -82.598298949640053, 38.217368425286267 ], [ -82.612219954970897, 38.236304428416204 ], [ -82.574521945577501, 38.264512435997382 ], [ -82.583038950128909, 38.296814442328369 ], [ -82.571759948741715, 38.317202446334221 ], [ -82.598124958584364, 38.345940450506397 ], [ -82.60361296764988, 38.459540472711282 ], [ -82.698289002661028, 38.543777485518277 ], [ -82.796442033414948, 38.561943484335764 ], [ -82.842217048335655, 38.588584487609879 ], [ -82.885808073556674, 38.75508651796769 ], [ -82.971622097562658, 38.727172509316581 ], [ -83.030207115109405, 38.7259545060734 ], [ -83.054022119267955, 38.69507549955469 ], [ -83.112062135096025, 38.671850492535739 ], [ -83.142657140730364, 38.625103482020265 ], [ -83.201449158342612, 38.616737477795979 ], [ -83.245226172089744, 38.628718477603563 ], [ -83.293023183983507, 38.596771469118771 ], [ -83.362557209591372, 38.65706647843998 ], [ -83.468137242341982, 38.675483476734463 ], [ -83.520759259453143, 38.703101479891522 ], [ -83.625534289468973, 38.678883470639583 ], [ -83.648290292695052, 38.631825460485736 ], [ -83.668722298128912, 38.626549458059685 ], [ -83.769124330444029, 38.655082459156823 ], [ -83.784390337860202, 38.696588466786203 ], [ -83.83619635434448, 38.71730846886873 ], [ -83.870203368450461, 38.76153947501281 ], [ -83.961846396951742, 38.787499475996604 ], [ -84.070783428091971, 38.770421467997096 ], [ -84.213119473596237, 38.805842468565736 ], [ -84.231746480344569, 38.83230847289115 ], [ -84.234031485621173, 38.891414483947962 ], [ -84.288781507139632, 38.95565149364176 ], [ -84.306078516187725, 39.007760502817192 ], [ -84.348208531282182, 39.037790506472618 ], [ -84.426260555011936, 39.05304950615335 ], [ -84.452474568044934, 39.119240516731772 ], [ -84.618738613495779, 39.073338500466512 ], [ -84.686077635557012, 39.100809502211078 ], [ -84.741794655703586, 39.147378509275484 ] ] ] ] } },
{ "type": "Feature", "properties": { "Shape_Length": 70.764275345986718, "Shape_Area": 112.21989005630648, "OBJECTID": 6, "EPAREGION": "Region 5" }, "geometry": { "type": "Polygon", "coordinates": [ [ [ -95.146783014775551, 49.380273437991519 ], [ -95.153719944362194, 48.998911391424592 ], [ -97.227401541994894, 49.000691220622997 ], [ -97.238147541759176, 48.983637217254667 ], [ -97.212105520005011, 48.906673210715411 ], [ -97.189882510989932, 48.895211210546506 ], [ -97.199554511024047, 48.881354208483572 ], [ -97.177823504368078, 48.875647209948596 ], [ -97.190582505128802, 48.864287207060549 ], [ -97.173893495534813, 48.838001205424938 ], [ -97.190283496190403, 48.815143201225744 ], [ -97.158127486243473, 48.810327203384524 ], [ -97.181649489893175, 48.798525199842487 ], [ -97.163270485583936, 48.80058720138895 ], [ -97.174050487154275, 48.793887200080285 ], [ -97.147478477635289, 48.781449201001472 ], [ -97.153804473623566, 48.754001196760917 ], [ -97.110121452486396, 48.707986195295689 ], [ -97.119913454082308, 48.701256193581095 ], [ -97.090322442163568, 48.684412194272674 ], [ -97.109238444570607, 48.664258189865542 ], [ -97.098700440637344, 48.66100319043332 ], [ -97.115701442133982, 48.644569187309969 ], [ -97.109459438005132, 48.632477186327634 ], [ -97.131149444153976, 48.631481184336501 ], [ -97.119504438293006, 48.618568183615615 ], [ -97.150658446267826, 48.611684180196271 ], [ -97.134300440106173, 48.607408180805429 ], [ -97.154036443440091, 48.595414177694231 ], [ -97.143900438281591, 48.582120177216353 ], [ -97.160640443147074, 48.580944175409641 ], [ -97.149179437216318, 48.570022174995337 ], [ -97.175432443297268, 48.561965171709176 ], [ -97.138960431507499, 48.555128174288797 ], [ -97.165993438160001, 48.548940171018458 ], [ -97.141367428864186, 48.535460172134492 ], [ -97.152432429502028, 48.520372168781051 ], [ -97.126767422165145, 48.52016517123392 ], [ -97.150276426744455, 48.511608168441484 ], [ -97.131509416895682, 48.489014166752504 ], [ -97.162677423801469, 48.477791163265984 ], [ -97.128172414001156, 48.474370165335031 ], [ -97.147427418560483, 48.47276116398757 ], [ -97.128553411056359, 48.460309163584391 ], [ -97.15064241335601, 48.440824159258668 ], [ -97.124833406780382, 48.441904161869978 ], [ -97.145882410128138, 48.431156158702244 ], [ -97.122592401741983, 48.41792915879995 ], [ -97.154003410369413, 48.418129156452871 ], [ -97.131184401802756, 48.407289157160342 ], [ -97.163385408378076, 48.392865153074915 ], [ -97.133350397794928, 48.382204153660581 ], [ -97.156270401425573, 48.365586149623645 ], [ -97.125929388373237, 48.340587149186256 ], [ -97.141724390010026, 48.325737146545002 ], [ -97.115590382217292, 48.323936148168031 ], [ -97.137758385590061, 48.309737144523325 ], [ -97.112240376376974, 48.296480145202224 ], [ -97.137343381888286, 48.291765142758223 ], [ -97.116579374032753, 48.27966914276513 ], [ -97.145041380463141, 48.268774139383218 ], [ -97.122963372825311, 48.261674140272056 ], [ -97.144654373086951, 48.233570134950945 ], [ -97.12069936528664, 48.224762135258757 ], [ -97.137200370463475, 48.226959134759369 ], [ -97.152199373443679, 48.219644132542037 ], [ -97.13906436969026, 48.221960133690907 ], [ -97.117847361499727, 48.209772133970823 ], [ -97.13930536912153, 48.216763133493622 ], [ -97.129286364077757, 48.208385132749413 ], [ -97.147519363106667, 48.170580127019036 ], [ -97.120977353593958, 48.159560127778498 ], [ -97.146514357134919, 48.142228123781756 ], [ -97.122885350351154, 48.139758124830806 ], [ -97.133477352967986, 48.137109123783972 ], [ -97.123211344123433, 48.106658121374814 ], [ -97.101885336558524, 48.095904121406576 ], [ -97.104492332718394, 48.072436117958304 ], [ -97.07226631877792, 48.048076118384664 ], [ -97.055350296294719, 47.947523107230623 ], [ -97.017863280542201, 47.919919106446187 ], [ -97.023151273910358, 47.874071100343215 ], [ -97.001837266912233, 47.868142101318668 ], [ -96.998346261215929, 47.841940098723768 ], [ -96.974137250757934, 47.823482097958689 ], [ -96.991587252741823, 47.808195094742835 ], [ -96.934892230215297, 47.767217094000067 ], [ -96.918422217411532, 47.724049090337026 ], [ -96.930982219474032, 47.715555087760485 ], [ -96.885125199688602, 47.67381608688634 ], [ -96.879735188199618, 47.619344080302689 ], [ -96.85102117611612, 47.598516079986531 ], [ -96.85157717148023, 47.568663076368594 ], [ -96.868943175604755, 47.567010074976423 ], [ -96.847508169327412, 47.566234075892226 ], [ -96.861758172743407, 47.559287074565894 ], [ -96.845332164271795, 47.538760072780107 ], [ -96.871181169941167, 47.52727606936692 ], [ -96.842289158107945, 47.508644068972494 ], [ -96.865049161593831, 47.491659065042228 ], [ -96.852167157450523, 47.486359065612476 ], [ -96.868528160621196, 47.478481063333916 ], [ -96.851955155333044, 47.479063064597639 ], [ -96.863628155265403, 47.457018061397712 ], [ -96.852825147925103, 47.432038059177863 ], [ -96.87177215057055, 47.419014055253427 ], [ -96.842082141494018, 47.411746056994502 ], [ -96.852723143176576, 47.40610205595604 ], [ -96.837474136084921, 47.389535054611322 ], [ -96.854631137953533, 47.373788051716801 ], [ -96.837150133177289, 47.37129905223334 ], [ -96.858215137674804, 47.367538050200103 ], [ -96.830652125545015, 47.338794048821015 ], [ -96.84579512747527, 47.328045046078827 ], [ -96.828773122837077, 47.328003047295788 ], [ -96.846985125717438, 47.315842044664521 ], [ -96.830669119779856, 47.30607404483294 ], [ -96.847687118218161, 47.271255038647602 ], [ -96.834714113508056, 47.266163038938807 ], [ -96.847457116735015, 47.261941037838838 ], [ -96.828681106743886, 47.233294035726821 ], [ -96.845797108970899, 47.220118032110584 ], [ -96.827176100681044, 47.20132403145265 ], [ -96.844856103929757, 47.193588029340653 ], [ -96.821564096405268, 47.184322029885756 ], [ -96.833493098150342, 47.176652027686281 ], [ -96.822368092049501, 47.156349025892908 ], [ -96.841256096142388, 47.151864023834598 ], [ -96.820732086356784, 47.130377022892283 ], [ -96.837573090142087, 47.121988020328104 ], [ -96.816200081907226, 47.10848902011849 ], [ -96.830395077664022, 47.060831013065517 ], [ -96.812668068949279, 47.038642011800114 ], [ -96.839557070874733, 47.006736005508955 ], [ -96.820985064820519, 47.003334007039655 ], [ -96.822673060163766, 46.970028001849926 ], [ -96.79505405153769, 46.965846003995672 ], [ -96.804671051247652, 46.947476000893388 ], [ -96.791767044729625, 46.928472999074579 ], [ -96.753266033113164, 46.924571001532534 ], [ -96.776722034588488, 46.895626996678793 ], [ -96.768438029769726, 46.879515995127569 ], [ -96.781193033329913, 46.879283994185322 ], [ -96.775368025215982, 46.838870989157911 ], [ -96.793968029218746, 46.833071986619224 ], [ -96.780280024284025, 46.825770987310229 ], [ -96.802553028207825, 46.811528983444902 ], [ -96.78714501952274, 46.785658980804968 ], [ -96.796765020122976, 46.777006979236802 ], [ -96.77546201305195, 46.76675898003635 ], [ -96.789528017092749, 46.766031978585858 ], [ -96.777859012781946, 46.761595978506115 ], [ -96.789798015477288, 46.756708977298587 ], [ -96.779145007282068, 46.726649973909318 ], [ -96.791206008864549, 46.718881972559743 ], [ -96.784075001615733, 46.685277968625265 ], [ -96.802050003478499, 46.667858964762814 ], [ -96.785823994422259, 46.640530962188159 ], [ -96.798183996746857, 46.629473959798887 ], [ -96.782187992406378, 46.631419962012117 ], [ -96.7913149938922, 46.6249789602061 ], [ -96.770851986338158, 46.61527796014127 ], [ -96.771587983172012, 46.596220957416342 ], [ -96.747274974335994, 46.582029957747977 ], [ -96.757508976290993, 46.577837956440042 ], [ -96.741758969979742, 46.564004955569118 ], [ -96.754405972775288, 46.556825954431751 ], [ -96.738723966065393, 46.543235953099874 ], [ -96.750124968485096, 46.540766952242727 ], [ -96.738268964996394, 46.539301952866246 ], [ -96.738883954845065, 46.478713945044099 ], [ -96.711619944155373, 46.459790944386384 ], [ -96.721861943919635, 46.439836940792375 ], [ -96.703277938395658, 46.437302941959857 ], [ -96.704589935872434, 46.418002939625438 ], [ -96.685363930039941, 46.414219940635405 ], [ -96.645202908271102, 46.350676935067952 ], [ -96.599387891949064, 46.329991936168788 ], [ -96.600410881674037, 46.261757927163323 ], [ -96.583723875422251, 46.249814926498999 ], [ -96.598737878285448, 46.242324924284894 ], [ -96.583769868178067, 46.208066921187616 ], [ -96.592690865812912, 46.175218916702974 ], [ -96.576644861337456, 46.173951916897913 ], [ -96.554419840311283, 46.084086907470564 ], [ -96.577874838487944, 46.027364897582295 ], [ -96.561342820397726, 45.945662888369831 ], [ -96.581178806838068, 45.823022869759193 ], [ -96.662603816472256, 45.738689852744528 ], [ -96.838656850472375, 45.647516826937618 ], [ -96.856842849444618, 45.605385819531449 ], [ -96.763440810254053, 45.520014815408025 ], [ -96.692549774990908, 45.417345807150106 ], [ -96.521795721812225, 45.37565281347306 ], [ -96.489073710079523, 45.357078813896543 ], [ -96.453105691380145, 45.300758808906188 ], [ -96.453268437085001, 43.50039755424536 ], [ -91.217712973451427, 43.500557905907861 ], [ -91.233373972575848, 43.455175897711484 ], [ -91.200365957474034, 43.412708893481735 ], [ -91.206626952153556, 43.352531883844186 ], [ -91.107243918802737, 43.313652883427693 ], [ -91.057924897746403, 43.255373877844299 ], [ -91.175259917937453, 43.134672851091928 ], [ -91.179463910902086, 43.067434840319528 ], [ -91.145941888948045, 42.960777825316917 ], [ -91.145621882393456, 42.908013817257086 ], [ -91.100571866539397, 42.883085815850542 ], [ -91.065065841571695, 42.751345796638951 ], [ -90.949216801341692, 42.685576793670378 ], [ -90.706309725118132, 42.634176799667806 ], [ -90.643933697150075, 42.54040878807524 ], [ -90.636933692162032, 42.513209784346891 ], [ -90.65403369308936, 42.478510777404693 ], [ -90.567974664213054, 42.440396776957009 ], [ -90.555024657771952, 42.416145773301658 ], [ -90.443880618920318, 42.355225770196995 ], [ -90.415943607734022, 42.322706766999396 ], [ -90.430890606686859, 42.27823775856362 ], [ -90.391114589852975, 42.225480752048966 ], [ -90.23492553840876, 42.165438751653312 ], [ -90.197348523707248, 42.128170747717604 ], [ -90.168859515162325, 42.123740748534367 ], [ -90.164491505194007, 42.042112735549154 ], [ -90.140619493324607, 41.996006729123302 ], [ -90.16414149510517, 41.956185721181619 ], [ -90.153590487696349, 41.906621713985608 ], [ -90.181979485120038, 41.807077695377721 ], [ -90.310884515275347, 41.742332677016741 ], [ -90.313441511480576, 41.698089669767491 ], [ -90.343458514924464, 41.64696665903724 ], [ -90.343234508269447, 41.587840649292886 ], [ -90.412831525643469, 41.565336641489417 ], [ -90.461438535611734, 41.523540631458204 ], [ -90.591043571374612, 41.512839622316548 ], [ -90.655845584502188, 41.46213961022471 ], [ -90.846564637755847, 41.455148597409256 ], [ -90.929260658186394, 41.421551587124725 ], [ -90.982919674304384, 41.43417858560381 ], [ -91.045896690374335, 41.414092578566176 ], [ -91.074847687800556, 41.305585558741342 ], [ -91.113663691621852, 41.241408545851861 ], [ -91.041563663353472, 41.166169537386267 ], [ -90.994969649375705, 41.160637539480639 ], [ -90.94663162944731, 41.096635531642477 ], [ -90.952239617094762, 40.954054507043715 ], [ -90.965350616911536, 40.921640500696029 ], [ -91.009542627350143, 40.900572495183226 ], [ -91.092999643385184, 40.821086476118332 ], [ -91.123934636303801, 40.669159449023304 ], [ -91.18698665105849, 40.637304439570187 ], [ -91.253080669871679, 40.637969435964628 ], [ -91.339725691780046, 40.613495426835712 ], [ -91.40524770419151, 40.554648413472727 ], [ -91.364217687335554, 40.500050406852033 ], [ -91.381775686905016, 40.442562395280483 ], [ -91.372560679787455, 40.401207389122128 ], [ -91.446314697462427, 40.361830378028387 ], [ -91.492733701639139, 40.278224360974754 ], [ -91.513085698198068, 40.1785443433212 ], [ -91.494884679144647, 40.036460319285261 ], [ -91.419366647302169, 39.927724305042894 ], [ -91.446928651051607, 39.883041295552879 ], [ -91.435547644646604, 39.845081290074461 ], [ -91.362394618950646, 39.79048928439807 ], [ -91.36775961477926, 39.729036273277799 ], [ -91.229323565397038, 39.620860262125881 ], [ -91.181942550833085, 39.602684261554863 ], [ -91.153634537380768, 39.548255253606946 ], [ -91.100313522322736, 39.538702255004196 ], [ -91.038276496592488, 39.448442243185902 ], [ -90.940772465445761, 39.40399124039304 ], [ -90.729966392438499, 39.255901225944598 ], [ -90.707908376816903, 39.150867208580067 ], [ -90.681092364789208, 39.100597200422605 ], [ -90.712732369547183, 39.049743189958477 ], [ -90.678199354985821, 38.991858181294511 ], [ -90.663024344869399, 38.926290170230011 ], [ -90.624743330860994, 38.888195165968 ], [ -90.582265317118768, 38.868801164318306 ], [ -90.548923308404284, 38.872944167229626 ], [ -90.499678297717224, 38.910612176173089 ], [ -90.471735294240744, 38.959193186472518 ], [ -90.439944285879434, 38.96739018992151 ], [ -90.250254228524341, 38.919351191056663 ], [ -90.11333318396548, 38.849313186210452 ], [ -90.123113181867524, 38.798055176093477 ], [ -90.211416200116659, 38.721357157702421 ], [ -90.179315185173422, 38.652447146422581 ], [ -90.185262183269387, 38.610822139079175 ], [ -90.247193196004091, 38.548564124161715 ], [ -90.291090198363648, 38.430897100785621 ], [ -90.341452208411056, 38.388305090411414 ], [ -90.370825212226066, 38.333561078795469 ], [ -90.360148200737925, 38.225666060024324 ], [ -90.330176189216942, 38.186530054590243 ], [ -90.274849171315921, 38.157566051942034 ], [ -90.240719157797898, 38.110382044604727 ], [ -90.176046136195893, 38.070667041070493 ], [ -90.13079412246924, 38.062348041324661 ], [ -90.110527114562345, 38.026556036373165 ], [ -90.059373099284699, 38.015550036616659 ], [ -89.996854077686137, 37.9632260300856 ], [ -89.940693061829151, 37.970881034812422 ], [ -89.924603056375702, 37.959856033285682 ], [ -89.974660068503738, 37.927081025042206 ], [ -89.9477640570272, 37.87985401704298 ], [ -89.902383043464525, 37.869747018115518 ], [ -89.842644029289914, 37.905204026919954 ], [ -89.79933501543232, 37.881523025330672 ], [ -89.786332009615691, 37.851696020038503 ], [ -89.73988099628221, 37.846928021935334 ], [ -89.66964997256737, 37.799929016709811 ], [ -89.663357967182932, 37.750059007546483 ], [ -89.617283953699086, 37.749727009753251 ], [ -89.583321941740479, 37.713268004162472 ], [ -89.514260920232203, 37.689930003478786 ], [ -89.517723917015402, 37.641223994626593 ], [ -89.475937901789223, 37.593004987159411 ], [ -89.519813913201602, 37.58275398339687 ], [ -89.517056909462099, 37.537284975422757 ], [ -89.439774879264164, 37.437206959727412 ], [ -89.420547870163929, 37.38801395185461 ], [ -89.432841870855583, 37.347062943655743 ], [ -89.489010885780914, 37.333374938442972 ], [ -89.518345889674166, 37.285503927351009 ], [ -89.4899208794874, 37.251321922485424 ], [ -89.458832870451559, 37.24866792340972 ], [ -89.461867867248145, 37.199523913985388 ], [ -89.378715836156687, 37.094592898465592 ], [ -89.378282832642014, 37.03961188778176 ], [ -89.278633800185446, 36.988676883017327 ], [ -89.260008797482584, 37.023294890613037 ], [ -89.304757812421499, 37.047571892970282 ], [ -89.30829581444597, 37.068377896649302 ], [ -89.25493580046637, 37.072020899722453 ], [ -89.20079878107758, 37.016170891812976 ], [ -89.185496773031318, 36.973524884607784 ], [ -89.136098759637534, 36.980387888194642 ], [ -89.178878775234423, 37.020552893422497 ], [ -89.173830776451737, 37.066314902886397 ], [ -89.111414763222925, 37.118994915269596 ], [ -89.075739757103079, 37.175501928211382 ], [ -89.029470747138433, 37.211309937367957 ], [ -88.966639730991147, 37.230159943587822 ], [ -88.874892703202789, 37.211662944929152 ], [ -88.732960658152777, 37.144297938571633 ], [ -88.621850625284935, 37.118076939238989 ], [ -88.566066605919161, 37.075210933613917 ], [ -88.46012457637211, 37.074582938310087 ], [ -88.424846572147615, 37.152676954467495 ], [ -88.515763607670465, 37.284098975277594 ], [ -88.474095603347919, 37.391869998015487 ], [ -88.412751588815752, 37.425078007112695 ], [ -88.364395572812484, 37.401761005305474 ], [ -88.281636553404482, 37.452736018853948 ], [ -88.085888499556717, 37.471419031760377 ], [ -88.06784949550304, 37.485874035572117 ], [ -88.06297649641283, 37.515029041362737 ], [ -88.13351552014926, 37.574424048977313 ], [ -88.159595534480033, 37.661711064194847 ], [ -88.122156527675173, 37.70996507546355 ], [ -88.059338512130708, 37.742974084404985 ], [ -88.029645508262277, 37.79842009646778 ], [ -87.951390483221971, 37.771802095269209 ], [ -87.907380473585008, 37.807136103945211 ], [ -87.910022477511717, 37.843025110893244 ], [ -87.940884489112065, 37.884745117577516 ], [ -87.898860480466865, 37.927340126917912 ], [ -87.874005473445365, 37.922727127655683 ], [ -87.829706456725305, 37.876462120707679 ], [ -87.674856414006669, 37.90178813354305 ], [ -87.663447409500051, 37.885920130474389 ], [ -87.679411410855181, 37.836662120506858 ], [ -87.645365400489567, 37.826261119855367 ], [ -87.613518391838127, 37.832993122838744 ], [ -87.588440386883775, 37.861692130047317 ], [ -87.592107390042003, 37.888927134637285 ], [ -87.628457403276059, 37.926376140267188 ], [ -87.597563397928312, 37.974261150316174 ], [ -87.576821391053059, 37.969272150525583 ], [ -87.556572382740782, 37.928613143877769 ], [ -87.510869367418223, 37.906107141744286 ], [ -87.448789352948054, 37.942066151448749 ], [ -87.412237342372975, 37.944656153517577 ], [ -87.219950279796421, 37.848897145076954 ], [ -87.161709261932842, 37.839771146131412 ], [ -87.130229249631697, 37.787317136950975 ], [ -87.111013243412785, 37.782361137690692 ], [ -87.066111232811139, 37.807061144136703 ], [ -87.034171230340206, 37.906272164879908 ], [ -86.919839199922407, 37.936397175806981 ], [ -86.818677175140891, 37.999347192545578 ], [ -86.794898168101952, 37.989177191283936 ], [ -86.732568142867919, 37.894753176306168 ], [ -86.680402129352515, 37.915084183124748 ], [ -86.64713211924915, 37.90875718308525 ], [ -86.662246119456697, 37.85285717217954 ], [ -86.638014111195275, 37.842779170682491 ], [ -86.599155102012787, 37.865567177338164 ], [ -86.588485102968221, 37.921353188155273 ], [ -86.507094080454948, 37.929924194063759 ], [ -86.525100087899631, 37.968088200499501 ], [ -86.521693092538627, 38.03949021462185 ], [ -86.453908073813423, 38.050088219334278 ], [ -86.43103306898179, 38.073783224964615 ], [ -86.462821080148785, 38.099438228848648 ], [ -86.461691081462277, 38.120509232452427 ], [ -86.432349072859623, 38.126343235088292 ], [ -86.401884063101107, 38.104336231896546 ], [ -86.381167058647193, 38.128830237549323 ], [ -86.325556043382605, 38.135816241704426 ], [ -86.325879044457608, 38.154036245422958 ], [ -86.376578060095142, 38.169362245855886 ], [ -86.377415061720555, 38.188581249939844 ], [ -86.359777057882823, 38.198847252206612 ], [ -86.27285202796476, 38.140842244892468 ], [ -86.27843602576489, 38.086003234120625 ], [ -86.264697018986155, 38.054860228851247 ], [ -86.178030990466112, 38.010518224614437 ], [ -86.09460696627643, 38.008816227927127 ], [ -86.039114946888233, 37.958968221735972 ], [ -86.028317945712985, 37.993336228231747 ], [ -85.947118923223073, 38.005092234100843 ], [ -85.925658917834014, 38.021791238567189 ], [ -85.904994917224727, 38.089825252273364 ], [ -85.906248923715751, 38.168268267612582 ], [ -85.84438591020313, 38.231055283051084 ], [ -85.829220909528459, 38.276515291643086 ], [ -85.781313895939036, 38.288527296134767 ], [ -85.743217883688047, 38.267290293858785 ], [ -85.679217866596517, 38.298016303233574 ], [ -85.60695885670242, 38.438581333373449 ], [ -85.505799828864312, 38.464671342942992 ], [ -85.4697238217299, 38.508883353159611 ], [ -85.423394809302209, 38.531852359531968 ], [ -85.415981809430889, 38.563661366035866 ], [ -85.456917831081284, 38.688724387895356 ], [ -85.435413828156328, 38.729101396982159 ], [ -85.268445780161073, 38.740098406839898 ], [ -85.213057760305333, 38.695460400993007 ], [ -85.173052747640597, 38.68802940140754 ], [ -84.991931701658828, 38.77854442749458 ], [ -84.941764686241626, 38.775689428934164 ], [ -84.887289672202471, 38.794783435203712 ], [ -84.813942649748057, 38.785050436684621 ], [ -84.829972657929133, 38.830580444332767 ], [ -84.785279647847702, 38.880432456186213 ], [ -84.877280677795866, 38.909487457305438 ], [ -84.830053668960232, 38.972567471150043 ], [ -84.897340694794082, 39.057427484477799 ], [ -84.752738659098185, 39.147230508202519 ], [ -84.618738613495779, 39.073338500466512 ], [ -84.452474568044934, 39.119240516731772 ], [ -84.426260555011936, 39.05304950615335 ], [ -84.348208531282182, 39.037790506472618 ], [ -84.306078516187725, 39.007760502817192 ], [ -84.288781507139632, 38.95565149364176 ], [ -84.234031485621173, 38.891414483947962 ], [ -84.231746480344569, 38.83230847289115 ], [ -84.213119473596237, 38.805842468565736 ], [ -84.070783428091971, 38.770421467997096 ], [ -83.961846396951742, 38.787499475996604 ], [ -83.868962367478829, 38.761123475590168 ], [ -83.83619635434448, 38.71730846886873 ], [ -83.784390337860202, 38.696588466786203 ], [ -83.764192328878082, 38.652532459103689 ], [ -83.659570295202286, 38.627400459208744 ], [ -83.626027288948862, 38.678618470036788 ], [ -83.520759259453143, 38.703101479891522 ], [ -83.468137242341982, 38.675483476734463 ], [ -83.362557209591372, 38.65706647843998 ], [ -83.293023183983507, 38.596771469118771 ], [ -83.245226172089744, 38.628718477603563 ], [ -83.201449158342612, 38.616737477795979 ], [ -83.142657140730364, 38.625103482020265 ], [ -83.112062135096025, 38.671850492535739 ], [ -83.054022119267955, 38.69507549955469 ], [ -83.030207115109405, 38.7259545060734 ], [ -82.971622097562658, 38.727172509316581 ], [ -82.890436075310689, 38.756267518495122 ], [ -82.870963067575659, 38.736549515439378 ], [ -82.877429066628764, 38.689415506054431 ], [ -82.842217048335655, 38.588584487609879 ], [ -82.796442033414948, 38.561943484335764 ], [ -82.698289002661028, 38.543777485518277 ], [ -82.653460985078567, 38.493709477338172 ], [ -82.610811970814183, 38.471960474716276 ], [ -82.583381958650833, 38.409977464332208 ], [ -82.538237944813147, 38.404088465152803 ], [ -82.336995886866887, 38.442027480781682 ], [ -82.304930880657977, 38.493947492672405 ], [ -82.291274882284, 38.578990509781008 ], [ -82.2620738754255, 38.598190515286326 ], [ -82.201007856332126, 38.59205951637761 ], [ -82.175270849879126, 38.607091520262649 ], [ -82.187971862823119, 38.733089544284518 ], [ -82.221569876622354, 38.787194553736981 ], [ -82.14547085725404, 38.839687567038716 ], [ -82.143170860774887, 38.89808657903297 ], [ -82.037752838317644, 39.023872608122943 ], [ -82.004502827747302, 39.028899610346542 ], [ -81.979374818043453, 38.993200603991134 ], [ -81.933189803456372, 38.987667605174856 ], [ -81.898473788690481, 38.929610595340733 ], [ -81.928002795211185, 38.893499587295842 ], [ -81.902973786930318, 38.876097584680927 ], [ -81.855974773906198, 38.892741590382364 ], [ -81.827357768649691, 38.945905602111004 ], [ -81.762661748023888, 38.924130600142362 ], [ -81.756978746856845, 38.937161603111569 ], [ -81.781823756336834, 38.964942607050723 ], [ -81.764256754781627, 39.0152866180971 ], [ -81.808058770841683, 39.053784623774568 ], [ -81.813857773871788, 39.079685628690591 ], [ -81.775558762288171, 39.078384629460231 ], [ -81.746057754914531, 39.096985635093013 ], [ -81.756183764179482, 39.18046765066093 ], [ -81.72562575751742, 39.215912658453291 ], [ -81.691918747722923, 39.227042662727918 ], [ -81.696623751481241, 39.25614666761394 ], [ -81.683616748631607, 39.27095467133838 ], [ -81.57025071385965, 39.267682675834081 ], [ -81.55755071492095, 39.338781689978973 ], [ -81.456146689405742, 39.409281708107073 ], [ -81.412709674821571, 39.394625706686064 ], [ -81.375964660555681, 39.341704698326026 ], [ -81.27029563116858, 39.386054711646239 ], [ -81.21731861556168, 39.38759771434389 ], [ -81.185148608368237, 39.431486723815027 ], [ -81.132537593600716, 39.446282728688153 ], [ -81.071028579788234, 39.515615744982114 ], [ -80.973486555497303, 39.5884537632503 ], [ -80.933295545205809, 39.614819770070085 ], [ -80.876644528747178, 39.625912774498389 ], [ -80.863701528922718, 39.69173178781066 ], [ -80.82976751994245, 39.711846793562479 ], [ -80.869095536518046, 39.766371802298885 ], [ -80.826082525144955, 39.798591810516186 ], [ -80.826127528760921, 39.84424581932803 ], [ -80.790764519306705, 39.867287824878268 ], [ -80.806779527990642, 39.916315833642017 ], [ -80.756116512351028, 39.913409835270379 ], [ -80.76427851710649, 39.949970841723498 ], [ -80.74014251155505, 39.970802846963579 ], [ -80.738184518525642, 40.078614868019493 ], [ -80.709548511883881, 40.100309872940095 ], [ -80.705614514855043, 40.153483883851138 ], [ -80.65210450441576, 40.244982903520935 ], [ -80.619300496623509, 40.265177908401633 ], [ -80.599898493763462, 40.317673919136247 ], [ -80.60968950111463, 40.374957929957532 ], [ -80.632735510048832, 40.390512931565674 ], [ -80.612328504301999, 40.402769935248557 ], [ -80.595408504886493, 40.475323949223906 ], [ -80.667816535321577, 40.583543966767479 ], [ -80.627174525529824, 40.619943975898025 ], [ -80.576707509675856, 40.614230977091594 ], [ -80.518994493377079, 40.63880898365359 ], [ -80.519854628803103, 42.32714029550521 ], [ -81.249836847012901, 42.216423241950451 ], [ -81.68645096361621, 42.000045181844385 ], [ -82.39835215606621, 41.676532089205359 ], [ -82.681123242693616, 41.676336075457819 ], [ -83.069316377712326, 41.864225090757671 ], [ -83.149454418174955, 42.040272117629307 ], [ -83.119232416792684, 42.125271134776511 ], [ -83.134388426036026, 42.174629142767984 ], [ -83.127241428846077, 42.234770153708979 ], [ -83.099981425337447, 42.286706164426484 ], [ -83.049814412676497, 42.321467172614831 ], [ -82.830254350260859, 42.373500192913589 ], [ -82.661890313328115, 42.54175423168261 ], [ -82.633728305926113, 42.556810234878881 ], [ -82.589985291843405, 42.550986236348606 ], [ -82.523278276737571, 42.607490250001682 ], [ -82.467671273284211, 42.761914279541251 ], [ -82.482578282559388, 42.808652287567838 ], [ -82.456031284912285, 42.925820308640304 ], [ -82.41670227673977, 42.966432318159342 ], [ -82.423728282154258, 42.998525323110094 ], [ -82.122975244334683, 43.590835441328288 ], [ -82.374931435247191, 44.716445618733125 ], [ -82.520644546645499, 45.335910712839265 ], [ -83.483978900072898, 45.77194573032056 ], [ -83.63687194868551, 45.773952722898741 ], [ -83.433562910855727, 45.99890377003549 ], [ -83.571471966783918, 46.106006779201138 ], [ -83.654651995322297, 46.122063776454453 ], [ -83.759534025577253, 46.10318176732379 ], [ -83.826248049468546, 46.119296766370368 ], [ -83.903479066366017, 46.060918753237914 ], [ -83.955429082258831, 46.057196748918315 ], [ -83.976139094131383, 46.102562755109496 ], [ -84.005878105380205, 46.118477755984273 ], [ -84.005690109328683, 46.149559760706971 ], [ -84.077032136663107, 46.187566762490263 ], [ -84.108094152719005, 46.241246769629079 ], [ -84.097771150972861, 46.256520772804798 ], [ -84.115568158543908, 46.268233773262708 ], [ -84.119634164997777, 46.315021780491641 ], [ -84.106252162313638, 46.321971781790452 ], [ -84.138911178436103, 46.372229787833533 ], [ -84.146177185967431, 46.418528794707051 ], [ -84.111230185268241, 46.504127810304219 ], [ -84.128930194611073, 46.530127813502219 ], [ -84.226136225491302, 46.53392880835105 ], [ -84.275819236795826, 46.49282979868071 ], [ -84.34143225895528, 46.50769779750906 ], [ -84.420279283214668, 46.501085791832452 ], [ -84.475599294530042, 46.45287278091218 ], [ -84.556967321555419, 46.460647777058846 ], [ -84.762962408208068, 46.634332791788921 ], [ -84.859340470894082, 46.888851825029235 ], [ -86.250144988923367, 47.477911827124622 ], [ -88.369868774270913, 48.306071806436016 ], [ -88.677448860851342, 48.245405777114634 ], [ -89.33755702340423, 47.97426969366299 ], [ -89.489203076368923, 48.014541688772802 ], [ -89.58101410160036, 47.995907680232129 ], [ -89.610358113737405, 48.017788681221873 ], [ -89.651072124702182, 48.003633675665746 ], [ -89.749321157925664, 48.023333671667714 ], [ -89.897421197088889, 47.98760765638621 ], [ -89.934496212934434, 48.015636657882567 ], [ -89.993772233543396, 48.028206655043746 ], [ -89.997859239017302, 48.057575658775143 ], [ -90.023602251208672, 48.084716661343286 ], [ -90.136198289716091, 48.112144656637703 ], [ -90.374549359304908, 48.090950636992019 ], [ -90.467719391068627, 48.108826632461579 ], [ -90.556845416357788, 48.096016624459544 ], [ -90.569775422062762, 48.106960625190339 ], [ -90.559302421195454, 48.121689628189486 ], [ -90.579904427313764, 48.123930626940641 ], [ -90.751615474259552, 48.090976610304921 ], [ -90.782115490641402, 48.135435613931321 ], [ -90.79797949612373, 48.136902613189328 ], [ -90.777446494249318, 48.163420618070646 ], [ -90.796618499515731, 48.159370616431964 ], [ -90.821122510614344, 48.184717617861729 ], [ -90.836301514291492, 48.176979615909573 ], [ -90.839183525086867, 48.239519624079207 ], [ -90.88548754051898, 48.245792621274617 ], [ -91.142913603131746, 48.154383590042634 ], [ -91.266388628699275, 48.078722571098375 ], [ -91.429649672807642, 48.048616555352041 ], [ -91.450338682224682, 48.068813556256835 ], [ -91.488657693582397, 48.068081553777134 ], [ -91.567255713600915, 48.04373454433798 ], [ -91.575467719832432, 48.066302546987195 ], [ -91.559274721496436, 48.108283553540211 ], [ -91.640180744625539, 48.096939546358485 ], [ -91.653268750594918, 48.114153547434078 ], [ -91.687618760887062, 48.111707545099399 ], [ -91.682844761338757, 48.122133546508152 ], [ -91.711851768309316, 48.114613543719472 ], [ -91.698169769003925, 48.141653547944699 ], [ -91.705326775943149, 48.170784551112831 ], [ -91.724580781992998, 48.170666549633403 ], [ -91.715240783957981, 48.199305554639295 ], [ -91.864389830151367, 48.207039544284008 ], [ -91.893477843594113, 48.237707546743451 ], [ -91.958297862147717, 48.23303254066645 ], [ -91.954473864048822, 48.251846544116901 ], [ -91.976774870023448, 48.244521540940163 ], [ -92.00658188195537, 48.265431541700075 ], [ -92.012980889327054, 48.297400545734241 ], [ -92.000133889681393, 48.32136254961204 ], [ -92.046570906051002, 48.33474754824416 ], [ -92.055235912151375, 48.359220550764029 ], [ -92.145056940964693, 48.365659545069143 ], [ -92.216990958757606, 48.345122536897982 ], [ -92.262484973893621, 48.354856534900101 ], [ -92.306247980594748, 48.316392526236918 ], [ -92.293864969156743, 48.270267520905058 ], [ -92.269749958635316, 48.248249519765537 ], [ -92.369952983189464, 48.220163508390016 ], [ -92.469957035270525, 48.351845518571174 ], [ -92.476758041347821, 48.371768520323208 ], [ -92.456333042126658, 48.414212527821832 ], [ -92.507293063224964, 48.4478845280535 ], [ -92.656035105959205, 48.436717515690958 ], [ -92.712570127348684, 48.463021514669798 ], [ -92.698822128740446, 48.494893520160076 ], [ -92.627245108513094, 48.503391526479398 ], [ -92.634939118080723, 48.54288153100444 ], [ -92.728054145079653, 48.539297523663606 ], [ -92.949835222783065, 48.608282515146847 ], [ -92.954870228495039, 48.631499518225112 ], [ -93.178478293843085, 48.623287499917723 ], [ -93.207434305638031, 48.64242750056183 ], [ -93.254878319657905, 48.64275449673886 ], [ -93.464307372975654, 48.591788473641081 ], [ -93.467510366049808, 48.545669467578961 ], [ -93.610625404781814, 48.521663453448596 ], [ -93.62887241155714, 48.531218453224312 ], [ -93.656658416878628, 48.515729448866765 ], [ -93.784663454482626, 48.515467439406947 ], [ -93.818278467604387, 48.530036438716735 ], [ -93.806814471859113, 48.577613445367973 ], [ -93.844021492829839, 48.62939244917164 ], [ -94.22432760784676, 48.649482422070214 ], [ -94.254628619575399, 48.661335420999272 ], [ -94.260598626834451, 48.696317424766391 ], [ -94.308454643359227, 48.710168422960621 ], [ -94.416191675618791, 48.710925414375154 ], [ -94.452317682387744, 48.692369409621243 ], [ -94.590293727589682, 48.718030401759563 ], [ -94.694355769818216, 48.782192401585498 ], [ -94.704387780827901, 48.824271405782767 ], [ -94.685706778328381, 48.840126409259213 ], [ -94.684355785728457, 48.883966414843719 ], [ -94.718949817206919, 48.99999942640158 ], [ -94.750226826223582, 49.000000423937898 ], [ -94.750286844779708, 49.099281436116179 ], [ -94.773241855608561, 49.120740437244834 ], [ -94.798091877607149, 49.197879444289647 ], [ -94.825563903636521, 49.294397454095076 ], [ -94.816509906670305, 49.3210054584383 ], [ -94.95744795747845, 49.370074452207731 ], [ -95.058383983713313, 49.35313844243268 ], [ -95.146783014775551, 49.380273437991519 ] ] ] } },
{ "type": "Feature", "properties": { "Shape_Length": 81.329553607738873, "Shape_Area": 141.33998502161347, "OBJECTID": 7, "EPAREGION": "Region 6" }, "geometry": { "type": "Polygon", "coordinates": [ [ [ -94.617971258982251, 36.998911616581665 ], [ -109.045233709694187, 36.999089774973115 ], [ -109.050049269011197, 31.332248953221249 ], [ -108.20858309372872, 31.333399989808932 ], [ -108.208404120508476, 31.783604060046923 ], [ -106.531740761794708, 31.783915134607192 ], [ -106.487755749633394, 31.747814131423805 ], [ -106.452815743354932, 31.764576135254767 ], [ -106.417305734946936, 31.751597135126975 ], [ -106.349574716789633, 31.696717129046636 ], [ -106.281046693871659, 31.562484109928064 ], [ -106.246580684806659, 31.541666107555699 ], [ -106.205619671027449, 31.465461097140864 ], [ -106.081674640374416, 31.399228091279788 ], [ -106.004930622917698, 31.392461093438701 ], [ -105.953795610008825, 31.364754091250447 ], [ -105.93790360392147, 31.318228084434683 ], [ -105.86930358747415, 31.288960082656683 ], [ -105.782807562934863, 31.197464070413368 ], [ -105.772999559094643, 31.166707065552863 ], [ -105.741938552367841, 31.164607066784402 ], [ -105.604476517724905, 31.083749058760819 ], [ -105.557235501679159, 30.989678045114964 ], [ -105.501977488690926, 30.967742043840229 ], [ -105.491663484221633, 30.942412040109062 ], [ -105.400194461663546, 30.889387034874964 ], [ -105.395898458261954, 30.849300027745016 ], [ -105.339302445130159, 30.840480029200791 ], [ -105.316878438681925, 30.810918025203122 ], [ -105.291804434181955, 30.826198028385079 ], [ -105.257169424760363, 30.794359024701315 ], [ -105.21502641602298, 30.805898028090684 ], [ -105.216753414790119, 30.783390024044561 ], [ -105.195200410310818, 30.792309026743936 ], [ -105.176610405534063, 30.767980022863409 ], [ -105.156200400570313, 30.769778024168559 ], [ -105.161399401309481, 30.752138021364246 ], [ -105.118304390856835, 30.749731022301134 ], [ -105.061771374943646, 30.685850013933898 ], [ -105.006588362959249, 30.686065016194803 ], [ -104.971673350799861, 30.610019004113848 ], [ -104.922686339581261, 30.603698004853619 ], [ -104.866641321443225, 30.49450398895096 ], [ -104.868056319494457, 30.441411979335935 ], [ -104.847840313286028, 30.419779976169764 ], [ -104.859305314230198, 30.390257970779849 ], [ -104.816432304379632, 30.375191970240678 ], [ -104.811587300719438, 30.332815963136607 ], [ -104.766699289522791, 30.306004959491986 ], [ -104.763185286973766, 30.274840954199064 ], [ -104.706264272390129, 30.234816950016555 ], [ -104.686341265168977, 30.173285939907384 ], [ -104.696715265500643, 30.134461932918214 ], [ -104.684974260363731, 30.085305924237286 ], [ -104.707273263092176, 30.049871917231208 ], [ -104.68955825795274, 30.015109912256715 ], [ -104.693136256323896, 29.975534904916479 ], [ -104.680161253194527, 29.977007906137608 ], [ -104.685262253849515, 29.956735901947273 ], [ -104.673189250989708, 29.954973901773059 ], [ -104.683281251526367, 29.929111897636986 ], [ -104.565938218384233, 29.771472873948312 ], [ -104.569950218130984, 29.75260187078138 ], [ -104.549857212769297, 29.740899869406793 ], [ -104.560444214761461, 29.735192867436862 ], [ -104.530219205956698, 29.690468861237818 ], [ -104.544108208785531, 29.680697858977261 ], [ -104.508471198159484, 29.632701851676561 ], [ -104.476000190606811, 29.627983852079776 ], [ -104.338210154942615, 29.520186837384724 ], [ -104.315485150154075, 29.532758841028759 ], [ -104.237143130672962, 29.497560837672818 ], [ -104.230707128322123, 29.478673834101521 ], [ -104.210053123747045, 29.482247835712883 ], [ -104.217714125038739, 29.456563830844001 ], [ -104.167452110553512, 29.394748821821356 ], [ -104.106588095849645, 29.373317819290303 ], [ -104.037506077448185, 29.31971181228699 ], [ -103.975817063072341, 29.296253810341057 ], [ -103.813526025338703, 29.27403681177632 ], [ -103.7993730207602, 29.258441809744614 ], [ -103.783635017488066, 29.26532881166894 ], [ -103.777156013792052, 29.220513803787707 ], [ -103.758558010427507, 29.232943807021314 ], [ -103.718569999455084, 29.180830798761257 ], [ -103.659627985216162, 29.170573798970189 ], [ -103.650594982359308, 29.156484796319134 ], [ -103.553700960796675, 29.158000799682963 ], [ -103.469944938629325, 29.085321789486979 ], [ -103.471358937689118, 29.066731786722272 ], [ -103.449938932730007, 29.072718788541764 ], [ -103.432103927780645, 29.043360783421136 ], [ -103.388652917378209, 29.033978783100981 ], [ -103.386513916634328, 29.021652780876796 ], [ -103.359611909926016, 29.018648781202629 ], [ -103.34434290766626, 29.045954786882209 ], [ -103.330621904783413, 29.043223786812241 ], [ -103.338759905009127, 29.020281781969111 ], [ -103.307665898593086, 29.024541784198057 ], [ -103.316170900039381, 29.010693781291838 ], [ -103.287860892585371, 29.002246780572069 ], [ -103.2834658910473, 28.976949775930386 ], [ -103.26734288841233, 28.996076780687847 ], [ -103.250424883391091, 28.980434778312933 ], [ -103.227896878560642, 28.991861781122196 ], [ -103.163943863613056, 28.972208778982171 ], [ -103.116245852452181, 28.984759783419264 ], [ -103.100634852622449, 29.060327797786659 ], [ -103.085908848846856, 29.053740797286075 ], [ -103.075832848486286, 29.091541803983027 ], [ -103.033887839401402, 29.10097680786561 ], [ -102.99562683412627, 29.179295823568246 ], [ -102.950894822899116, 29.17362482334314 ], [ -102.94338682196792, 29.191414827075359 ], [ -102.917831816596149, 29.190891828018948 ], [ -102.912332816623092, 29.219422833453017 ], [ -102.895109812027329, 29.208525832246789 ], [ -102.867482805760446, 29.223887835774878 ], [ -102.871757807737367, 29.241780838477037 ], [ -102.906392816544923, 29.260087841311183 ], [ -102.884373815357591, 29.347950857663438 ], [ -102.839383805493114, 29.358926861084186 ], [ -102.845026807823871, 29.374445864433866 ], [ -102.812389801883839, 29.400529869931553 ], [ -102.833451807209897, 29.410502871376117 ], [ -102.825645807333999, 29.457949880317976 ], [ -102.800681802784297, 29.486239886058939 ], [ -102.808328806351469, 29.522934892177464 ], [ -102.771236798970079, 29.548401898950164 ], [ -102.768310800435188, 29.595213907087619 ], [ -102.74055179375064, 29.597503908877641 ], [ -102.741957795829336, 29.633197914730449 ], [ -102.693652786725181, 29.676689924561607 ], [ -102.691381788798779, 29.721376933210117 ], [ -102.674005785873831, 29.744578937844555 ], [ -102.630418775252792, 29.734185937580445 ], [ -102.573804763082308, 29.754900943604905 ], [ -102.567671762008885, 29.771467946422604 ], [ -102.547986756711268, 29.744648942031311 ], [ -102.513511748980136, 29.765443947368912 ], [ -102.517624750710382, 29.783584950746572 ], [ -102.487260743809088, 29.786589952474969 ], [ -102.387235719327691, 29.761396951612991 ], [ -102.364565718529178, 29.845339967292215 ], [ -102.315948708902866, 29.87999797557746 ], [ -102.264850696234063, 29.867500975308847 ], [ -102.261503695108289, 29.853245972846484 ], [ -102.246466692068282, 29.864132975625754 ], [ -102.223536685777788, 29.840534972077641 ], [ -102.187035677035226, 29.848660974609807 ], [ -102.17997267416834, 29.826379970301915 ], [ -102.143574665112794, 29.803324968087495 ], [ -102.073195647993899, 29.786528967297372 ], [ -102.049660642595811, 29.785280967920233 ], [ -102.035826639914504, 29.80406797220428 ], [ -101.987313628553466, 29.796846972372919 ], [ -101.976272626739501, 29.816044975803528 ], [ -101.957523621024663, 29.795770973090928 ], [ -101.935614616575876, 29.79956597422138 ], [ -101.929331614140494, 29.782580971350708 ], [ -101.852728597361534, 29.80779597874599 ], [ -101.823664589278664, 29.787402976280781 ], [ -101.817785589531468, 29.811639980817883 ], [ -101.803621585552847, 29.80345097988975 ], [ -101.805122584783533, 29.780354976176618 ], [ -101.773833577449054, 29.788679978743414 ], [ -101.708881561288337, 29.761646975888983 ], [ -101.661732550916824, 29.770861978864367 ], [ -101.64457554540526, 29.754237976892298 ], [ -101.626908542097013, 29.770766980211857 ], [ -101.575815530065569, 29.769323981781454 ], [ -101.567757530279039, 29.798731987520455 ], [ -101.544777525162814, 29.811872990648389 ], [ -101.536006520818731, 29.758954981548339 ], [ -101.460914504074211, 29.789667989866977 ], [ -101.448889499750663, 29.750703983044485 ], [ -101.402327489193539, 29.771194988293718 ], [ -101.415592491344654, 29.746538983842584 ], [ -101.372781478808776, 29.699432976127589 ], [ -101.36132047408006, 29.650067967005061 ], [ -101.346025470769959, 29.662245970240789 ], [ -101.302524460273474, 29.650429969660429 ], [ -101.305541457370978, 29.577929955386281 ], [ -101.290970454381778, 29.571541955093291 ], [ -101.269110451079214, 29.630132967230452 ], [ -101.250391446495513, 29.624175966358784 ], [ -101.241038441916672, 29.565032955834319 ], [ -101.261184445422444, 29.53678094919038 ], [ -101.254903443117399, 29.520345946545877 ], [ -101.173832423547537, 29.514572948269002 ], [ -101.146806415459707, 29.474191941920665 ], [ -101.060159394164785, 29.45866594187795 ], [ -101.009984378312154, 29.368271926338199 ], [ -100.886850346339301, 29.307852918968511 ], [ -100.87605734212157, 29.279589914629241 ], [ -100.813967326774019, 29.26314191324105 ], [ -100.767067312686933, 29.195291901727792 ], [ -100.77261231312842, 29.168373897039814 ], [ -100.675208286386635, 29.100745886659116 ], [ -100.64604827523938, 28.98798586595229 ], [ -100.651520274273835, 28.943436857785336 ], [ -100.629714267979892, 28.921150854424297 ], [ -100.64057627025646, 28.914216852231203 ], [ -100.601098260883433, 28.901292851301129 ], [ -100.574736250828451, 28.828792838534572 ], [ -100.547332244868159, 28.825821838543416 ], [ -100.535446240727026, 28.805199834549541 ], [ -100.533416238236597, 28.759211825596942 ], [ -100.50762123156332, 28.74060382357796 ], [ -100.500362226373412, 28.661964808220066 ], [ -100.447099212647728, 28.642201805736484 ], [ -100.447328212022924, 28.609329799716789 ], [ -100.398470199058721, 28.585173796886707 ], [ -100.411277200462109, 28.550709789577603 ], [ -100.388270193734442, 28.514867783434319 ], [ -100.333822180100654, 28.499256781667142 ], [ -100.368296187237021, 28.477200776307399 ], [ -100.337806179052365, 28.442964771007929 ], [ -100.344410178178862, 28.389666760414379 ], [ -100.28648416096172, 28.312299746925056 ], [ -100.291405160992596, 28.275401739519324 ], [ -100.251644150063257, 28.236184733103109 ], [ -100.220296141985997, 28.232214733669771 ], [ -100.208066137311846, 28.190387726030242 ], [ -100.084336106221215, 28.144823720466114 ], [ -100.053130096259807, 28.084735709423921 ], [ -100.017921087540884, 28.064792706883985 ], [ -99.991455078403348, 27.994564693699481 ], [ -99.931819063543529, 27.980972692819758 ], [ -99.937150062729401, 27.940541684475928 ], [ -99.893464051456803, 27.89921267735328 ], [ -99.904393052668851, 27.875288672498815 ], [ -99.877208044905487, 27.842184667184558 ], [ -99.876769043599523, 27.797849658040338 ], [ -99.850885036976607, 27.793978657580265 ], [ -99.838799033199876, 27.764185652266022 ], [ -99.813126026965719, 27.774001655271597 ], [ -99.796350021301407, 27.735590647552005 ], [ -99.770748015170113, 27.73213864849583 ], [ -99.711518998079853, 27.658369634862613 ], [ -99.668949988002396, 27.659978636860618 ], [ -99.666115986165721, 27.636092632332996 ], [ -99.638936979553677, 27.626762630867248 ], [ -99.624318977023165, 27.644005634895972 ], [ -99.596238970195344, 27.639862634472795 ], [ -99.57764396447466, 27.61860163055702 ], [ -99.584850966191368, 27.603907627882741 ], [ -99.55495295924861, 27.614460630968576 ], [ -99.512139946915738, 27.568292622586295 ], [ -99.528399948167205, 27.49855460813108 ], [ -99.496833940912808, 27.500110609142265 ], [ -99.479258935712821, 27.478639605338412 ], [ -99.495111938509837, 27.451522599895728 ], [ -99.487528935416165, 27.411576591770555 ], [ -99.504582936547422, 27.338745576992917 ], [ -99.538042944566243, 27.316965571837461 ], [ -99.492027932378335, 27.300670569311059 ], [ -99.489066930462442, 27.261481561921681 ], [ -99.461483924559602, 27.268179563541871 ], [ -99.441552919091038, 27.249919561004926 ], [ -99.426355912657144, 27.176266545859175 ], [ -99.442132914142547, 27.10686053141168 ], [ -99.429216910208297, 27.090986528561931 ], [ -99.452323914744113, 27.062673522366158 ], [ -99.445668911541247, 27.021760514323951 ], [ -99.415483904242834, 27.017244514599472 ], [ -99.378442894592951, 26.980038508180797 ], [ -99.388260895293087, 26.944221500096376 ], [ -99.324691879245876, 26.915977495772637 ], [ -99.328626878780057, 26.878596488233001 ], [ -99.268620863095293, 26.84321748245678 ], [ -99.240030852993002, 26.745855463781233 ], [ -99.208914845159569, 26.724765459870383 ], [ -99.171237830262399, 26.541969423965675 ], [ -99.104858812146645, 26.500387416882411 ], [ -99.091983808870552, 26.472380411323904 ], [ -99.113553812951821, 26.432534402401615 ], [ -99.085133804727334, 26.39878639658858 ], [ -99.037065793641403, 26.413607400816133 ], [ -99.010647785965318, 26.392139397195642 ], [ -98.974171777885559, 26.401152400102706 ], [ -98.942159768675793, 26.369691394174041 ], [ -98.925886765956975, 26.394361399687103 ], [ -98.896741757165501, 26.353334392134066 ], [ -98.807355736270637, 26.369425396853256 ], [ -98.788962730465073, 26.330437389938012 ], [ -98.751134721494168, 26.331588391118984 ], [ -98.736168716783098, 26.309203386078011 ], [ -98.754223720996492, 26.307932386117677 ], [ -98.750980720491327, 26.296325383627913 ], [ -98.701807707731632, 26.286167382824335 ], [ -98.719420711764911, 26.272308378929196 ], [ -98.681097702002532, 26.262807378613878 ], [ -98.671171698833234, 26.237371373299855 ], [ -98.634187689526428, 26.242616375239098 ], [ -98.623474688005217, 26.259670378584779 ], [ -98.616494685985472, 26.246765376305294 ], [ -98.587552679152921, 26.257820379191575 ], [ -98.562966671509599, 26.224912373434467 ], [ -98.545929668037957, 26.237101376404329 ], [ -98.554584670292613, 26.247384377696378 ], [ -98.481616651364462, 26.201283369890753 ], [ -98.481589651546628, 26.219383373778886 ], [ -98.445229643264653, 26.224575375946969 ], [ -98.444079642310371, 26.200899370989898 ], [ -98.386701626763823, 26.15787636327099 ], [ -98.36065262103368, 26.172548367271112 ], [ -98.352348617636153, 26.151124362474832 ], [ -98.3356276144861, 26.165924365887729 ], [ -98.33521161325713, 26.137621360595869 ], [ -98.305978605079133, 26.103686354089209 ], [ -98.296202603796644, 26.120325357993938 ], [ -98.266265596352653, 26.120726358395171 ], [ -98.288253600841443, 26.104711354327868 ], [ -98.193992576611834, 26.053328345956601 ], [ -98.17714657235058, 26.075124351512617 ], [ -98.146513564245566, 26.049307346060356 ], [ -98.131836561703096, 26.074174351740368 ], [ -98.09443955146422, 26.058629349254566 ], [ -98.081902548851687, 26.0711453528932 ], [ -98.074593546234951, 26.03634234519064 ], [ -98.039246538092925, 26.041279347201652 ], [ -98.027808535544551, 26.066853353190435 ], [ -98.011985531902596, 26.056296351036817 ], [ -97.981346524564145, 26.067231353810111 ], [ -97.967342520575471, 26.051787350947773 ], [ -97.934254511820811, 26.052830352379875 ], [ -97.933931512480768, 26.064838354686369 ], [ -97.869068496191844, 26.056959354537266 ], [ -97.861783495162172, 26.069950357582531 ], [ -97.860511494153414, 26.052922353879701 ], [ -97.818061483983868, 26.056401355967814 ], [ -97.813396482288312, 26.044203353065765 ], [ -97.801324479737673, 26.060165357164678 ], [ -97.792962477123339, 26.034540351957634 ], [ -97.776823472467086, 26.029456350636199 ], [ -97.768072471055277, 26.0473253548701 ], [ -97.76343246938066, 26.026823350380859 ], [ -97.737110462947626, 26.021497349777079 ], [ -97.707303455636335, 26.037760353851436 ], [ -97.691376451418606, 26.018994350904691 ], [ -97.693340452027314, 26.032341353146158 ], [ -97.662505444410286, 26.03800935564616 ], [ -97.668137445090395, 26.019433351101743 ], [ -97.640585438578398, 26.02451935264239 ], [ -97.649384440543187, 26.010866350359731 ], [ -97.618289432144579, 26.002096348594243 ], [ -97.634443436121273, 25.990272346334677 ], [ -97.602598427346706, 25.95773933998359 ], [ -97.582380422702215, 25.962473341231242 ], [ -97.578243420973152, 25.942053336913009 ], [ -97.567964418637629, 25.952354339527623 ], [ -97.566670417781879, 25.944718337436552 ], [ -97.58287242233159, 25.937861335955624 ], [ -97.537236410691065, 25.930530335530232 ], [ -97.521757404948161, 25.886466326074068 ], [ -97.498211400003271, 25.899043330116967 ], [ -97.496694399272315, 25.879684325419124 ], [ -97.455608388460874, 25.883953327185679 ], [ -97.444660385824776, 25.867444324333764 ], [ -97.45399238734359, 25.854092321583199 ], [ -97.413062376975219, 25.840885319504579 ], [ -97.408813376620131, 25.862113323695372 ], [ -97.405544374562254, 25.837758318699411 ], [ -97.364107364775066, 25.850038321985657 ], [ -97.376582368628107, 25.854582322674055 ], [ -97.356700363582618, 25.867358325964236 ], [ -97.374137368368409, 25.879043328216007 ], [ -97.356636363883709, 25.887685330587221 ], [ -97.368524368152507, 25.915330335817391 ], [ -97.348281363545354, 25.931147339706829 ], [ -97.326010357612503, 25.917693337454317 ], [ -97.302548352249374, 25.937234342176144 ], [ -97.276703345509233, 25.935343342401723 ], [ -97.28445334847811, 25.95916034755043 ], [ -97.248040338928362, 25.948101345965945 ], [ -97.17559132133222, 25.965577351490367 ], [ -97.156613315991265, 25.949024348578007 ], [ -97.146661313845769, 25.970973353039305 ], [ -97.091128300411057, 25.973844355139477 ], [ -97.08999630299634, 26.07534437654591 ], [ -97.108308308413697, 26.104514382125345 ], [ -97.125255316864013, 26.248289412723366 ], [ -97.300430379189365, 26.834617531801239 ], [ -97.323226390516623, 27.010260568532019 ], [ -97.319831392895281, 27.11002758932182 ], [ -97.288344390168206, 27.27758862526187 ], [ -97.199823375632732, 27.500323673464454 ], [ -97.050228347226138, 27.750312730370187 ], [ -96.984288333326276, 27.803787743418663 ], [ -96.938553325258141, 27.901203764277231 ], [ -96.73069227957221, 28.091272810007816 ], [ -96.531007234772346, 28.221168842641216 ], [ -96.37525919777768, 28.290764861485933 ], [ -96.320769186675705, 28.362872878561419 ], [ -96.282314177527567, 28.375006882423524 ], [ -96.258198173049749, 28.407876889519571 ], [ -96.199382159549671, 28.442282898676027 ], [ -95.777852059657619, 28.625270949775793 ], [ -95.420077975745556, 28.805629997878938 ], [ -95.329853953161589, 28.828704005673011 ], [ -95.106534904139707, 29.014940051310933 ], [ -95.086404900970052, 29.068245063378232 ], [ -94.772692826658343, 29.2317231073086 ], [ -94.713317813825327, 29.282526119875097 ], [ -94.650366797984631, 29.291895124246423 ], [ -94.62390479339588, 29.343148135916994 ], [ -94.650317801362419, 29.382825142915621 ], [ -94.419255746498763, 29.483457171613352 ], [ -94.033571652469817, 29.625007213306535 ], [ -93.875012610523129, 29.621431218368532 ], [ -93.848594603030094, 29.600265214495806 ], [ -93.806621591682841, 29.596864215709601 ], [ -93.770366583323536, 29.62392922242994 ], [ -93.770153585370494, 29.670830232248012 ], [ -93.711553571028531, 29.690352238321204 ], [ -93.432764499606847, 29.71853525362377 ], [ -93.33930047352257, 29.695090251597481 ], [ -93.287360461732206, 29.724336259176393 ], [ -93.223522444638405, 29.72643026206784 ], [ -93.029114391591492, 29.677860257723079 ], [ -92.624980278526877, 29.528333239699037 ], [ -92.293676189251897, 29.481501239981156 ], [ -92.231663173334013, 29.491899244367296 ], [ -92.146672152316924, 29.532042255200409 ], [ -92.078056133628621, 29.531494258100459 ], [ -92.022760116860709, 29.470641246448167 ], [ -91.913213085309479, 29.420212239201046 ], [ -91.906354082379906, 29.387409232296328 ], [ -91.876918073147266, 29.362694227606266 ], [ -91.832774061734398, 29.362567229415351 ], [ -91.777496047903398, 29.396089238338654 ], [ -91.712199029664191, 29.360631232565446 ], [ -91.644050011611583, 29.375560238419016 ], [ -91.421133949360751, 29.302833229439486 ], [ -91.292686910207308, 29.196182210425174 ], [ -91.159822873492672, 29.168427208302329 ], [ -91.103308857200048, 29.138382202914187 ], [ -90.974930822096653, 29.121514203223814 ], [ -90.960377817547382, 29.111069201748709 ], [ -91.0120748305402, 29.090543196093805 ], [ -91.020761831512829, 29.046070185664668 ], [ -90.993458822914178, 29.014975180152867 ], [ -90.920450802685679, 28.992521177101874 ], [ -90.746863755675236, 28.988600181462967 ], [ -90.552552705325454, 29.036811198111856 ], [ -90.409385664771293, 28.995345193061492 ], [ -90.344324647322594, 29.003183196684464 ], [ -90.162667600059848, 29.051254212783238 ], [ -90.032330567666961, 29.135049235105466 ], [ -89.599164452542851, 29.197882262162491 ], [ -89.510327427607265, 29.165318257808387 ], [ -89.468678413370824, 29.107466246639778 ], [ -89.465741407748268, 28.974442216943739 ], [ -89.49208541199728, 28.901492200141007 ], [ -89.467320403997604, 28.866513192485346 ], [ -89.425702392138732, 28.855132191541966 ], [ -89.384732381718422, 28.871508196169131 ], [ -89.279609356665489, 28.977788222870128 ], [ -89.234908344657697, 28.987157226677116 ], [ -89.185337329018395, 28.930483215374046 ], [ -89.114855309432969, 28.926373216769964 ], [ -89.012693285681749, 29.027685242545196 ], [ -88.99690728406641, 29.085309255757981 ], [ -88.921718264524714, 29.12497626691998 ], [ -88.908817264742765, 29.210231286082745 ], [ -88.918315268406658, 29.23628129141952 ], [ -89.069431312034638, 29.294302299927505 ], [ -89.137617333671031, 29.381434317160124 ], [ -89.14207833749667, 29.429470327850982 ], [ -89.119456332448337, 29.458070335386495 ], [ -89.038879311019784, 29.492234345329649 ], [ -88.810604258765494, 29.734576405970564 ], [ -88.762728251118759, 29.866993436832669 ], [ -88.760156253762091, 29.944558454377905 ], [ -88.778239260999158, 30.014071468663566 ], [ -88.824867276621106, 30.080367482231242 ], [ -88.87503029158006, 30.102500485421245 ], [ -88.900335301952808, 30.169985498965975 ], [ -88.971914320532292, 30.156959493833288 ], [ -89.033972338939691, 30.184589497702142 ], [ -89.074658349060869, 30.154299490453944 ], [ -89.183674381548158, 30.212160499560188 ], [ -89.26098240069382, 30.182003490093408 ], [ -89.416716443757934, 30.177644483586114 ], [ -89.504740466678072, 30.15792847641077 ], [ -89.533742476354647, 30.195044483761539 ], [ -89.580701488761576, 30.186337480795423 ], [ -89.647183511456774, 30.289372500502068 ], [ -89.626195506625706, 30.314296506656941 ], [ -89.629597509042711, 30.338965511879298 ], [ -89.657254516644443, 30.356637514962202 ], [ -89.683842526415702, 30.405825524976677 ], [ -89.68340852810131, 30.451541535094293 ], [ -89.724827541105554, 30.49213454206431 ], [ -89.757489551100534, 30.499558542291787 ], [ -89.779164558511738, 30.544034551745284 ], [ -89.803924566077953, 30.549354551877926 ], [ -89.786870561872774, 30.569058557048749 ], [ -89.807957567825824, 30.567658555324755 ], [ -89.813924571240719, 30.607722564123812 ], [ -89.830716576301185, 30.617226565914297 ], [ -89.814007572877614, 30.638251571118992 ], [ -89.852208584236664, 30.661689574736645 ], [ -89.837840580102096, 30.671922577183352 ], [ -89.842534584223884, 30.720423587488821 ], [ -89.825639579630177, 30.727379589282684 ], [ -89.836703583303333, 30.735068590806701 ], [ -89.816080577403, 30.738913592485691 ], [ -89.82869758078175, 30.738094591881307 ], [ -89.835129583887422, 30.77109759815005 ], [ -89.819159580725696, 30.795238604695147 ], [ -89.811575578398532, 30.787496603297271 ], [ -89.803471576755371, 30.79114660360813 ], [ -89.815743580918721, 30.803358605996458 ], [ -89.798659577037299, 30.82086061076242 ], [ -89.78150757180363, 30.818950610994591 ], [ -89.792475576622152, 30.850391616677246 ], [ -89.771727571236937, 30.854682618343087 ], [ -89.773415573292766, 30.897698628211895 ], [ -89.744794566805041, 30.918938633886548 ], [ -89.75651857038396, 30.942866638593493 ], [ -89.727077563784576, 30.967400644921131 ], [ -89.729621566593281, 31.003932652019365 ], [ -91.63694808199449, 30.999421584515773 ], [ -91.578419067277409, 31.024035591006005 ], [ -91.559913063812928, 31.054124597888372 ], [ -91.626868085168368, 31.118776609227215 ], [ -91.588945078772923, 31.188964625359013 ], [ -91.654033099111359, 31.255758637003893 ], [ -91.515620063524338, 31.278215647209525 ], [ -91.508666062950041, 31.315136654481631 ], [ -91.54821907526987, 31.346089659683926 ], [ -91.546065076976546, 31.38222666732322 ], [ -91.568959082851833, 31.377634666007491 ], [ -91.576271086398307, 31.410503672095022 ], [ -91.543372078680349, 31.432613677684355 ], [ -91.521842070031539, 31.375175667133938 ], [ -91.474815056681564, 31.368651667007356 ], [ -91.472073057712379, 31.397081672885587 ], [ -91.515136071135629, 31.449211682276179 ], [ -91.522542077463271, 31.522083697816715 ], [ -91.447622057607305, 31.540671703685717 ], [ -91.405421048085984, 31.576471713364477 ], [ -91.418822052861302, 31.596570716719224 ], [ -91.492924072237699, 31.589570712569625 ], [ -91.515468080368677, 31.630377720652579 ], [ -91.496136076559551, 31.645315724461099 ], [ -91.436222058554904, 31.612470719665527 ], [ -91.401021049460397, 31.620370722697878 ], [ -91.397921053184405, 31.709369741007631 ], [ -91.369381046999919, 31.746908749788773 ], [ -91.263117018794546, 31.754769755474118 ], [ -91.281218024729142, 31.772268758710759 ], [ -91.365620046826706, 31.760768752544209 ], [ -91.345220045544508, 31.843866770609214 ], [ -91.294019033079323, 31.860465776116939 ], [ -91.283218027999723, 31.815767767242303 ], [ -91.254317020120467, 31.813667768174323 ], [ -91.245001017928402, 31.832193772342386 ], [ -91.267718026412126, 31.862665777391793 ], [ -91.182283005291197, 31.915819792181118 ], [ -91.184816009353213, 31.965562802130769 ], [ -91.164416004671239, 31.982562806172215 ], [ -91.10281398774076, 31.990962810900786 ], [ -91.075913982384975, 32.016832816878157 ], [ -91.091413987402134, 32.036059820198474 ], [ -91.153816004874784, 32.050660820588199 ], [ -91.158516007312429, 32.072859825282968 ], [ -91.135715001397372, 32.080659827732646 ], [ -91.080913984806756, 32.04786082315551 ], [ -91.081113986687384, 32.078358829341617 ], [ -91.035212975706173, 32.100458835873461 ], [ -91.004111969885344, 32.146157845919056 ], [ -91.002911969919012, 32.162057849536865 ], [ -91.05831298575842, 32.180956851414287 ], [ -91.053560981786774, 32.124417839738399 ], [ -91.162828011722951, 32.132699837895963 ], [ -91.174558016506381, 32.154983841753918 ], [ -91.164177015637804, 32.196893850842251 ], [ -91.083713995493056, 32.226455859910637 ], [ -91.061413988604357, 32.218655859186498 ], [ -91.039012984096857, 32.242353865097662 ], [ -91.002911973144165, 32.223055861996507 ], [ -90.994949969160146, 32.193146856423198 ], [ -90.969408965676337, 32.252525869505206 ], [ -90.979480971016926, 32.293707877365151 ], [ -90.949786961832046, 32.283061876397333 ], [ -90.922236955467469, 32.298644880727075 ], [ -90.875643946579657, 32.371734897500865 ], [ -90.890717950658441, 32.372251897484958 ], [ -90.912368954964137, 32.339459889438736 ], [ -90.993630977696, 32.354052889578561 ], [ -91.001411981158313, 32.37944989477851 ], [ -90.994085980792377, 32.403866900131604 ], [ -90.965992973596741, 32.420659904772172 ], [ -90.969592976127032, 32.439497908481556 ], [ -90.995492983841956, 32.450890909106171 ], [ -91.051412997784766, 32.437847904418703 ], [ -91.116014018252315, 32.483145911007767 ], [ -91.093748015143447, 32.549132926007097 ], [ -91.038111996990409, 32.490445915837121 ], [ -91.00051198632481, 32.482244916040692 ], [ -90.987207983269585, 32.495668918734189 ], [ -91.080417012310193, 32.556473927520841 ], [ -91.008250994919479, 32.604244940669012 ], [ -91.01580599937985, 32.64164994807458 ], [ -91.037188005343083, 32.637866946474105 ], [ -91.049808006291869, 32.607190939699969 ], [ -91.119860024127206, 32.584800932267903 ], [ -91.152492035170056, 32.620324937887425 ], [ -91.149759035607204, 32.644046943215173 ], [ -91.054755014402346, 32.719234961856635 ], [ -91.165702046436664, 32.753404964584568 ], [ -91.145008045695604, 32.842874983479611 ], [ -91.105637036031794, 32.858401988382113 ], [ -91.064455026617907, 32.901068998595399 ], [ -91.086808037102401, 32.976272013213773 ], [ -91.10658704337942, 32.988943014760331 ], [ -91.135523050490065, 32.979663011840628 ], [ -91.131624046422843, 32.925232000846442 ], [ -91.151696050770312, 32.901940995926907 ], [ -91.196791062684625, 32.90678999478903 ], [ -91.213978068765684, 32.927202998007544 ], [ -91.162369060572232, 33.019689019283739 ], [ -91.129093052058991, 33.033560022785906 ], [ -91.120324051231236, 33.0553290277944 ], [ -91.200173075338114, 33.106936035283638 ], [ -91.201786076556743, 33.12512703871424 ], [ -91.183668072553999, 33.14169704250768 ], [ -91.131665058103692, 33.129107042440609 ], [ -91.091159047596193, 33.13826604562545 ], [ -91.091717052143082, 33.22081906242942 ], [ -91.070703047220945, 33.227308065264275 ], [ -91.044533042498628, 33.267552074128069 ], [ -91.05237504576921, 33.285421077672751 ], [ -91.078536052276192, 33.283312076047473 ], [ -91.100106055569313, 33.238130066189065 ], [ -91.141697071075455, 33.300361077116214 ], [ -91.14179907330427, 33.350082086762541 ], [ -91.068174057669125, 33.414014102933983 ], [ -91.057627056797998, 33.445347109397282 ], [ -91.08650406477723, 33.451582109206555 ], [ -91.106742066999203, 33.399481098220924 ], [ -91.151167077848228, 33.378697092424716 ], [ -91.209078094825742, 33.40745509550927 ], [ -91.131891075241199, 33.430068102833161 ], [ -91.1179810735145, 33.453812108669993 ], [ -91.135704079721549, 33.480686113376727 ], [ -91.171001090250613, 33.497589115085454 ], [ -91.177299088733619, 33.443644103821775 ], [ -91.235555104485826, 33.439313100467956 ], [ -91.18257109384939, 33.501067115613928 ], [ -91.231424110688764, 33.560599125231477 ], [ -91.152154089790841, 33.582727132675636 ], [ -91.130451085392949, 33.606040138649313 ], [ -91.171174099100952, 33.64777214524424 ], [ -91.221123113809995, 33.662994145797455 ], [ -91.227863116493054, 33.683079150354608 ], [ -91.16133709961295, 33.707207157276684 ], [ -91.094046078835547, 33.658357150384838 ], [ -91.033596063586145, 33.674148156728457 ], [ -91.030408063108027, 33.687772159240332 ], [ -91.059897072860124, 33.714822163482971 ], [ -91.11739908842668, 33.705271159383834 ], [ -91.146357097724319, 33.730615162865604 ], [ -91.132191096697696, 33.783426174044102 ], [ -91.023291065735336, 33.762997174937048 ], [ -90.988472058064431, 33.78453618023412 ], [ -91.046855075578733, 33.815371184080988 ], [ -91.072666084570329, 33.854949190423127 ], [ -91.010324072353384, 33.929358208381643 ], [ -91.084101094169171, 33.956185210266923 ], [ -91.087927096551525, 33.975341214168189 ], [ -91.018896079694272, 34.003157222949653 ], [ -90.998374071484889, 33.965027216024865 ], [ -90.967638062947401, 33.963330216973354 ], [ -90.961557062468813, 33.979952220850642 ], [ -90.987954071672462, 34.019044227114598 ], [ -90.894157046812779, 34.025955232821367 ], [ -90.870534043422253, 34.080522244765604 ], [ -90.882629047895378, 34.0966192469322 ], [ -90.943173064654886, 34.107171246522647 ], [ -90.954305070366104, 34.138502252800684 ], [ -90.910013059790131, 34.165508259890345 ], [ -90.836105038068908, 34.137882257017807 ], [ -90.807229031161171, 34.163751263852959 ], [ -90.816578035262481, 34.18302926686772 ], [ -90.91174006162214, 34.193870264857303 ], [ -90.936411071081068, 34.236701272549055 ], [ -90.908238064229266, 34.244960275851518 ], [ -90.894450059167255, 34.224332271668843 ], [ -90.847814044986691, 34.206536270550082 ], [ -90.829669044644831, 34.272430284322105 ], [ -90.765171027254226, 34.280530289018188 ], [ -90.741259022144845, 34.305562294643558 ], [ -90.764149031796279, 34.363402305047011 ], [ -90.676666008440975, 34.371417310403793 ], [ -90.693135010330522, 34.322576300487974 ], [ -90.662967001640624, 34.314785299783679 ], [ -90.658546004514918, 34.375711312205205 ], [ -90.571150983014874, 34.420328324703547 ], [ -90.588947991982323, 34.491103338132078 ], [ -90.540741982475694, 34.548091351704926 ], [ -90.58722999934264, 34.615738362869266 ], [ -90.588425003451746, 34.670969373833515 ], [ -90.549862995014621, 34.695484380425938 ], [ -90.537890989545787, 34.673985376327515 ], [ -90.554550992340396, 34.642219369425156 ], [ -90.532118985012758, 34.627495367481956 ], [ -90.466046969856123, 34.674318379600095 ], [ -90.472500973211069, 34.699794384667918 ], [ -90.535687990505366, 34.697885381626271 ], [ -90.56808700143435, 34.724808385114194 ], [ -90.536422994568397, 34.748305391022363 ], [ -90.547618000030042, 34.784595397564914 ], [ -90.522897993861989, 34.802271402480706 ], [ -90.500994985720723, 34.771198397002458 ], [ -90.524522991316388, 34.751374392483747 ], [ -90.520186988567559, 34.73190838867955 ], [ -90.488870979615584, 34.72373738844793 ], [ -90.453975970577616, 34.73688339265847 ], [ -90.47459598017997, 34.793206402968771 ], [ -90.45678897710259, 34.822689409401761 ], [ -90.482361988127053, 34.879858419078332 ], [ -90.438316975858825, 34.884589422488176 ], [ -90.414864966385707, 34.831852412923872 ], [ -90.340385947651285, 34.860363421801594 ], [ -90.309188938335055, 34.845000420341158 ], [ -90.313481941365637, 34.871704425707364 ], [ -90.244736925562506, 34.92103243794358 ], [ -90.25006192903885, 34.951202443697682 ], [ -90.307795947110051, 34.991859448967332 ], [ -90.295601946658238, 35.040099459564175 ], [ -90.20940292284206, 35.026552460127043 ], [ -90.165333916485238, 35.125234481650963 ], [ -90.14279991137434, 35.135097484367108 ], [ -90.096520897346579, 35.117137482939668 ], [ -90.064773890092852, 35.138946488920652 ], [ -90.117398907392996, 35.187896496235787 ], [ -90.074397897025662, 35.210595502564722 ], [ -90.079350899582778, 35.228844505715458 ], [ -90.105098908651527, 35.254294509572809 ], [ -90.152099921836225, 35.255995508005739 ], [ -90.168929928102344, 35.280286511638089 ], [ -90.158918926388893, 35.3006435159459 ], [ -90.109098913229829, 35.304993519082537 ], [ -90.110298915665552, 35.342794526740818 ], [ -90.074997909439176, 35.384158536463119 ], [ -90.130480926797304, 35.413751540163751 ], [ -90.146196930072307, 35.399474536584648 ], [ -90.135515924964011, 35.376674532492295 ], [ -90.16741393425886, 35.375091530592393 ], [ -90.179270938211673, 35.385200532362717 ], [ -90.168887937458464, 35.422212539958572 ], [ -90.12945292776881, 35.441936545049309 ], [ -90.111661924792841, 35.474475552674413 ], [ -90.083655918132195, 35.4783035540489 ], [ -90.067229912420629, 35.464810552255869 ], [ -90.069439909512042, 35.408169541613255 ], [ -90.044587901309839, 35.393079539977919 ], [ -90.056787905036657, 35.403869540897503 ], [ -90.01892189904234, 35.466237554869444 ], [ -90.048527909905758, 35.504130560989395 ], [ -90.03955591037419, 35.548563570439939 ], [ -89.9895048968541, 35.560142574733931 ], [ -89.951253884189583, 35.521872568638827 ], [ -89.915405873621282, 35.515125568965573 ], [ -89.908553873545245, 35.546824575871632 ], [ -89.942002883668508, 35.556970576576873 ], [ -89.956537890265565, 35.590608582370493 ], [ -89.851829864720486, 35.644267597136178 ], [ -89.861242868798868, 35.670069601797543 ], [ -89.898921878025547, 35.650910596867647 ], [ -89.931986888315379, 35.660825596773606 ], [ -89.955758896916905, 35.690627601651734 ], [ -89.956257899615011, 35.733394609937598 ], [ -89.90983088882335, 35.759393617260457 ], [ -89.87646787830181, 35.738032614321149 ], [ -89.820881863877091, 35.756874620675696 ], [ -89.781181856425661, 35.805302632152085 ], [ -89.704392835562814, 35.819613638289766 ], [ -89.706357838003612, 35.83720864182964 ], [ -89.772472857608108, 35.865104643726987 ], [ -89.742611852897838, 35.906659653020931 ], [ -89.666106829975433, 35.882872652134715 ], [ -89.644400824727967, 35.894788655464986 ], [ -89.653145828567304, 35.922624660801148 ], [ -89.714570848220504, 35.963040665322112 ], [ -89.733100856148255, 36.000614672387805 ], [ -90.377896035136089, 35.995689641096142 ], [ -90.318883025465169, 36.090315662212497 ], [ -90.235378005891491, 36.139486674994728 ], [ -90.220493004727174, 36.184443684580224 ], [ -90.126341981951953, 36.229129697919248 ], [ -90.116806981843979, 36.263777704713348 ], [ -90.083534973107717, 36.272128708073808 ], [ -90.064174970148258, 36.302532714853243 ], [ -90.082412975888971, 36.321955717686983 ], [ -90.063402975262619, 36.38396373011593 ], [ -90.138579998209863, 36.413823732410066 ], [ -90.133945000101406, 36.453603740068395 ], [ -90.155810007063593, 36.463560741446237 ], [ -90.142419003329891, 36.471507743150809 ], [ -90.15963300937409, 36.480308744277906 ], [ -90.152286007955936, 36.49795674794494 ], [ -94.617926218573828, 36.499420527403693 ], [ -94.617971258982251, 36.998911616581665 ] ] ] } },
{ "type": "Feature", "properties": { "Shape_Length": 51.416767884799619, "Shape_Area": 78.091230239450439, "OBJECTID": 8, "EPAREGION": "Region 7" }, "geometry": { "type": "Polygon", "coordinates": [ [ [ -91.217712973451427, 43.500557905907861 ], [ -96.599199476577908, 43.500463544294057 ], [ -96.581090469526018, 43.481505542714949 ], [ -96.603059470947287, 43.45083553699456 ], [ -96.594149466384025, 43.433831535221167 ], [ -96.52167044084733, 43.385912533199935 ], [ -96.535095437414412, 43.336509524812477 ], [ -96.526970431433028, 43.30523652117347 ], [ -96.588500446956616, 43.296182515292394 ], [ -96.585668442469114, 43.269359511197713 ], [ -96.552668431946714, 43.258155512310928 ], [ -96.549195429444566, 43.246821510734677 ], [ -96.571494434813545, 43.238854508431245 ], [ -96.559334428966267, 43.222941506972397 ], [ -96.476662407215343, 43.221948512683078 ], [ -96.468507395727684, 43.15189450279366 ], [ -96.43648038271877, 43.120173499843439 ], [ -96.462328386541571, 43.092892494117201 ], [ -96.460750381597663, 43.06434449013836 ], [ -96.521310395075218, 43.039667482854782 ], [ -96.491989383809297, 43.010204479837974 ], [ -96.520846387484355, 42.980321474032266 ], [ -96.498971378968221, 42.957809471901413 ], [ -96.541291386080275, 42.923934463940881 ], [ -96.542938383447776, 42.903763460558288 ], [ -96.52529537746031, 42.891917460536305 ], [ -96.543493381451441, 42.883772458382325 ], [ -96.550330377013381, 42.837538450377046 ], [ -96.58147838559033, 42.83773344825331 ], [ -96.595222383356671, 42.792903440868365 ], [ -96.636390391467685, 42.769747434251236 ], [ -96.619270385062464, 42.754616433296121 ], [ -96.639493388237028, 42.736935429604614 ], [ -96.624422382881093, 42.725219429113395 ], [ -96.630162381318456, 42.705445425816208 ], [ -96.575188363750158, 42.682764426202965 ], [ -96.578407363293167, 42.671847424540339 ], [ -96.542373352476801, 42.66094142518169 ], [ -96.515669341089364, 42.629718422325148 ], [ -96.529945342542732, 42.610478417956045 ], [ -96.509461337887231, 42.612711420144024 ], [ -96.485805326789375, 42.575027415826796 ], [ -96.498552327771236, 42.558123412613078 ], [ -96.476968321907677, 42.55597941382171 ], [ -96.493578321082495, 42.515633406792347 ], [ -96.476056315862735, 42.507790406660376 ], [ -96.476270313679137, 42.489976404464635 ], [ -96.445491305250201, 42.490637406565291 ], [ -96.478784312998187, 42.479709402335281 ], [ -96.505714320766032, 42.484729401624264 ], [ -96.537998333093213, 42.518136404448093 ], [ -96.596000347147282, 42.504625397737499 ], [ -96.625969356063862, 42.513585397430042 ], [ -96.63803836488168, 42.551966402408254 ], [ -96.709832390276318, 42.605107405346303 ], [ -96.691276392188669, 42.656205414380402 ], [ -96.793243420410974, 42.666028408545728 ], [ -96.806221428252925, 42.704161413630814 ], [ -96.906805459579303, 42.733807410317581 ], [ -96.96158447239003, 42.719848404657043 ], [ -96.979128481868685, 42.760097409261519 ], [ -97.130265523643473, 42.77154840060409 ], [ -97.150771532646331, 42.795573402654462 ], [ -97.210134550235992, 42.809303400565625 ], [ -97.218054557071483, 42.845120405808039 ], [ -97.237876562875215, 42.853146405195851 ], [ -97.407417609687855, 42.868398395623551 ], [ -97.443764617160269, 42.846025389599752 ], [ -97.611819662900075, 42.858374379790646 ], [ -97.686485681215586, 42.842219371834183 ], [ -97.841974724948471, 42.868173364497416 ], [ -97.875539732698471, 42.85866336106232 ], [ -97.888655731252385, 42.817184354180121 ], [ -97.93675473801099, 42.775690345029865 ], [ -98.035079762316386, 42.764121336202685 ], [ -98.147117801725031, 42.839638339471151 ], [ -98.189819813817252, 42.841650335982365 ], [ -98.420748885941208, 42.931931332828157 ], [ -98.444153891864318, 42.929249331195585 ], [ -98.498558915132108, 42.998566336660332 ], [ -104.053038312536941, 43.000591920239316 ], [ -104.053259042498226, 41.001412657854488 ], [ -102.051726560549554, 41.002365800605723 ], [ -102.042098131346464, 36.993022201946488 ], [ -94.617971258982251, 36.998911616581665 ], [ -94.617926218573828, 36.499420527403693 ], [ -90.152286007955936, 36.49795674794494 ], [ -90.15963300937409, 36.480308744277906 ], [ -90.142419003329891, 36.471507743150809 ], [ -90.155810007063593, 36.463560741446237 ], [ -90.133945000101406, 36.453603740068395 ], [ -90.138579998209863, 36.413823732410066 ], [ -90.063402975262619, 36.38396373011593 ], [ -90.082412975888971, 36.321955717686983 ], [ -90.064174970148258, 36.302532714853243 ], [ -90.083534973107717, 36.272128708073808 ], [ -90.116806981843979, 36.263777704713348 ], [ -90.126341981951953, 36.229129697919248 ], [ -90.220493004727174, 36.184443684580224 ], [ -90.235378005891491, 36.139486674994728 ], [ -90.318883025465169, 36.090315662212497 ], [ -90.377896035136089, 35.995689641096142 ], [ -89.706937849274325, 36.000987672878423 ], [ -89.67882684687379, 36.084642690939077 ], [ -89.601941828359699, 36.119476701412836 ], [ -89.591637826749732, 36.14214170556091 ], [ -89.607009833293731, 36.171185710742165 ], [ -89.692635860686664, 36.22496571689355 ], [ -89.701826865002261, 36.246010720647369 ], [ -89.602379836352142, 36.238112723754597 ], [ -89.53468181904573, 36.252777729715127 ], [ -89.539492821857124, 36.27737473448741 ], [ -89.620260847271553, 36.323012739713604 ], [ -89.605673844583123, 36.342240744066146 ], [ -89.531827824072309, 36.339252746737458 ], [ -89.509727820136703, 36.37363275432336 ], [ -89.54526083392669, 36.427085762899544 ], [ -89.519927830419277, 36.477059773285241 ], [ -89.560417845352404, 36.524412780610461 ], [ -89.567009850151777, 36.565054788116065 ], [ -89.530643841406174, 36.581716793371079 ], [ -89.479935826144583, 36.569093793087816 ], [ -89.465918819621223, 36.530021786679768 ], [ -89.493952822965014, 36.473565774582624 ], [ -89.464438814111588, 36.4577537722027 ], [ -89.417280803746976, 36.499017783172043 ], [ -89.365802797828309, 36.62513280969771 ], [ -89.32464278709439, 36.631029812211061 ], [ -89.263495765756872, 36.566275803152706 ], [ -89.219040753432893, 36.575063806589213 ], [ -89.197758751087065, 36.628977817575851 ], [ -89.159123743744246, 36.666360827390562 ], [ -89.199316758600119, 36.715630834461784 ], [ -89.197861759399629, 36.739778839387057 ], [ -89.169790753490517, 36.759647844370406 ], [ -89.125972739817769, 36.75181584528756 ], [ -89.117081738416729, 36.765775848235485 ], [ -89.12438574240835, 36.785832851264068 ], [ -89.170568756377335, 36.797544851834886 ], [ -89.179206761112269, 36.82990285693797 ], [ -89.131939749193478, 36.857602864824834 ], [ -89.100287749111629, 36.965780887098994 ], [ -89.125357757053166, 36.983535889685783 ], [ -89.185496773031318, 36.973524884607784 ], [ -89.20079878107758, 37.016170891812976 ], [ -89.25493580046637, 37.072020899722453 ], [ -89.30829581444597, 37.068377896649302 ], [ -89.304757812421499, 37.047571892970282 ], [ -89.260008797482584, 37.023294890613037 ], [ -89.278633800185446, 36.988676883017327 ], [ -89.383942834049591, 37.046447889289091 ], [ -89.377118835520733, 37.090771897878604 ], [ -89.456110865485954, 37.188126912637649 ], [ -89.467636871018541, 37.218206917256381 ], [ -89.458832870451559, 37.24866792340972 ], [ -89.4899208794874, 37.251321922485424 ], [ -89.518345889674166, 37.285503927351009 ], [ -89.489010885780914, 37.333374938442972 ], [ -89.432841870855583, 37.347062943655743 ], [ -89.420547870163929, 37.38801395185461 ], [ -89.439774879264164, 37.437206959727412 ], [ -89.517056909462099, 37.537284975422757 ], [ -89.519813913201602, 37.58275398339687 ], [ -89.475937901789223, 37.593004987159411 ], [ -89.517723917015402, 37.641223994626593 ], [ -89.516690920782608, 37.692769004408063 ], [ -89.583321941740479, 37.713268004162472 ], [ -89.617283953699086, 37.749727009753251 ], [ -89.663357967182932, 37.750059007546483 ], [ -89.66964997256737, 37.799929016709811 ], [ -89.73988099628221, 37.846928021935334 ], [ -89.786332009615691, 37.851696020038503 ], [ -89.79933501543232, 37.881523025330672 ], [ -89.842644029289914, 37.905204026919954 ], [ -89.902383043464525, 37.869747018115518 ], [ -89.9477640570272, 37.87985401704298 ], [ -89.974660068503738, 37.927081025042206 ], [ -89.924603056375702, 37.959856033285682 ], [ -89.940693061829151, 37.970881034812422 ], [ -89.996854077686137, 37.9632260300856 ], [ -90.059373099284699, 38.015550036616659 ], [ -90.110527114562345, 38.026556036373165 ], [ -90.129606122136622, 38.061443041752632 ], [ -90.223294151430096, 38.097806043306335 ], [ -90.358634199439763, 38.22198805889154 ], [ -90.370825212226066, 38.333561078795469 ], [ -90.341452208411056, 38.388305090411414 ], [ -90.291090198363648, 38.430897100785621 ], [ -90.247193196004091, 38.548564124161715 ], [ -90.185262183269387, 38.610822139079175 ], [ -90.179315185173422, 38.652447146422581 ], [ -90.211416200116659, 38.721357157702421 ], [ -90.123113181867524, 38.798055176093477 ], [ -90.11333318396548, 38.849313186210452 ], [ -90.250254228524341, 38.919351191056663 ], [ -90.439944285879434, 38.96739018992151 ], [ -90.471735294240744, 38.959193186472518 ], [ -90.499678297717224, 38.910612176173089 ], [ -90.548923308404284, 38.872944167229626 ], [ -90.582265317118768, 38.868801164318306 ], [ -90.624743330860994, 38.888195165968 ], [ -90.663024344869399, 38.926290170230011 ], [ -90.678199354985821, 38.991858181294511 ], [ -90.712732369547183, 39.049743189958477 ], [ -90.681092364789208, 39.100597200422605 ], [ -90.707908376816903, 39.150867208580067 ], [ -90.728619391835622, 39.254099225336148 ], [ -90.940772465445761, 39.40399124039304 ], [ -91.038276496592488, 39.448442243185902 ], [ -91.100313522322736, 39.538702255004196 ], [ -91.153634537380768, 39.548255253606946 ], [ -91.181942550833085, 39.602684261554863 ], [ -91.229323565397038, 39.620860262125881 ], [ -91.368424615121057, 39.729745273683932 ], [ -91.362394618950646, 39.79048928439807 ], [ -91.436535644808373, 39.847085290150467 ], [ -91.446928651051607, 39.883041295552879 ], [ -91.419366647302169, 39.927724305042894 ], [ -91.494884679144647, 40.036460319285261 ], [ -91.510845692631236, 40.126144334503806 ], [ -91.506507701686459, 40.236311352835088 ], [ -91.465668699898117, 40.336522372835368 ], [ -91.443164696353676, 40.364347378697893 ], [ -91.37292768042191, 40.399115388498458 ], [ -91.381775686905016, 40.442562395280483 ], [ -91.364217687335554, 40.500050406852033 ], [ -91.40524770419151, 40.554648413472727 ], [ -91.339725691780046, 40.613495426835712 ], [ -91.253080669871679, 40.637969435964628 ], [ -91.18698665105849, 40.637304439570187 ], [ -91.123934636303801, 40.669159449023304 ], [ -91.092999643385184, 40.821086476118332 ], [ -91.009542627350143, 40.900572495183226 ], [ -90.965350616911536, 40.921640500696029 ], [ -90.952239617094762, 40.954054507043715 ], [ -90.94663162944731, 41.096635531642477 ], [ -90.994969649375705, 41.160637539480639 ], [ -91.041563663353472, 41.166169537386267 ], [ -91.113663691621852, 41.241408545851861 ], [ -91.074847687800556, 41.305585558741342 ], [ -91.045896690374335, 41.414092578566176 ], [ -90.982919674304384, 41.43417858560381 ], [ -90.929260658186394, 41.421551587124725 ], [ -90.846564637755847, 41.455148597409256 ], [ -90.655845584502188, 41.46213961022471 ], [ -90.591043571374612, 41.512839622316548 ], [ -90.461438535611734, 41.523540631458204 ], [ -90.412831525643469, 41.565336641489417 ], [ -90.343234508269447, 41.587840649292886 ], [ -90.343458514924464, 41.64696665903724 ], [ -90.313441511480576, 41.698089669767491 ], [ -90.310884515275347, 41.742332677016741 ], [ -90.180960484840625, 41.809361695925098 ], [ -90.18190748827783, 41.843223701844622 ], [ -90.153590487696349, 41.906621713985608 ], [ -90.16414149510517, 41.956185721181619 ], [ -90.140067493662002, 42.00325973028577 ], [ -90.164491505194007, 42.042112735549154 ], [ -90.163998512945625, 42.118310748430375 ], [ -90.201410524536101, 42.13094474815442 ], [ -90.216113531483657, 42.156737751186718 ], [ -90.393157590410837, 42.227193752063222 ], [ -90.430890606686859, 42.27823775856362 ], [ -90.415943607734022, 42.322706766999396 ], [ -90.443880618920318, 42.355225770196995 ], [ -90.555024657771952, 42.416145773301658 ], [ -90.567974664213054, 42.440396776957009 ], [ -90.65403369308936, 42.478510777404693 ], [ -90.636933692162032, 42.513209784346891 ], [ -90.643933697150075, 42.54040878807524 ], [ -90.706309725118132, 42.634176799667806 ], [ -90.949216801341692, 42.685576793670378 ], [ -91.065065841571695, 42.751345796638951 ], [ -91.100571866539397, 42.883085815850542 ], [ -91.145621882393456, 42.908013817257086 ], [ -91.145941888948045, 42.960777825316917 ], [ -91.179463910902086, 43.067434840319528 ], [ -91.175259917937453, 43.134672851091928 ], [ -91.057924897746403, 43.255373877844299 ], [ -91.107243918802737, 43.313652883427693 ], [ -91.206626952153556, 43.352531883844186 ], [ -91.200365957474034, 43.412708893481735 ], [ -91.233373972575848, 43.455175897711484 ], [ -91.217712973451427, 43.500557905907861 ] ] ] } },
{ "type": "Feature", "properties": { "Shape_Length": 83.660879656818295, "Shape_Area": 168.4830836188199, "OBJECTID": 9, "EPAREGION": "Region 8" }, "geometry": { "type": "Polygon", "coordinates": [ [ [ -97.228731542528635, 49.000570220312611 ], [ -116.049207112640332, 49.000918388222587 ], [ -116.048876864341622, 47.976764316137768 ], [ -116.018755855689221, 47.963089318128404 ], [ -115.91878581050463, 47.853662321461542 ], [ -115.852304791577225, 47.82799732652407 ], [ -115.831758770411099, 47.755784323455018 ], [ -115.797312764692037, 47.757526326578926 ], [ -115.77623275196764, 47.719824325758601 ], [ -115.722642735848794, 47.695168330155226 ], [ -115.736283728820965, 47.65476832518268 ], [ -115.69429771351092, 47.623466328042902 ], [ -115.687563705367523, 47.594659326457155 ], [ -115.755875708968389, 47.548100315496569 ], [ -115.697532693135116, 47.531337320690696 ], [ -115.711029692543647, 47.516659317605566 ], [ -115.685528680699449, 47.484830317761059 ], [ -115.628708667863776, 47.479647323460888 ], [ -115.646397666211101, 47.4567013202496 ], [ -115.71826067945041, 47.453166312307225 ], [ -115.759360680988237, 47.422239305857595 ], [ -115.720710674285968, 47.425541310390273 ], [ -115.657694656096396, 47.400656314992311 ], [ -115.643831648332196, 47.377543314518284 ], [ -115.576848633056215, 47.366831320360895 ], [ -115.55138762379417, 47.350048322079118 ], [ -115.529314608292296, 47.299276320070696 ], [ -115.482672595511886, 47.281705323526332 ], [ -115.319994558195361, 47.256726338429736 ], [ -115.317137552007836, 47.23331133721986 ], [ -115.294798545325889, 47.220920338209218 ], [ -115.300517538564065, 47.188145335430761 ], [ -115.261898530177447, 47.181748338864061 ], [ -115.243720519582041, 47.150353338412707 ], [ -115.142663489030468, 47.101847344697326 ], [ -115.127048477856405, 47.067673343289933 ], [ -115.071459458299415, 47.026155345733621 ], [ -115.049551441609381, 46.970779344001478 ], [ -115.00128743241487, 46.971907348838059 ], [ -114.960610415468423, 46.930016349575787 ], [ -114.925156405995978, 46.918687352329066 ], [ -114.947426397618869, 46.85933034564286 ], [ -114.898948380438711, 46.823317347064283 ], [ -114.896139375435069, 46.802669345894621 ], [ -114.86528337159578, 46.814310349862531 ], [ -114.829130357773678, 46.782509351239604 ], [ -114.784777348152332, 46.780076355719444 ], [ -114.765140336924247, 46.745389354299817 ], [ -114.788609335200945, 46.713427349427356 ], [ -114.766903327357269, 46.696907350174669 ], [ -114.71305732047874, 46.715432356993603 ], [ -114.699021323179892, 46.740229360882758 ], [ -114.665341316230254, 46.739251364045991 ], [ -114.620872300377215, 46.707421365770742 ], [ -114.642726297155434, 46.673151361445086 ], [ -114.605282281783744, 46.635828361399767 ], [ -114.541835272624198, 46.649998369433654 ], [ -114.466915254039108, 46.631701375208536 ], [ -114.424787251466739, 46.660566381891492 ], [ -114.358070240207624, 46.671067388927973 ], [ -114.320678227292291, 46.646969390953473 ], [ -114.322607220021666, 46.610830387673417 ], [ -114.344243220419088, 46.5900753844683 ], [ -114.329776214725527, 46.576025384342032 ], [ -114.347959212727019, 46.551648380526537 ], [ -114.342872204873558, 46.518223378308967 ], [ -114.402854213629311, 46.49935037100996 ], [ -114.3684901937619, 46.437259369384108 ], [ -114.422471194208754, 46.387103359089998 ], [ -114.410056185770813, 46.360904358660967 ], [ -114.433491179678768, 46.305508351223047 ], [ -114.425600173921566, 46.287905350859035 ], [ -114.470492178623743, 46.267326344502465 ], [ -114.447758166983093, 46.231486343942905 ], [ -114.444028153311748, 46.169260339287803 ], [ -114.514719166966003, 46.167732331898286 ], [ -114.527167165262313, 46.145837329095912 ], [ -114.520966159822493, 46.125011328047485 ], [ -114.460062142029713, 46.097110331956166 ], [ -114.468542136567578, 46.062490328011158 ], [ -114.507645138213363, 46.031611321229455 ], [ -114.480254132915718, 46.030331324129143 ], [ -114.480270125215057, 45.992868320962955 ], [ -114.412020108926441, 45.978063326228643 ], [ -114.402304102735542, 45.957805325659628 ], [ -114.43117210341974, 45.935743320721556 ], [ -114.387687084717385, 45.884600321078203 ], [ -114.409656082972731, 45.851544316105517 ], [ -114.437676090572154, 45.862626313656165 ], [ -114.509316100978765, 45.845537305887085 ], [ -114.566185098114815, 45.773870294370788 ], [ -114.495434070202236, 45.70332729498373 ], [ -114.515195070770972, 45.684974291419763 ], [ -114.499065066360657, 45.679302292633913 ], [ -114.507767064020015, 45.65763228977675 ], [ -114.563665070501756, 45.637418283078368 ], [ -114.538145059811526, 45.606840282962764 ], [ -114.564851055868871, 45.557736276248079 ], [ -114.526088050142761, 45.570777280839508 ], [ -114.498190042044655, 45.555477281723626 ], [ -114.45616703516292, 45.562135286706294 ], [ -114.46401303286045, 45.545470284932385 ], [ -114.430133023640991, 45.529315286451514 ], [ -114.42657001887396, 45.511684285207991 ], [ -114.368533003678195, 45.492722288851844 ], [ -114.333230990913975, 45.459322289642429 ], [ -114.270629983377702, 45.484822297473947 ], [ -114.248133990264137, 45.545883304980002 ], [ -114.192814977768265, 45.536602309568472 ], [ -114.135261970172095, 45.557471317004676 ], [ -114.122334972923952, 45.584266320558982 ], [ -114.086596966620931, 45.591186324449318 ], [ -114.067631970416002, 45.627712329415381 ], [ -114.014985965398495, 45.654014337395772 ], [ -114.028239971906444, 45.675372337245591 ], [ -114.015645973637163, 45.696133340776896 ], [ -113.988151970187445, 45.705888344463141 ], [ -113.963679961345548, 45.689830345049231 ], [ -113.935027957187728, 45.694355348227958 ], [ -113.93113695156282, 45.672012346929677 ], [ -113.8953239394652, 45.644215347617767 ], [ -113.904703937007284, 45.622013345257713 ], [ -113.861416928033265, 45.623666349341029 ], [ -113.806741913191757, 45.602152352527995 ], [ -113.79667290689234, 45.581626352116622 ], [ -113.821449909301663, 45.565979348063351 ], [ -113.834560902564931, 45.520816342971507 ], [ -113.7660348888637, 45.520627348879401 ], [ -113.759841880229686, 45.480313346624314 ], [ -113.784172879919325, 45.454952341656544 ], [ -113.759547869877096, 45.427152341975386 ], [ -113.775885869299572, 45.408059338689718 ], [ -113.733104857521511, 45.390179341312411 ], [ -113.738741847157755, 45.329747334676455 ], [ -113.680325825384017, 45.279197335627309 ], [ -113.691996825068074, 45.262958333343505 ], [ -113.592532789969397, 45.184695335588785 ], [ -113.589692784208495, 45.155366333285492 ], [ -113.565990777949665, 45.149342335066748 ], [ -113.571693774714745, 45.123900332588732 ], [ -113.513354760874847, 45.115231336816166 ], [ -113.520146758340175, 45.093039334211085 ], [ -113.485290745483042, 45.063525335337786 ], [ -113.451982737993333, 45.059253338019992 ], [ -113.443874717985054, 44.959288329699305 ], [ -113.49875872531419, 44.942320322954338 ], [ -113.455083702709388, 44.865430319336284 ], [ -113.421964690669128, 44.83760532004549 ], [ -113.377165681845398, 44.834864324360886 ], [ -113.341288664777053, 44.78467032322083 ], [ -113.246906652957549, 44.822979334969062 ], [ -113.131465619873921, 44.77284334114524 ], [ -113.134836617672264, 44.752769338653856 ], [ -113.102141606241219, 44.729038339581358 ], [ -113.098131600127715, 44.69798133747662 ], [ -113.06777459003267, 44.67948033882724 ], [ -113.049363577171945, 44.629387335245319 ], [ -113.087863579736322, 44.599249329414285 ], [ -113.036760563519707, 44.564017330246159 ], [ -113.045514561593563, 44.543940328002989 ], [ -113.007042550758158, 44.525878329668338 ], [ -113.027160549099662, 44.495722324686703 ], [ -113.003556535972848, 44.450820323081331 ], [ -112.951158519390546, 44.416705324329321 ], [ -112.884679503368702, 44.402112328736671 ], [ -112.881781499276798, 44.380321327473915 ], [ -112.855407489949727, 44.35998132794591 ], [ -112.81274748473632, 44.377187332822224 ], [ -112.813284488142557, 44.398179335154516 ], [ -112.840533498742985, 44.425275335632037 ], [ -112.781306497227291, 44.484894346817235 ], [ -112.71794248757756, 44.504279353562069 ], [ -112.66070847271412, 44.485762357457439 ], [ -112.542001448017984, 44.483977368522041 ], [ -112.500322435554921, 44.463057369649704 ], [ -112.473219433188476, 44.480033374187151 ], [ -112.38690840982396, 44.447641378921226 ], [ -112.35893841068598, 44.486286384855156 ], [ -112.352521418508672, 44.538027390569319 ], [ -112.319210411721244, 44.539116393563617 ], [ -112.286199410368866, 44.568478399953278 ], [ -112.242797400819526, 44.568097403385408 ], [ -112.221710392715707, 44.543525402933696 ], [ -112.136466374297356, 44.539917410322658 ], [ -112.105776364779402, 44.520722410998133 ], [ -112.069023359503262, 44.537110416231172 ], [ -112.032811350550006, 44.528409418520013 ], [ -112.032719354019875, 44.546648420531838 ], [ -111.978798340939221, 44.535896424072575 ], [ -111.947953337622621, 44.556782428894181 ], [ -111.869228322855733, 44.565301436717007 ], [ -111.821500303526591, 44.509292435543237 ], [ -111.715486287260688, 44.543549449054169 ], [ -111.704230287686713, 44.560211451160953 ], [ -111.61441726649646, 44.548997458154012 ], [ -111.585775263201626, 44.562849462377635 ], [ -111.514262243482605, 44.536471466586889 ], [ -111.467963234061671, 44.53887347115402 ], [ -111.469330237733686, 44.557558472093916 ], [ -111.509155247239036, 44.56320046933407 ], [ -111.501256247124573, 44.572178471269176 ], [ -111.519138252743303, 44.582922470649976 ], [ -111.525776258374563, 44.604889471694491 ], [ -111.502948256900567, 44.626560476113596 ], [ -111.516600262861786, 44.6437134770784 ], [ -111.490538257656567, 44.642284479049806 ], [ -111.473188257522636, 44.66548548263453 ], [ -111.488396267816086, 44.706107485259921 ], [ -111.438810260239507, 44.720551491771339 ], [ -111.414285253682564, 44.710745492284012 ], [ -111.386006255561369, 44.755142499745745 ], [ -111.352989243372065, 44.726184499975098 ], [ -111.323638237629922, 44.729078502380787 ], [ -111.266384214526752, 44.666659501648731 ], [ -111.278130213617416, 44.651021499141763 ], [ -111.252692208779933, 44.651098501401684 ], [ -111.219248196709671, 44.622622501423528 ], [ -111.242292199645831, 44.61342349869507 ], [ -111.228008190624749, 44.576680496235205 ], [ -111.180785178830618, 44.569044499225427 ], [ -111.177058174752474, 44.550942498445139 ], [ -111.131737161949658, 44.532587500501123 ], [ -111.13945916084208, 44.51711549792546 ], [ -111.122666153072103, 44.49366549756482 ], [ -111.048986133871111, 44.474078501864021 ], [ -111.046700737452298, 42.001573242226286 ], [ -114.04173533911613, 41.993725992876186 ], [ -114.050611711850706, 37.000401450534454 ], [ -102.042098131346464, 36.993022201946488 ], [ -102.051726560549554, 41.002365800605723 ], [ -104.053259042498226, 41.001412657854488 ], [ -104.053038312536941, 43.000591920239316 ], [ -98.498558915132108, 42.998566336660332 ], [ -98.444153891864318, 42.929249331195585 ], [ -98.420748885941208, 42.931931332828157 ], [ -98.189819813817252, 42.841650335982365 ], [ -98.147117801725031, 42.839638339471151 ], [ -98.035079762316386, 42.764121336202685 ], [ -97.93675473801099, 42.775690345029865 ], [ -97.888655731252385, 42.817184354180121 ], [ -97.875539732698471, 42.85866336106232 ], [ -97.841974724948471, 42.868173364497416 ], [ -97.686485681215586, 42.842219371834183 ], [ -97.611819662900075, 42.858374379790646 ], [ -97.443764617160269, 42.846025389599752 ], [ -97.407417609687855, 42.868398395623551 ], [ -97.237876562875215, 42.853146405195851 ], [ -97.218054557071483, 42.845120405808039 ], [ -97.210134550235992, 42.809303400565625 ], [ -97.150771532646331, 42.795573402654462 ], [ -97.130265523643473, 42.77154840060409 ], [ -96.979128481868685, 42.760097409261519 ], [ -96.96158447239003, 42.719848404657043 ], [ -96.906805459579303, 42.733807410317581 ], [ -96.806221428252925, 42.704161413630814 ], [ -96.793243420410974, 42.666028408545728 ], [ -96.691276392188669, 42.656205414380402 ], [ -96.709832390276318, 42.605107405346303 ], [ -96.643593366940848, 42.557614402524436 ], [ -96.61149635202203, 42.506093397145918 ], [ -96.548797336964071, 42.520554404062494 ], [ -96.501327319383847, 42.482756401474262 ], [ -96.445491305250201, 42.490637406565291 ], [ -96.476270313679137, 42.489976404464635 ], [ -96.476056315862735, 42.507790406660376 ], [ -96.493578321082495, 42.515633406792347 ], [ -96.476968321907677, 42.55597941382171 ], [ -96.498552327771236, 42.558123412613078 ], [ -96.485805326789375, 42.575027415826796 ], [ -96.509461337887231, 42.612711420144024 ], [ -96.529945342542732, 42.610478417956045 ], [ -96.516092341894776, 42.630282422308802 ], [ -96.542373352476801, 42.66094142518169 ], [ -96.578407363293167, 42.671847424540339 ], [ -96.575188363750158, 42.682764426202965 ], [ -96.630162381318456, 42.705445425816208 ], [ -96.624422382881093, 42.725219429113395 ], [ -96.639493388237028, 42.736935429604614 ], [ -96.619270385062464, 42.754616433296121 ], [ -96.636390391467685, 42.769747434251236 ], [ -96.595222383356671, 42.792903440868365 ], [ -96.58147838559033, 42.83773344825331 ], [ -96.550330377013381, 42.837538450377046 ], [ -96.543493381451441, 42.883772458382325 ], [ -96.52529537746031, 42.891917460536305 ], [ -96.542938383447776, 42.903763460558288 ], [ -96.541291386080275, 42.923934463940881 ], [ -96.498971378968221, 42.957809471901413 ], [ -96.520846387484355, 42.980321474032266 ], [ -96.491989383809297, 43.010204479837974 ], [ -96.521310395075218, 43.039667482854782 ], [ -96.460750381597663, 43.06434449013836 ], [ -96.462328386541571, 43.092892494117201 ], [ -96.43648038271877, 43.120173499843439 ], [ -96.468507395727684, 43.15189450279366 ], [ -96.476662407215343, 43.221948512683078 ], [ -96.569186433071735, 43.232707507510945 ], [ -96.549203429922059, 43.24763351142613 ], [ -96.585349441998034, 43.268876511359004 ], [ -96.589282447136995, 43.295272515408058 ], [ -96.530153431799931, 43.300007520068952 ], [ -96.521742440716352, 43.386869533399675 ], [ -96.603064471174562, 43.450800537173784 ], [ -96.581092469613949, 43.481469542848082 ], [ -96.599199476577908, 43.500463544294057 ], [ -96.453268437085001, 43.50039755424536 ], [ -96.453105691380145, 45.300758808906188 ], [ -96.489073710079523, 45.357078813896543 ], [ -96.521795721812225, 45.37565281347306 ], [ -96.692549774990908, 45.417345807150106 ], [ -96.763440810254053, 45.520014815408025 ], [ -96.856842849444618, 45.605385819531449 ], [ -96.838656850472375, 45.647516826937618 ], [ -96.662603816472256, 45.738689852744528 ], [ -96.581178806838068, 45.823022869759193 ], [ -96.561342820397726, 45.945662888369831 ], [ -96.577874838487944, 46.027364897582295 ], [ -96.554419840311283, 46.084086907470564 ], [ -96.576644861337456, 46.173951916897913 ], [ -96.592690865812912, 46.175218916702974 ], [ -96.583769868178067, 46.208066921187616 ], [ -96.598737878285448, 46.242324924284894 ], [ -96.583723875422251, 46.249814926498999 ], [ -96.600410881674037, 46.261757927163323 ], [ -96.599387891949064, 46.329991936168788 ], [ -96.645202908271102, 46.350676935067952 ], [ -96.685363930039941, 46.414219940635405 ], [ -96.704589935872434, 46.418002939625438 ], [ -96.703277938395658, 46.437302941959857 ], [ -96.721861943919635, 46.439836940792375 ], [ -96.711619944155373, 46.459790944386384 ], [ -96.738883954845065, 46.478713945044099 ], [ -96.738268964996394, 46.539301952866246 ], [ -96.750124968485096, 46.540766952242727 ], [ -96.738723966065393, 46.543235953099874 ], [ -96.754405972775288, 46.556825954431751 ], [ -96.741758969979742, 46.564004955569118 ], [ -96.757508976290993, 46.577837956440042 ], [ -96.747274974335994, 46.582029957747977 ], [ -96.771587983172012, 46.596220957416342 ], [ -96.770851986338158, 46.61527796014127 ], [ -96.7913149938922, 46.6249789602061 ], [ -96.782187992406378, 46.631419962012117 ], [ -96.798183996746857, 46.629473959798887 ], [ -96.785823994422259, 46.640530962188159 ], [ -96.802050003478499, 46.667858964762814 ], [ -96.784075001615733, 46.685277968625265 ], [ -96.791206008864549, 46.718881972559743 ], [ -96.779145007282068, 46.726649973909318 ], [ -96.789798015477288, 46.756708977298587 ], [ -96.777859012781946, 46.761595978506115 ], [ -96.789528017092749, 46.766031978585858 ], [ -96.77546201305195, 46.76675898003635 ], [ -96.796765020122976, 46.777006979236802 ], [ -96.78714501952274, 46.785658980804968 ], [ -96.802553028207825, 46.811528983444902 ], [ -96.780280024284025, 46.825770987310229 ], [ -96.793968029218746, 46.833071986619224 ], [ -96.775368025215982, 46.838870989157911 ], [ -96.781193033329913, 46.879283994185322 ], [ -96.768438029769726, 46.879515995127569 ], [ -96.776722034588488, 46.895626996678793 ], [ -96.753266033113164, 46.924571001532534 ], [ -96.791767044729625, 46.928472999074579 ], [ -96.804671051247652, 46.947476000893388 ], [ -96.79505405153769, 46.965846003995672 ], [ -96.822673060163766, 46.970028001849926 ], [ -96.820985064820519, 47.003334007039655 ], [ -96.839557070874733, 47.006736005508955 ], [ -96.812668068949279, 47.038642011800114 ], [ -96.830395077664022, 47.060831013065517 ], [ -96.816200081907226, 47.10848902011849 ], [ -96.837573090142087, 47.121988020328104 ], [ -96.820732086356784, 47.130377022892283 ], [ -96.841256096142388, 47.151864023834598 ], [ -96.822368092049501, 47.156349025892908 ], [ -96.833493098150342, 47.176652027686281 ], [ -96.821564096405268, 47.184322029885756 ], [ -96.844856103929757, 47.193588029340653 ], [ -96.827176100681044, 47.20132403145265 ], [ -96.845797108970899, 47.220118032110584 ], [ -96.828681106743886, 47.233294035726821 ], [ -96.847457116735015, 47.261941037838838 ], [ -96.834714113508056, 47.266163038938807 ], [ -96.847687118218161, 47.271255038647602 ], [ -96.830669119779856, 47.30607404483294 ], [ -96.846985125717438, 47.315842044664521 ], [ -96.828773122837077, 47.328003047295788 ], [ -96.84579512747527, 47.328045046078827 ], [ -96.830652125545015, 47.338794048821015 ], [ -96.858215137674804, 47.367538050200103 ], [ -96.837150133177289, 47.37129905223334 ], [ -96.854631137953533, 47.373788051716801 ], [ -96.837474136084921, 47.389535054611322 ], [ -96.852723143176576, 47.40610205595604 ], [ -96.842082141494018, 47.411746056994502 ], [ -96.87177215057055, 47.419014055253427 ], [ -96.852825147925103, 47.432038059177863 ], [ -96.863628155265403, 47.457018061397712 ], [ -96.851955155333044, 47.479063064597639 ], [ -96.868528160621196, 47.478481063333916 ], [ -96.852167157450523, 47.486359065612476 ], [ -96.865049161593831, 47.491659065042228 ], [ -96.842289158107945, 47.508644068972494 ], [ -96.871181169941167, 47.52727606936692 ], [ -96.845332164271795, 47.538760072780107 ], [ -96.861758172743407, 47.559287074565894 ], [ -96.847508169327412, 47.566234075892226 ], [ -96.868943175604755, 47.567010074976423 ], [ -96.85157717148023, 47.568663076368594 ], [ -96.85102117611612, 47.598516079986531 ], [ -96.879735188199618, 47.619344080302689 ], [ -96.885125199688602, 47.67381608688634 ], [ -96.930982219474032, 47.715555087760485 ], [ -96.918422217411532, 47.724049090337026 ], [ -96.934892230215297, 47.767217094000067 ], [ -96.991587252741823, 47.808195094742835 ], [ -96.974137250757934, 47.823482097958689 ], [ -96.998346261215929, 47.841940098723768 ], [ -97.001837266912233, 47.868142101318668 ], [ -97.023151273910358, 47.874071100343215 ], [ -97.017863280542201, 47.919919106446187 ], [ -97.055350296294719, 47.947523107230623 ], [ -97.07226631877792, 48.048076118384664 ], [ -97.104492332718394, 48.072436117958304 ], [ -97.101885336558524, 48.095904121406576 ], [ -97.123211344123433, 48.106658121374814 ], [ -97.133477352967986, 48.137109123783972 ], [ -97.122885350351154, 48.139758124830806 ], [ -97.146514357134919, 48.142228123781756 ], [ -97.120977353593958, 48.159560127778498 ], [ -97.147519363106667, 48.170580127019036 ], [ -97.129286364077757, 48.208385132749413 ], [ -97.13930536912153, 48.216763133493622 ], [ -97.117847361499727, 48.209772133970823 ], [ -97.13906436969026, 48.221960133690907 ], [ -97.152199373443679, 48.219644132542037 ], [ -97.137200370463475, 48.226959134759369 ], [ -97.12069936528664, 48.224762135258757 ], [ -97.144654373086951, 48.233570134950945 ], [ -97.122963372825311, 48.261674140272056 ], [ -97.145041380463141, 48.268774139383218 ], [ -97.116579374032753, 48.27966914276513 ], [ -97.137343381888286, 48.291765142758223 ], [ -97.112240376376974, 48.296480145202224 ], [ -97.137758385590061, 48.309737144523325 ], [ -97.115590382217292, 48.323936148168031 ], [ -97.141724390010026, 48.325737146545002 ], [ -97.125929388373237, 48.340587149186256 ], [ -97.156270401425573, 48.365586149623645 ], [ -97.133350397794928, 48.382204153660581 ], [ -97.163385408378076, 48.392865153074915 ], [ -97.131184401802756, 48.407289157160342 ], [ -97.154003410369413, 48.418129156452871 ], [ -97.122592401741983, 48.41792915879995 ], [ -97.145882410128138, 48.431156158702244 ], [ -97.124833406780382, 48.441904161869978 ], [ -97.15064241335601, 48.440824159258668 ], [ -97.128553411056359, 48.460309163584391 ], [ -97.147427418560483, 48.47276116398757 ], [ -97.128172414001156, 48.474370165335031 ], [ -97.162677423801469, 48.477791163265984 ], [ -97.131509416895682, 48.489014166752504 ], [ -97.150276426744455, 48.511608168441484 ], [ -97.126767422165145, 48.52016517123392 ], [ -97.152432429502028, 48.520372168781051 ], [ -97.141367428864186, 48.535460172134492 ], [ -97.165993438160001, 48.548940171018458 ], [ -97.138960431507499, 48.555128174288797 ], [ -97.175432443297268, 48.561965171709176 ], [ -97.149179437216318, 48.570022174995337 ], [ -97.160640443147074, 48.580944175409641 ], [ -97.143900438281591, 48.582120177216353 ], [ -97.154036443440091, 48.595414177694231 ], [ -97.134300440106173, 48.607408180805429 ], [ -97.150658446267826, 48.611684180196271 ], [ -97.119504438293006, 48.618568183615615 ], [ -97.131149444153976, 48.631481184336501 ], [ -97.109459438005132, 48.632477186327634 ], [ -97.115701442133982, 48.644569187309969 ], [ -97.098700440637344, 48.66100319043332 ], [ -97.109238444570607, 48.664258189865542 ], [ -97.090322442163568, 48.684412194272674 ], [ -97.119913454082308, 48.701256193581095 ], [ -97.110121452486396, 48.707986195295689 ], [ -97.153804473623566, 48.754001196760917 ], [ -97.147478477635289, 48.781449201001472 ], [ -97.174050487154275, 48.793887200080285 ], [ -97.163270485583936, 48.80058720138895 ], [ -97.181649489893175, 48.798525199842487 ], [ -97.158127486243473, 48.810327203384524 ], [ -97.190283496190403, 48.815143201225744 ], [ -97.173893495534813, 48.838001205424938 ], [ -97.190582505128802, 48.864287207060549 ], [ -97.177823504368078, 48.875647209948596 ], [ -97.19940351116739, 48.881121208515459 ], [ -97.190027511483009, 48.895524210616536 ], [ -97.234005534101513, 48.9474422133096 ], [ -97.228731542528635, 49.000570220312611 ] ] ] } },
{ "type": "Feature", "properties": { "Shape_Length": 91.005240012243036, "Shape_Area": 105.08682629141789, "OBJECTID": 10, "EPAREGION": "Region 9" }, "geometry": { "type": "MultiPolygon", "coordinates": [ [ [ [ -168.135820908799161, -14.599672020554575 ], [ -168.102246901239397, -14.554027031249515 ], [ -168.11118289015289, -14.508118032336441 ], [ -168.152245878886589, -14.477841025094035 ], [ -168.186798877389322, -14.483243017314216 ], [ -168.224546882625589, -14.524503007041865 ], [ -168.218004894332694, -14.575123004704551 ], [ -168.195131901703945, -14.597064008207225 ], [ -168.135820908799161, -14.599672020554575 ] ] ], [ [ [ -170.606370553305538, -14.197728524192071 ], [ -170.641678545101342, -14.176928518829182 ], [ -170.676657541065396, -14.178329511193153 ], [ -170.750017546302644, -14.241227489866514 ], [ -170.840288540356624, -14.258010469948479 ], [ -170.881862544341629, -14.298476457805856 ], [ -170.883715553974952, -14.34268645372703 ], [ -170.774361582021641, -14.413134470533887 ], [ -170.739036587290315, -14.419942477555065 ], [ -170.660407585611608, -14.371373498654261 ], [ -170.637480580889331, -14.336906505981849 ], [ -170.509456593954923, -14.328755533795123 ], [ -170.490358585557146, -14.282467542004079 ], [ -170.510615571812565, -14.232122541289719 ], [ -170.536795563057581, -14.204332538014606 ], [ -170.606370553305538, -14.197728524192071 ] ] ], [ [ [ -169.575669649537133, -14.113637748611987 ], [ -169.70233363731046, -14.120337720920459 ], [ -169.722589640892664, -14.143657715553967 ], [ -169.722821650934492, -14.189362711662437 ], [ -169.672688665454586, -14.232878719299167 ], [ -169.608663674382456, -14.237907732381041 ], [ -169.566864674925625, -14.221471741780519 ], [ -169.558889684191513, -14.258909741283325 ], [ -169.500017702795475, -14.31300774970622 ], [ -169.408993711465001, -14.310020769138216 ], [ -169.380259711669424, -14.294808776358062 ], [ -169.367055701867201, -14.244892782389664 ], [ -169.377222685996685, -14.181248785447643 ], [ -169.500017670014302, -14.166044760910866 ], [ -169.547026668574546, -14.184325749029218 ], [ -169.575669649537133, -14.113637748611987 ] ] ], [ [ [ -171.048881853762765, -11.109286699957231 ], [ -171.01139485255004, -11.078135710607341 ], [ -171.019295837808698, -11.012241715104276 ], [ -171.111416826236081, -11.003784697473634 ], [ -171.13747082843372, -11.03008369055093 ], [ -171.133887840179, -11.090526685207765 ], [ -171.048881853762765, -11.109286699957231 ] ] ], [ [ [ 144.995571165591997, 13.627444832822439 ], [ 144.940508182493488, 13.650578828055698 ], [ 144.889148198384447, 13.69822881467973 ], [ 144.845288210974331, 13.705093814316552 ], [ 144.789593224548412, 13.653318832839016 ], [ 144.74999523186986, 13.551898866545987 ], [ 144.725463237977067, 13.531745873488562 ], [ 144.616563267756987, 13.513084883844106 ], [ 144.576677277416053, 13.48106589561967 ], [ 144.563969279539776, 13.438910909696453 ], [ 144.593035268854578, 13.392429922682103 ], [ 144.577974271271785, 13.334575941767241 ], [ 144.608370259627804, 13.270618960045827 ], [ 144.5899372628582, 13.228914974333211 ], [ 144.606391256533072, 13.195655983672244 ], [ 144.638228247447984, 13.182341986784145 ], [ 144.736936219679734, 13.194143979160796 ], [ 144.802728204191624, 13.251186958622688 ], [ 144.820189200296937, 13.288350945995591 ], [ 144.826589202649387, 13.381456916853111 ], [ 144.972033166817283, 13.500006873825663 ], [ 145.009162160157985, 13.591148843447895 ], [ 144.995571165591997, 13.627444832822439 ] ] ], [ [ [ 145.351698091821731, 14.244416626150114 ], [ 145.216785130273649, 14.261921625615713 ], [ 145.102996160045194, 14.206851647355265 ], [ 145.058961169018005, 14.125006674784485 ], [ 145.077741161079871, 14.060415694139163 ], [ 145.177983131246265, 14.036571697922524 ], [ 145.273920105892017, 14.064001685171704 ], [ 145.339636089120233, 14.108282669346321 ], [ 145.371408082964138, 14.170132648408092 ], [ 145.364991087042938, 14.226615631358413 ], [ 145.351698091821731, 14.244416626150114 ] ] ], [ [ [ 145.750065013163578, 15.066610355520618 ], [ 145.808693997666694, 15.078973349459057 ], [ 145.837407991647268, 15.120077335390331 ], [ 145.87915798088585, 15.145102326286443 ], [ 145.879844981885469, 15.193264311001009 ], [ 145.909359977253501, 15.274090285372232 ], [ 145.852809996198687, 15.351896263055213 ], [ 145.802849010413638, 15.3578402628447 ], [ 145.752057022895315, 15.327022274008996 ], [ 145.691697036474807, 15.247021301711476 ], [ 145.68696503617852, 15.197371317361059 ], [ 145.648309044477003, 15.138674336255223 ], [ 145.572598064773899, 15.125024343342567 ], [ 145.535017074685783, 15.089220355910312 ], [ 145.513214077256521, 15.000006384745257 ], [ 145.562886059975909, 14.934290403541015 ], [ 145.499995076482492, 14.906096414909715 ], [ 145.476068082133196, 14.878448423754421 ], [ 145.467843083004311, 14.837091437208503 ], [ 145.482676077001145, 14.79921344816872 ], [ 145.532620062022289, 14.772695454728261 ], [ 145.59171204598465, 14.781437450019324 ], [ 145.653121031818614, 14.857372423901769 ], [ 145.694669021310432, 14.873136417749397 ], [ 145.730759012668216, 14.917302402437807 ], [ 145.750065013163578, 15.066610355520618 ] ] ], [ [ [ 146.088154953712291, 15.952961068654993 ], [ 146.146918939452661, 16.00000605147531 ], [ 146.15191493926207, 16.051879035192485 ], [ 146.124994948498397, 16.085483025851495 ], [ 146.05076996925834, 16.093374026541177 ], [ 146.001988980042142, 16.028790047579065 ], [ 146.010708975595776, 15.970676065316825 ], [ 146.044436965848092, 15.947899071236954 ], [ 146.088154953712291, 15.952961068654993 ] ] ], [ [ [ 145.693190075139967, 16.274000981984592 ], [ 145.767632056477964, 16.323970964268401 ], [ 145.782817053251335, 16.359922953082904 ], [ 145.770871057946721, 16.412285936386471 ], [ 145.720749073922264, 16.448289927071432 ], [ 145.6249951002643, 16.442504932387568 ], [ 145.571321113475079, 16.401998946719658 ], [ 145.560079113997006, 16.341254966147201 ], [ 145.575067109045705, 16.305820976680401 ], [ 145.60379710065186, 16.289369980311534 ], [ 145.693190075139967, 16.274000981984592 ] ] ], [ [ [ 145.790507061120564, 16.631295868081295 ], [ 145.85493204389121, 16.660130857551021 ], [ 145.868490042628963, 16.725085836738149 ], [ 145.843545050866595, 16.765879824746285 ], [ 145.792381065449064, 16.791976818493538 ], [ 145.722181084211485, 16.764001829013772 ], [ 145.700022088257782, 16.710902846403929 ], [ 145.721840080818794, 16.651851864019857 ], [ 145.790507061120564, 16.631295868081295 ] ] ], [ [ [ 145.869072065338429, 17.394051629417707 ], [ 145.80156708334232, 17.386992633721292 ], [ 145.761303093112787, 17.336312650007532 ], [ 145.774205087031049, 17.273083669902494 ], [ 145.827378071325654, 17.228681681258397 ], [ 145.890713053991703, 17.24331767518666 ], [ 145.925811045872109, 17.297134657067904 ], [ 145.927298047740919, 17.358047638585273 ], [ 145.869072065338429, 17.394051629417707 ] ] ], [ [ [ 145.84682607580433, 17.51560559244259 ], [ 145.909547058792384, 17.54796457986609 ], [ 145.923237057546942, 17.625005556026036 ], [ 145.89393006765772, 17.680308539614582 ], [ 145.828113086265574, 17.690822538461799 ], [ 145.785430097633395, 17.668527546447038 ], [ 145.746778105331174, 17.576817576346251 ], [ 145.801128088360514, 17.520513592023068 ], [ 145.84682607580433, 17.51560559244259 ] ] ], [ [ [ 145.84896509796522, 18.228033371361455 ], [ 145.759518123450704, 18.241092369552319 ], [ 145.700025138026348, 18.199749384100382 ], [ 145.660316146317058, 18.119204410083192 ], [ 145.645599148373208, 18.045701434157813 ], [ 145.664017142496533, 18.009257444240923 ], [ 145.695381132533242, 17.989841449699302 ], [ 145.744095118867335, 17.986045449763612 ], [ 145.844232093768056, 18.045540428185959 ], [ 145.87499508607749, 18.086600414088444 ], [ 145.89064708445926, 18.155071392463988 ], [ 145.880282087870398, 18.186375383247601 ], [ 145.84896509796522, 18.228033371361455 ] ] ], [ [ [ 145.68461915645122, 18.657845242590987 ], [ 145.736612143043175, 18.687910231541178 ], [ 145.764325136748027, 18.731637217432038 ], [ 145.764917138825695, 18.795571197960587 ], [ 145.709969155777287, 18.872408175665054 ], [ 145.624995180034546, 18.87500517730146 ], [ 145.575392191675093, 18.820434195319596 ], [ 145.569811190996603, 18.751551216697653 ], [ 145.608605178401547, 18.682283237213451 ], [ 145.68461915645122, 18.657845242590987 ] ] ], [ [ [ 145.42749325497789, 19.590963960088825 ], [ 145.454973247846851, 19.604883954889413 ], [ 145.488401240128297, 19.656983938405816 ], [ 145.493196239753246, 19.695477926244408 ], [ 145.435273257321143, 19.755619908969017 ], [ 145.367150276145111, 19.759407908785334 ], [ 145.306328291513296, 19.698409929371422 ], [ 145.312959288457563, 19.653692943109508 ], [ 145.343055279057467, 19.607703956453467 ], [ 145.42749325497789, 19.590963960088825 ] ] ], [ [ [ 145.249995314303561, 19.948550853639386 ], [ 145.305678300495742, 20.000004835822551 ], [ 145.31496029876584, 20.032966825561918 ], [ 145.29971130303494, 20.065840815453218 ], [ 145.233604322531363, 20.10267080608725 ], [ 145.146161346234749, 20.076393815943373 ], [ 145.131880348955661, 20.039565828221281 ], [ 145.142596344993876, 19.986259844169169 ], [ 145.183116332607852, 19.951915853798425 ], [ 145.249995314303561, 19.948550853639386 ] ] ], [ [ [ -155.774832482331988, 20.298648447776806 ], [ -155.860967480481349, 20.320287448722659 ], [ -155.912493479609623, 20.30323144988051 ], [ -155.942395478817389, 20.271631452483795 ], [ -155.960832480137412, 20.19773245606277 ], [ -155.948002482029239, 20.123789459762708 ], [ -155.884325485613289, 20.018330463070157 ], [ -155.938897485694582, 19.961521466786781 ], [ -155.962441485549903, 19.90915547047171 ], [ -156.012405484704004, 19.889756471704128 ], [ -156.095686484547315, 19.815016477416037 ], [ -156.120015485430343, 19.727179482126502 ], [ -156.078606489424573, 19.625004485997017 ], [ -156.030291491124018, 19.587481486727729 ], [ -156.012878493721587, 19.500003490871247 ], [ -155.943227499690437, 19.344230497086226 ], [ -155.974752503868558, 19.130164508131752 ], [ -155.954078506291609, 19.053625510595424 ], [ -155.916348508931691, 19.000002512517224 ], [ -155.739985515090808, 18.916894512456317 ], [ -155.705987517773934, 18.870304513723024 ], [ -155.663009519085023, 18.866162512494135 ], [ -155.557484519407154, 18.943445506324444 ], [ -155.500016516792272, 19.064341499777356 ], [ -155.466111517149102, 19.095355496990674 ], [ -155.325391518544365, 19.171283490742216 ], [ -155.268419518223055, 19.219498487652775 ], [ -155.175631520468897, 19.21138948606826 ], [ -154.939677522674174, 19.312837476496579 ], [ -154.786146522879363, 19.440379467025735 ], [ -154.755852521211096, 19.520787463202481 ], [ -154.778308520319001, 19.55989846252686 ], [ -154.881442517356533, 19.619954461722116 ], [ -154.928949514344254, 19.673608460651167 ], [ -154.93186751391994, 19.715471458613322 ], [ -154.963857511529113, 19.769192457581976 ], [ -155.033329509902387, 19.793424457503736 ], [ -155.031634508264631, 19.875003454124769 ], [ -155.140344503943084, 19.989484451468055 ], [ -155.252413499682916, 20.063451450108005 ], [ -155.400233494841927, 20.134031448827255 ], [ -155.582101489463895, 20.181319450578844 ], [ -155.774832482331988, 20.298648447776806 ] ] ], [ [ [ 144.898665425167877, 20.464123701001689 ], [ 144.963844408147764, 20.500004688264173 ], [ 144.977481406182108, 20.562259668856242 ], [ 144.941409416764799, 20.608326655524703 ], [ 144.863285438615804, 20.612999655475409 ], [ 144.821062450307124, 20.578106667074586 ], [ 144.816033449531204, 20.523299684816038 ], [ 144.845050440125362, 20.474073699312981 ], [ 144.898665425167877, 20.464123701001689 ] ] ], [ [ [ -156.868488440504109, 20.9643824305737 ], [ -157.035282434796926, 20.98330543207183 ], [ -157.088849434173255, 20.958400434117372 ], [ -157.111241433161155, 20.931233435884813 ], [ -157.112692434362401, 20.875003438734794 ], [ -157.075221435950482, 20.827302440861985 ], [ -157.048083437311647, 20.820548440551789 ], [ -157.03815943889478, 20.750003444863466 ], [ -157.000014441008403, 20.696898447132025 ], [ -156.875014445280584, 20.690968445512475 ], [ -156.782316446834841, 20.750003441107864 ], [ -156.750014446539467, 20.807608437408216 ], [ -156.757473446051677, 20.850774435600027 ], [ -156.868488440504109, 20.9643824305737 ] ] ], [ [ [ -156.454943453083416, 20.972144424631487 ], [ -156.490742450826019, 21.035438421396869 ], [ -156.591045447333443, 21.092414420209465 ], [ -156.670438445277682, 21.076696422076967 ], [ -156.732180444375047, 21.010936426394782 ], [ -156.75236944530468, 20.924135431383139 ], [ -156.728629446862641, 20.851702434771671 ], [ -156.625014451488028, 20.750003438808324 ], [ -156.511884455006623, 20.73538943758923 ], [ -156.49574245645249, 20.691583439397007 ], [ -156.549639455196314, 20.658033442529359 ], [ -156.597748453714587, 20.657882443494419 ], [ -156.733659451159639, 20.581847448801692 ], [ -156.755756451390198, 20.535279451725742 ], [ -156.750014452633764, 20.454338456432719 ], [ -156.533470459003013, 20.462983452732988 ], [ -156.483370459536047, 20.51317044884695 ], [ -156.484524458494832, 20.579086445458824 ], [ -156.437398460903012, 20.543932446892111 ], [ -156.375014462122238, 20.528988446417667 ], [ -156.290486464886982, 20.536898444331861 ], [ -156.195622466425505, 20.577154441029659 ], [ -156.135284468193873, 20.569846440701614 ], [ -156.025929470953344, 20.606263436654853 ], [ -155.949660471845391, 20.67683543272102 ], [ -155.928115470910001, 20.724795429399581 ], [ -155.926799470485491, 20.781738427397464 ], [ -155.959005467680157, 20.875003422721463 ], [ -156.000014467367322, 20.875003423283918 ], [ -156.00001446772427, 20.852126424348352 ], [ -156.032303466486098, 20.859861424979403 ], [ -156.136372463184898, 20.917440423080755 ], [ -156.195310460044709, 20.971505421425388 ], [ -156.268592458198839, 21.003754420431967 ], [ -156.339232455545982, 21.004198421125256 ], [ -156.404922454520857, 20.974184423505505 ], [ -156.454943453083416, 20.972144424631487 ] ] ], [ [ [ -157.030177431400944, 21.243953416988152 ], [ -157.272200423401358, 21.276567418370391 ], [ -157.30526642221372, 21.252884419752782 ], [ -157.31168942299405, 21.204131422676998 ], [ -157.3656784217942, 21.125003428342694 ], [ -157.363799422917367, 21.092361429469115 ], [ -157.321258424600018, 21.050679431881427 ], [ -157.231452427658155, 21.043102430653857 ], [ -157.077570432702942, 21.058361428181815 ], [ -156.87793744024043, 20.993367429372771 ], [ -156.750014442882872, 21.043833424748033 ], [ -156.652739444605373, 21.125003419328095 ], [ -156.659579444264807, 21.181910416414858 ], [ -156.722090441250486, 21.226065414043855 ], [ -156.91029343595477, 21.229574416055009 ], [ -156.927414434982637, 21.256581415540282 ], [ -156.971303432932075, 21.274368415144451 ], [ -157.030177431400944, 21.243953416988152 ] ] ], [ [ [ -160.530843281740346, 21.601067433925628 ], [ -160.484938283763313, 21.632433431401147 ], [ -160.483210282899648, 21.665189428609274 ], [ -160.508805281547268, 21.703241426215364 ], [ -160.550323279281457, 21.71206742560458 ], [ -160.591883277564989, 21.685861428219866 ], [ -160.600379277268814, 21.649272430902862 ], [ -160.570742279572187, 21.606667434083818 ], [ -160.530843281740346, 21.601067433925628 ] ] ], [ [ [ -157.860225397622258, 21.66554740183863 ], [ -157.92422739428855, 21.743454397608382 ], [ -157.991762391603459, 21.762968396719511 ], [ -158.057158389771615, 21.735486398848913 ], [ -158.148860387593913, 21.642002405886938 ], [ -158.311959380948537, 21.621783409019177 ], [ -158.335062380851326, 21.604576410046018 ], [ -158.342165380361251, 21.564289412830469 ], [ -158.298667383013509, 21.524721414904167 ], [ -158.301367382761271, 21.496821417009588 ], [ -158.228866387412836, 21.375634423626735 ], [ -158.183267389366733, 21.345938425176897 ], [ -158.164368391004047, 21.27233842948926 ], [ -158.142268392885683, 21.246840430368302 ], [ -158.110091394275088, 21.237074430774758 ], [ -157.963569399186071, 21.257741427489783 ], [ -157.898670401800359, 21.249942427247888 ], [ -157.859081403733143, 21.213138428782774 ], [ -157.810243405432431, 21.199241429365429 ], [ -157.745325407591423, 21.221674427498755 ], [ -157.67579141059025, 21.213804426609236 ], [ -157.607707412052662, 21.269137422820339 ], [ -157.598736411586032, 21.326127418736469 ], [ -157.652165407978543, 21.439110413112779 ], [ -157.640763408382867, 21.462698411170365 ], [ -157.650563407326729, 21.485093410273784 ], [ -157.702627404812517, 21.518712408744474 ], [ -157.750938403358447, 21.516461409912552 ], [ -157.802063401142135, 21.590102405242025 ], [ -157.844163399051638, 21.621807404436627 ], [ -157.860225397622258, 21.66554740183863 ] ] ], [ [ [ -160.028810303319602, 21.875002408263871 ], [ -160.027516302465443, 21.931217404671649 ], [ -159.997219303690741, 21.992513400039492 ], [ -160.056736299971874, 22.068348394692652 ], [ -160.123836296339675, 22.08155939467024 ], [ -160.151447295038224, 22.060518396511455 ], [ -160.174025295290505, 21.991482401792137 ], [ -160.279961290038102, 21.920641407488489 ], [ -160.304374290307351, 21.853798413086636 ], [ -160.298540291169957, 21.790503417173124 ], [ -160.265792293088282, 21.74618342046373 ], [ -160.186209297324325, 21.73214942101739 ], [ -160.155289298091731, 21.757158418328146 ], [ -160.122029299397781, 21.824963412918422 ], [ -160.059422301902487, 21.845597410861181 ], [ -160.028810303319602, 21.875002408263871 ] ] ], [ [ [ -159.375014329801814, 22.280341373843896 ], [ -159.574897321181908, 22.282953375913767 ], [ -159.750014313393791, 22.199452382483692 ], [ -159.848138309512791, 22.0760763926388 ], [ -159.843623310902387, 22.000003398217821 ], [ -159.793615313608939, 21.939783402151967 ], [ -159.711728317799071, 21.907560403420682 ], [ -159.624783323103685, 21.843877406660766 ], [ -159.449539331290538, 21.817439407133961 ], [ -159.403914332663931, 21.834956405689521 ], [ -159.284368336846825, 21.940640397494185 ], [ -159.283725336127418, 22.018504391839556 ], [ -159.24194033735921, 22.118904384832842 ], [ -159.26553133529012, 22.20391837854104 ], [ -159.320905332772696, 22.258885375660256 ], [ -159.375014329801814, 22.280341373843896 ] ] ], [ [ [ -161.871459196034891, 23.023479330564101 ], [ -161.859970196368494, 23.075662325983433 ], [ -161.887589194829104, 23.110387323715223 ], [ -161.944676191730622, 23.111900323402352 ], [ -161.982538189107686, 23.091278324870089 ], [ -161.985459188948965, 23.041134329780181 ], [ -161.955185191433401, 23.009172332421588 ], [ -161.894233194583109, 23.009433331609294 ], [ -161.871459196034891, 23.023479330564101 ] ] ], [ [ [ -164.696329007684398, 23.517050293629445 ], [ -164.654038011121997, 23.535224291669962 ], [ -164.644623010989307, 23.594543285535007 ], [ -164.682644008712998, 23.622809283158521 ], [ -164.724644005320442, 23.621073283376543 ], [ -164.758106002758922, 23.598955285490391 ], [ -164.762624002211965, 23.558512289693844 ], [ -164.750014003542162, 23.536149291251252 ], [ -164.696329007684398, 23.517050293629445 ] ] ], [ [ [ -166.229289887820585, 23.927010252766124 ], [ -166.307085881626989, 23.924886253100954 ], [ -166.365633877012215, 23.894210256457733 ], [ -166.383300875499856, 23.875003258651869 ], [ -166.384489875413408, 23.831995263007062 ], [ -166.356355877180079, 23.805948266138774 ], [ -166.313587880659725, 23.803739266089593 ], [ -166.323755880219323, 23.770977269681605 ], [ -166.302620882240376, 23.728669273818671 ], [ -166.265602885122121, 23.713143276217348 ], [ -166.226795888329889, 23.72744727414922 ], [ -166.205428890449724, 23.691604278022574 ], [ -166.229884888570581, 23.654385282513097 ], [ -166.224251888355809, 23.614794286641047 ], [ -166.194422891241203, 23.589534289048373 ], [ -166.151168894786963, 23.590467288715743 ], [ -166.112639898139122, 23.616628286264952 ], [ -166.132967895786237, 23.684706278906436 ], [ -166.105894898612576, 23.713539275319405 ], [ -166.106793897683104, 23.742525272519483 ], [ -166.148184894656993, 23.785482267726287 ], [ -166.16975289280802, 23.837425262634035 ], [ -166.170460892984636, 23.888455256881187 ], [ -166.229289887820585, 23.927010252766124 ] ] ], [ [ [ -167.947895742311999, 25.009489127034993 ], [ -168.000013737347984, 25.052243122048147 ], [ -168.046590733289122, 25.031275124122438 ], [ -168.058400731593366, 24.98788812848176 ], [ -168.037764734080298, 24.959718132354446 ], [ -167.983550738107539, 24.949268133957599 ], [ -167.953698741142006, 24.964389131745907 ], [ -167.947895742311999, 25.009489127034993 ] ] ], [ [ [ -171.750013364269734, 25.834364998308839 ], [ -171.786991359288407, 25.822304000173272 ], [ -171.807060356648577, 25.767136006812091 ], [ -171.77016336032986, 25.718202014495919 ], [ -171.718445366004403, 25.70949801576004 ], [ -171.680488371020743, 25.736755012001485 ], [ -171.669375372887572, 25.793911004105212 ], [ -171.688289370948411, 25.823771000013625 ], [ -171.750013364269734, 25.834364998308839 ] ] ], [ [ [ -174.000705104099751, 26.135695937148736 ], [ -174.049633097843213, 26.116580940337098 ], [ -174.067387095459623, 26.059616948689904 ], [ -174.046106097314663, 26.002308956820382 ], [ -174.006417101916838, 25.990291958719801 ], [ -173.925981112390815, 26.019629955320575 ], [ -173.90337111517897, 26.060058949603082 ], [ -173.929101112969022, 26.120141940423899 ], [ -174.000705104099751, 26.135695937148736 ] ] ], [ [ [ -175.741154911960024, 28.000254630551947 ], [ -175.806745902863213, 28.007194628257484 ], [ -175.981451878226608, 27.913220640490703 ], [ -175.988886876432758, 27.861906648272534 ], [ -175.921040884658368, 27.821441655786508 ], [ -176.000012873990755, 27.835346652369005 ], [ -176.036645868969572, 27.807144656157082 ], [ -176.039639867197451, 27.758244664345213 ], [ -176.000012871556919, 27.709308672417183 ], [ -175.939500879274135, 27.688233676951004 ], [ -175.845062892940604, 27.728459671736889 ], [ -175.734146907314482, 27.7388576719495 ], [ -175.664074919485756, 27.894064648339601 ], [ -175.68154591839496, 27.958561638157743 ], [ -175.741154911960024, 28.000254630551947 ] ] ], [ [ [ -178.23848157611593, 28.456152514034972 ], [ -178.304360567992006, 28.513265502863579 ], [ -178.375012557570756, 28.510086502145157 ], [ -178.427590549023847, 28.46610450843578 ], [ -178.440498545706618, 28.405174519165691 ], [ -178.395622551622523, 28.341903530337483 ], [ -178.288907566698953, 28.328812534107204 ], [ -178.250012572309913, 28.347153532092271 ], [ -178.233030575547104, 28.375002527696367 ], [ -178.23848157611593, 28.456152514034972 ] ] ], [ [ [ -118.57834916720131, 33.086247730342095 ], [ -118.654375179355256, 33.074956725090395 ], [ -118.678563180027112, 33.026360718479324 ], [ -118.670185176152089, 33.000038715314204 ], [ -118.644744172340651, 33.000037716601149 ], [ -118.59694215622261, 32.89047070737265 ], [ -118.546738142511529, 32.820685701725104 ], [ -118.436550118931436, 32.750044699111022 ], [ -118.302860100043887, 32.788850711196382 ], [ -118.288796099851041, 32.820833715584477 ], [ -118.310355105804703, 32.859509718175431 ], [ -118.448875136363725, 32.9617547224777 ], [ -118.523739156833869, 33.059976730164628 ], [ -118.57834916720131, 33.086247730342095 ] ] ], [ [ [ -119.500953336649033, 33.329111707359395 ], [ -119.588166350638403, 33.326975702846823 ], [ -119.625956354855447, 33.30504069775936 ], [ -119.636314354202511, 33.273044694059386 ], [ -119.611483346273928, 33.212737689453604 ], [ -119.56933533712774, 33.184619687937044 ], [ -119.478757320353964, 33.163674690495576 ], [ -119.37594930607311, 33.19219069927793 ], [ -119.360145307284498, 33.234877704655766 ], [ -119.375950311617643, 33.264760707345388 ], [ -119.500953336649033, 33.329111707359395 ] ] ], [ [ [ -118.585832202919548, 33.530884779453558 ], [ -118.644070211214739, 33.521288775160428 ], [ -118.666731212815336, 33.493494770662799 ], [ -118.665931210637567, 33.467338767616958 ], [ -118.618586198308762, 33.406195763163218 ], [ -118.547941184764909, 33.376803764470424 ], [ -118.540861179596106, 33.325092758529273 ], [ -118.510398171771882, 33.289663756460747 ], [ -118.328005137591148, 33.248087761614109 ], [ -118.250915127144026, 33.280469768909235 ], [ -118.241063128694989, 33.313033773836757 ], [ -118.251391133136721, 33.353401777813502 ], [ -118.324665152482424, 33.441987783352751 ], [ -118.46897318186177, 33.513003783931524 ], [ -118.585832202919548, 33.530884779453558 ] ] ], [ [ [ -119.008079272996412, 33.537559756471374 ], [ -119.108730288194366, 33.519268749049886 ], [ -119.11896128803032, 33.500026746683488 ], [ -119.107227286387896, 33.500027747370012 ], [ -119.108891282263684, 33.451155741924268 ], [ -119.094140278516747, 33.426876740107161 ], [ -119.053083270296383, 33.411028740920479 ], [ -118.978493259791165, 33.431110746943133 ], [ -118.966030263014673, 33.500027755072324 ], [ -119.008079272996412, 33.537559756471374 ] ] ], [ [ [ -120.346513536562142, 34.136680744987068 ], [ -120.411043548645424, 34.160082743648701 ], [ -120.471666555674034, 34.13410673753733 ], [ -120.538130567579458, 34.150348735218714 ], [ -120.572521571743678, 34.130254730876466 ], [ -120.581560569491032, 34.091492726785766 ], [ -120.559397564084776, 34.062380725300876 ], [ -120.52339955760155, 34.051137725760839 ], [ -120.518796553797117, 34.014084722278028 ], [ -120.488163545827149, 33.984287721071311 ], [ -120.367085525218471, 33.961040725539888 ], [ -120.298985515062469, 33.968461730644691 ], [ -120.221140496137451, 33.88419172624571 ], [ -120.12597647694399, 33.842352726921682 ], [ -119.939202452340467, 33.898647743894145 ], [ -119.904774449823265, 33.939678750087857 ], [ -119.834432435422514, 33.900792750019654 ], [ -119.707503416156598, 33.910392757524569 ], [ -119.636742406612044, 33.938281764526003 ], [ -119.538961391602143, 33.94766077098037 ], [ -119.49230238734097, 33.983219777721366 ], [ -119.432973375271231, 33.955909777834279 ], [ -119.37717736600959, 33.954395781155547 ], [ -119.318455358015456, 33.974903786298704 ], [ -119.294059357023784, 34.011085791826552 ], [ -119.305165362252509, 34.047453794942875 ], [ -119.342474370199781, 34.068968795318355 ], [ -119.467854390239012, 34.062935787215551 ], [ -119.565534409655783, 34.108813786934874 ], [ -119.614280416378335, 34.099436783316314 ], [ -119.654943420703589, 34.071222777364589 ], [ -119.750993439779734, 34.112586776241812 ], [ -119.792613446111829, 34.106379773859857 ], [ -119.913376466938033, 34.130152769429088 ], [ -119.965483473743305, 34.112564763838243 ], [ -119.991655474015488, 34.064872757829363 ], [ -120.045166484602063, 34.090610757233193 ], [ -120.252858514868095, 34.058035742573949 ], [ -120.346513536562142, 34.136680744987068 ] ] ], [ [ [ -122.93972428542726, 37.71535490087674 ], [ -122.987427298140602, 37.763874901281412 ], [ -123.033854306332458, 37.778379899746582 ], [ -123.081659318258076, 37.818155899071868 ], [ -123.126127324460242, 37.82166889620914 ], [ -123.169120327837462, 37.792369890380748 ], [ -123.162764321304195, 37.743537886975773 ], [ -123.132610313904138, 37.719397887399985 ], [ -123.09286330732003, 37.713692890262536 ], [ -123.063591297686187, 37.667320887924255 ], [ -123.027166290002157, 37.645225888819986 ], [ -122.986760283754066, 37.641787892117449 ], [ -122.954889280741, 37.65835289524334 ], [ -122.93972428542726, 37.71535490087674 ] ] ], [ [ [ -122.343342786241976, 42.008809272936162 ], [ -124.328849078591688, 41.998339092712314 ], [ -124.288592067907217, 41.96956909522077 ], [ -124.291953062043405, 41.928503092549761 ], [ -124.276134055523286, 41.903057091647291 ], [ -124.285045049716118, 41.859492088181987 ], [ -124.401256070526173, 41.885593079715477 ], [ -124.435029070463131, 41.856512074672558 ], [ -124.438923065576603, 41.824509072287874 ], [ -124.392069050948123, 41.772382073271359 ], [ -124.21172001078304, 41.681198083895843 ], [ -124.209799002765607, 41.635210080987896 ], [ -124.185003988771271, 41.565774078277364 ], [ -124.160506981611647, 41.543414079400236 ], [ -124.133244960385554, 41.432316074769794 ], [ -124.13998695324463, 41.381826070890178 ], [ -124.206528963324843, 41.384723064815361 ], [ -124.242433962143878, 41.343305059139603 ], [ -124.220045952712979, 41.302999058677173 ], [ -124.160717941936866, 41.28929806339066 ], [ -124.195545930748366, 41.184587053210144 ], [ -124.237638934297124, 41.165964048371698 ], [ -124.252487931029151, 41.134080045053764 ], [ -124.227092913948837, 41.046627041192536 ], [ -124.182707900806463, 41.001318041754104 ], [ -124.197632895577968, 40.95053403793662 ], [ -124.232635888280313, 40.869291029595516 ], [ -124.403380874964313, 40.613174998009306 ], [ -124.48055685842408, 40.428497978496665 ], [ -124.428068841891999, 40.361789978810258 ], [ -124.428235826671923, 40.258125972170902 ], [ -124.411039819773549, 40.225279971163353 ], [ -124.23121777581062, 40.093386977051082 ], [ -124.153775760578, 40.063548981407536 ], [ -124.133268749148982, 39.999869979336708 ], [ -124.078609736808374, 39.972267981609271 ], [ -123.900983685587505, 39.780470982853053 ], [ -123.895754675275455, 39.71141097818419 ], [ -123.857196664599584, 39.674697979111826 ], [ -123.834662643944384, 39.549198971720656 ], [ -123.875139642865122, 39.494183964486332 ], [ -123.894949626088348, 39.348353952600249 ], [ -123.840784596719814, 39.187339944901822 ], [ -123.761978566410093, 39.041095940409946 ], [ -123.763161562990945, 39.008694938436996 ], [ -123.79723056543132, 38.989867934018569 ], [ -123.809873562931472, 38.961223931109082 ], [ -123.784689551234877, 38.893732928314584 ], [ -123.641266513839128, 38.764398929929285 ], [ -123.510593484824909, 38.680894933864771 ], [ -123.360942442099642, 38.510206931952688 ], [ -123.22023341299726, 38.44195893778793 ], [ -123.164770398312157, 38.388341937526953 ], [ -123.134325388531266, 38.345790936598817 ], [ -123.134536382375842, 38.296267932341955 ], [ -123.049630360222054, 38.21429093267858 ], [ -123.014830347767969, 38.149136930202843 ], [ -123.085143340836822, 38.008437914106743 ], [ -123.067978332274407, 37.958673911635685 ], [ -122.95323731368687, 37.941097918492737 ], [ -122.889304307874184, 37.974113925842474 ], [ -122.766784277477598, 37.865808925612932 ], [ -122.715858267254305, 37.845629927963223 ], [ -122.675667261725337, 37.848521931413913 ], [ -122.588187242052825, 37.789366932709846 ], [ -122.567510221403097, 37.639189922152404 ], [ -122.588190218016877, 37.579412915534022 ], [ -122.574976206488515, 37.499944909993253 ], [ -122.547009197494035, 37.457861908595632 ], [ -122.50990219034766, 37.441558909923991 ], [ -122.467018173667938, 37.349893905027599 ], [ -122.484059164908402, 37.249948895507679 ], [ -122.464130154041499, 37.177852890948508 ], [ -122.396929136627335, 37.109892890111688 ], [ -122.376099128573784, 37.065652888260345 ], [ -122.313912118264923, 37.054768891601185 ], [ -122.251095101261186, 36.985837889561203 ], [ -122.076412067425693, 36.91020389581719 ], [ -122.001137027302732, 36.647708878066318 ], [ -122.04406302662322, 36.578253868623023 ], [ -121.981055000729555, 36.419638859487044 ], [ -121.957678983706202, 36.285121849409059 ], [ -121.880205964722606, 36.210318847266187 ], [ -121.727824932737263, 36.129013849959058 ], [ -121.674371918207228, 36.064665848019196 ], [ -121.631830903735093, 35.978949842749401 ], [ -121.561473888853399, 35.943822844839289 ], [ -121.501059869779994, 35.842749838802497 ], [ -121.393472845724489, 35.763405838825555 ], [ -121.366374833964997, 35.680423832761647 ], [ -121.323524821824719, 35.624973830031635 ], [ -121.201567799377543, 35.583694834229007 ], [ -121.151068784749171, 35.516416831235524 ], [ -121.041647758830905, 35.419994828758085 ], [ -120.933304738923965, 35.392752833062808 ], [ -120.923447733743245, 35.348417829984882 ], [ -120.961265730673247, 35.249979817589306 ], [ -120.917804717619376, 35.187382814431864 ], [ -120.800423692812245, 35.116581815292726 ], [ -120.689618674023009, 35.098832820280911 ], [ -120.694727668444159, 35.028843813256039 ], [ -120.734394663212811, 34.901503797763091 ], [ -120.720331658023895, 34.869245796254141 ], [ -120.67329364793359, 34.838628795227486 ], [ -120.702105644812519, 34.748333785403538 ], [ -120.664703634482635, 34.696348781921515 ], [ -120.713341631531577, 34.574964767665364 ], [ -120.684541623066167, 34.527135764134201 ], [ -120.55945159983294, 34.48847076799666 ], [ -120.523658587949853, 34.419509763067154 ], [ -120.456027574952401, 34.391489764402827 ], [ -120.147292528588778, 34.422920785413645 ], [ -120.024368508520041, 34.409347791239298 ], [ -119.8915334824501, 34.35746179404331 ], [ -119.797079468522142, 34.365335800146148 ], [ -119.716141452750392, 34.336112801396411 ], [ -119.651369444578705, 34.366712808429945 ], [ -119.584807433271635, 34.361664811916974 ], [ -119.334899382502371, 34.236869813131968 ], [ -119.285755366515914, 34.140809806030973 ], [ -119.218005348949077, 34.062495801788039 ], [ -119.158975337549194, 34.040257802489066 ], [ -118.88731328844014, 33.987227811947605 ], [ -118.814764273990178, 33.947218812093134 ], [ -118.727471262079689, 33.980311820549957 ], [ -118.557368234010056, 33.987677830691567 ], [ -118.447266204654809, 33.848764822377966 ], [ -118.48449520722815, 33.803158814758362 ], [ -118.485589203556643, 33.753668809473943 ], [ -118.466974197741479, 33.725528807434991 ], [ -118.319147168539402, 33.659551808130828 ], [ -118.274251161180374, 33.663433811087636 ], [ -118.237020156971212, 33.6905998161795 ], [ -118.125912138497014, 33.697155823195459 ], [ -118.04986011983344, 33.620019818385359 ], [ -117.816368070373343, 33.490876816332722 ], [ -117.741421051342797, 33.410122811262333 ], [ -117.71358304698559, 33.408781812820244 ], [ -117.571543015004053, 33.312306809317853 ], [ -117.467882990264116, 33.212498803331961 ], [ -117.375883963837083, 33.075221791940876 ], [ -117.323290942335419, 32.903068774813406 ], [ -117.342011940981166, 32.840358765895729 ], [ -117.309250922289067, 32.656405746094912 ], [ -117.268800912563094, 32.619419744147805 ], [ -117.223313905348235, 32.621242746194312 ], [ -117.20492889503204, 32.528836735769843 ], [ -114.719644466766098, 32.718767884323249 ], [ -114.764393469302618, 32.642670872208996 ], [ -114.808673476290664, 32.619161867431856 ], [ -114.799748473092194, 32.592181863977125 ], [ -114.814006472828964, 32.562205859315029 ], [ -114.793235470349359, 32.569463861438564 ], [ -114.791562468473614, 32.557027860197017 ], [ -114.81362446844193, 32.494280850537841 ], [ -111.074835680492754, 31.332243864619979 ], [ -109.050054269257956, 31.332506953467522 ], [ -109.045233709694187, 36.999089774973115 ], [ -114.050611711850706, 37.000401450534454 ], [ -114.04173533911613, 41.993725992876186 ], [ -121.000853573677503, 41.993241391187375 ], [ -122.343342786241976, 42.008809272936162 ] ] ] ] } }
]
}
